version 2
JvmtiExport can_access_local_variables 0
JvmtiExport can_hotswap_or_post_breakpoint 1
JvmtiExport can_post_on_exceptions 0
# 607 ciObject found
instanceKlass org/eclipse/jdt/internal/compiler/lookup/LookupEnvironment
ciInstanceKlass java/lang/Cloneable 1 0 7 100 1 100 1 1 1
# instanceKlass java/lang/invoke/LambdaForm$MH+0x000001c5104cc000
instanceKlass org/eclipse/jdt/internal/compiler/ast/UnlikelyArgumentCheck
instanceKlass  @bci org/eclipse/jdt/internal/compiler/lookup/InferenceContext18 addJDK_8153748ConstraintsFromFunctionalExpr (Lorg/eclipse/jdt/internal/compiler/ast/FunctionalExpression;Lorg/eclipse/jdt/internal/compiler/lookup/TypeBinding;Lorg/eclipse/jdt/internal/compiler/lookup/MethodBinding;)Lorg/eclipse/jdt/internal/compiler/lookup/ReductionResult; 71 <appendix> member <vmtarget> ; # org/eclipse/jdt/internal/compiler/lookup/InferenceContext18$$Lambda+0x000001c5104c1ad0
instanceKlass  @bci org/eclipse/jdt/internal/compiler/lookup/InferenceContext18 addJDK_8153748ConstraintsFromFunctionalExpr (Lorg/eclipse/jdt/internal/compiler/ast/FunctionalExpression;Lorg/eclipse/jdt/internal/compiler/lookup/TypeBinding;Lorg/eclipse/jdt/internal/compiler/lookup/MethodBinding;)Lorg/eclipse/jdt/internal/compiler/lookup/ReductionResult; 41 <appendix> member <vmtarget> ; # org/eclipse/jdt/internal/compiler/lookup/InferenceContext18$$Lambda+0x000001c5104c18a8
instanceKlass org/eclipse/jdt/internal/compiler/lookup/ParameterizedGenericMethodBinding$LingeringTypeVariableEliminator
instanceKlass org/eclipse/jdt/internal/compiler/lookup/InferenceContext18$1
instanceKlass org/eclipse/jdt/internal/compiler/util/Sorting$1
instanceKlass org/eclipse/jdt/internal/compiler/lookup/InferenceContext18$3
instanceKlass  @bci org/eclipse/jdt/internal/compiler/lookup/InferenceContext18 addJDK_8153748ConstraintsFromFunctionalExpr (Lorg/eclipse/jdt/internal/compiler/ast/FunctionalExpression;Lorg/eclipse/jdt/internal/compiler/lookup/TypeBinding;Lorg/eclipse/jdt/internal/compiler/lookup/MethodBinding;)Lorg/eclipse/jdt/internal/compiler/lookup/ReductionResult; 26 <appendix> member <vmtarget> ; # org/eclipse/jdt/internal/compiler/lookup/InferenceContext18$$Lambda+0x000001c5104c3150
instanceKlass org/eclipse/jdt/internal/compiler/lookup/InferenceContext18$InferenceOperation
instanceKlass org/eclipse/jdt/internal/compiler/lookup/InferenceContext18$2
instanceKlass  @bci org/eclipse/jdt/internal/compiler/lookup/ParamngeterizedTypeBinding capture (Lorg/eclipse/jdt/internal/compiler/lookup/Scope;II)Lorg/eclipse/jdt/internal/compiler/lookup/ParameterizedTypeBinding; 163 <appendix> member <vmtarget> ; # org/eclipse/jdt/internal/compiler/lookup/ParameterizedTypeBinding$$Lambda+0x000001c5104c2a80
instanceKlass  @bci org/eclipse/jdt/internal/compiler/lookup/InferenceContext18 collectDependencies (Lorg/eclipse/jdt/internal/compiler/lookup/BoundSet;Z[Z)Ljava/util/Map; 270 <appendix> argL0 ; # org/eclipse/jdt/internal/compiler/lookup/InferenceContext18$$Lambda+0x000001c5104c2840
instanceKlass org/eclipse/jdt/internal/compiler/lookup/InferenceContext18$SuspendedInferenceRecord
instanceKlass  @bci org/eclipse/jdt/internal/compiler/lookup/Scope greaterLowerBound ([Lorg/eclipse/jdt/internal/compiler/lookup/TypeBinding;Lorg/eclipse/jdt/internal/compiler/lookup/Scope;Lorg/eclipse/jdt/internal/compiler/lookup/LookupEnvironment;)[Lorg/eclipse/jdt/internal/compiler/lookup/TypeBinding; 7 <appendix> argL0 ; # org/eclipse/jdt/internal/compiler/lookup/Scope$$Lambda+0x000001c5104c23f0
instanceKlass  @bci org/eclipse/jdt/internal/compiler/lookup/ReferenceBinding getFunctionalInterfaceAbstractContracts (Lorg/eclipse/jdt/internal/compiler/lookup/Scope;Z)[Lorg/eclipse/jdt/internal/compiler/lookup/MethodBinding; 252 <appendix> argL0 ; # org/eclipse/jdt/internal/compiler/lookup/ReferenceBinding$$Lambda+0x000001c5104c7738
instanceKlass  @bci org/eclipse/jdt/internal/compiler/lookup/ReferenceBinding getFunctionalInterfaceAbstractContracts (Lorg/eclipse/jdt/internal/compiler/lookup/Scope;Z)[Lorg/eclipse/jdt/internal/compiler/lookup/MethodBinding; 242 <appendix> argL0 ; # org/eclipse/jdt/internal/compiler/lookup/ReferenceBinding$$Lambda+0x000001c5104c74e8
instanceKlass  @bci java/util/stream/SortedOps$RefSortingSink end ()V 48 <appendix> member <vmtarget> ; # java/util/stream/SortedOps$RefSortingSink$$Lambda+0x000001c5103709c8
instanceKlass  @bci java/util/stream/StreamSpliterators$WrappingSpliterator forEachRemaining (Ljava/util/function/Consumer;)V 33 <appendix> member <vmtarget> ; # java/util/stream/StreamSpliterators$WrappingSpliterator$$Lambda+0x000001c510370718
instanceKlass  @bci org/eclipse/jdt/internal/compiler/lookup/ReferenceBinding getFunctionalInterfaceAbstractContracts (Lorg/eclipse/jdt/internal/compiler/lookup/Scope;Z)[Lorg/eclipse/jdt/internal/compiler/lookup/MethodBinding; 40 <appendix> argL0 ; # org/eclipse/jdt/internal/compiler/lookup/ReferenceBinding$$Lambda+0x000001c5104c72c8
instanceKlass  @bci org/eclipse/jdt/internal/compiler/lookup/ReferenceBinding getFunctionalInterfaceAbstractContracts (Lorg/eclipse/jdt/internal/compiler/lookup/Scope;Z)[Lorg/eclipse/jdt/internal/compiler/lookup/MethodBinding; 30 <appendix> argL0 ; # org/eclipse/jdt/internal/compiler/lookup/ReferenceBinding$$Lambda+0x000001c5104c7030
instanceKlass  @bci org/eclipse/jdt/internal/compiler/lookup/ReferenceBinding collateFunctionalInterfaceContracts (Lorg/eclipse/jdt/internal/compiler/lookup/Scope;ZLjava/util/Set;)Ljava/util/stream/Stream; 47 <appendix> member <vmtarget> ; # org/eclipse/jdt/internal/compiler/lookup/ReferenceBinding$$Lambda+0x000001c5104c6de8
instanceKlass  @cpi org/eclipse/jdt/internal/compiler/lookup/ReferenceBinding 1649 form vmentry <vmtarget> ; # java/lang/invoke/LambdaForm$DMH+0x000001c5104c0800
instanceKlass  @bci org/eclipse/jdt/internal/compiler/lookup/ReferenceBinding collateFunctionalInterfaceContracts (Lorg/eclipse/jdt/internal/compiler/lookup/Scope;ZLjava/util/Set;)Ljava/util/stream/Stream; 34 <appendix> member <vmtarget> ; # org/eclipse/jdt/internal/compiler/lookup/ReferenceBinding$$Lambda+0x000001c5104c6b90
instanceKlass  @bci org/eclipse/jdt/internal/compiler/lookup/ReferenceBinding collateFunctionalInterfaceContracts (Lorg/eclipse/jdt/internal/compiler/lookup/Scope;ZLjava/util/Set;)Ljava/util/stream/Stream; 19 <appendix> member <vmtarget> ; # org/eclipse/jdt/internal/compiler/lookup/ReferenceBinding$$Lambda+0x000001c5104c6938
instanceKlass  @bci org/eclipse/jdt/internal/compiler/lookup/BoundSet incorporate (Lorg/eclipse/jdt/internal/compiler/lookup/InferenceContext18;[Lorg/eclipse/jdt/internal/compiler/lookup/TypeBound;[Lorg/eclipse/jdt/internal/compiler/lookup/TypeBound;)Z 1338 <appendix> member <vmtarget> ; # org/eclipse/jdt/internal/compiler/lookup/BoundSet$$Lambda+0x000001c5104c6310
instanceKlass  @bci java/util/stream/Collectors mapMerger (Ljava/util/function/BinaryOperator;)Ljava/util/function/BinaryOperator; 1 <appendix> member <vmtarget> ; # java/util/stream/Collectors$$Lambda+0x000001c5103704c8
instanceKlass  @bci java/util/stream/Collectors toMap (Ljava/util/function/Function;Ljava/util/function/Function;Ljava/util/function/BinaryOperator;Ljava/util/function/Supplier;)Ljava/util/stream/Collector; 3 <appendix> member <vmtarget> ; # java/util/stream/Collectors$$Lambda+0x000001c510370290
instanceKlass  @bci java/util/stream/Collectors toMap (Ljava/util/function/Function;Ljava/util/function/Function;Ljava/util/function/BinaryOperator;)Ljava/util/stream/Collector; 3 <appendix> argL0 ; # java/util/stream/Collectors$$Lambda+0x000001c510370070
instanceKlass  @bci org/eclipse/jdt/internal/compiler/lookup/BoundSet properTypesByInferenceVariable ([Lorg/eclipse/jdt/internal/compiler/lookup/TypeBound;[Lorg/eclipse/jdt/internal/compiler/lookup/TypeBound;)Ljava/util/Map; 34 <appendix> argL0 ; # org/eclipse/jdt/internal/compiler/lookup/BoundSet$$Lambda+0x000001c5104c60c8
instanceKlass  @bci java/util/function/Function identity ()Ljava/util/function/Function; 0 <appendix> argL0 ; # java/util/function/Function$$Lambda+0x000001c51036fe30
instanceKlass  @bci org/eclipse/jdt/internal/compiler/lookup/BoundSet properTypesByInferenceVariable ([Lorg/eclipse/jdt/internal/compiler/lookup/TypeBound;[Lorg/eclipse/jdt/internal/compiler/lookup/TypeBound;)Ljava/util/Map; 26 <appendix> argL0 ; # org/eclipse/jdt/internal/compiler/lookup/BoundSet$$Lambda+0x000001c5104c5e88
instanceKlass  @bci org/eclipse/jdt/internal/compiler/lookup/BoundSet properTypesByInferenceVariable ([Lorg/eclipse/jdt/internal/compiler/lookup/TypeBound;[Lorg/eclipse/jdt/internal/compiler/lookup/TypeBound;)Ljava/util/Map; 16 <appendix> argL0 ; # org/eclipse/jdt/internal/compiler/lookup/BoundSet$$Lambda+0x000001c5104c5c38
instanceKlass  @bci org/eclipse/jdt/internal/compiler/lookup/BoundSet properTypesByInferenceVariable ([Lorg/eclipse/jdt/internal/compiler/lookup/TypeBound;[Lorg/eclipse/jdt/internal/compiler/lookup/TypeBound;)Ljava/util/Map; 6 <appendix> argL0 ; # org/eclipse/jdt/internal/compiler/lookup/BoundSet$$Lambda+0x000001c5104c59e8
instanceKlass org/eclipse/jdt/internal/compiler/lookup/BoundSet$ThreeSets
instanceKlass  @bci org/eclipse/jdt/internal/compiler/lookup/InferenceContext18 resolve ([Lorg/eclipse/jdt/internal/compiler/lookup/InferenceVariable;ZZ)Lorg/eclipse/jdt/internal/compiler/lookup/BoundSet; 89 <appendix> member <vmtarget> ; # org/eclipse/jdt/internal/compiler/lookup/InferenceContext18$$Lambda+0x000001c5104c54f0
instanceKlass org/eclipse/jdt/internal/compiler/lookup/InferenceVariable$InferenceVarKey
instanceKlass org/eclipse/jdt/internal/compiler/lookup/BoundSet
instanceKlass org/eclipse/jdt/internal/compiler/lookup/ParameterizedMethodBinding$1
instanceKlass  @bci org/eclipse/jdt/internal/compiler/ast/CaseStatement peeledLabelExpressions ()[Lorg/eclipse/jdt/internal/compiler/ast/Expression; 80 <appendix> argL0 ; # org/eclipse/jdt/internal/compiler/ast/CaseStatement$$Lambda+0x000001c5104a3a50
# instanceKlass java/lang/invoke/LambdaForm$MH+0x000001c5104c0400
# instanceKlass java/lang/invoke/LambdaForm$DMH+0x000001c5104c0000
instanceKlass lombok/eclipse/agent/PatchExtensionMethod$PostponedInvalidMethodError
# instanceKlass java/lang/invoke/LambdaForm$MH+0x000001c5104bbc00
# instanceKlass java/lang/invoke/LambdaForm$MH+0x000001c5104bb800
# instanceKlass java/lang/invoke/LambdaForm$MH+0x000001c5104bb400
# instanceKlass java/lang/invoke/LambdaForm$MH+0x000001c5104bb000
# instanceKlass java/lang/invoke/LambdaForm$MH+0x000001c5104bac00
# instanceKlass java/lang/invoke/LambdaForm$MH+0x000001c5104ba800
# instanceKlass java/lang/invoke/LambdaForm$MH+0x000001c5104ba400
instanceKlass org/eclipse/jdt/internal/compiler/lookup/CapturingContext
instanceKlass  @bci java/lang/String stripIndent ()Ljava/lang/String; 73 <appendix> member <vmtarget> ; # java/lang/String$$Lambda+0x000001c51036fbf0
instanceKlass  @cpi java/lang/String 1431 form vmentry <vmtarget> ; # java/lang/invoke/LambdaForm$DMH+0x000001c5104ba000
instanceKlass java/lang/StringLatin1$LinesSpliterator
# instanceKlass java/lang/invoke/LambdaForm$MH+0x000001c5104b9c00
# instanceKlass java/lang/invoke/LambdaForm$MH+0x000001c5104b9800
# instanceKlass java/lang/invoke/LambdaForm$MH+0x000001c5104b9400
# instanceKlass java/lang/invoke/LambdaForm$MH+0x000001c5104b9000
instanceKlass lombok/Setter$AnyAnnotation
instanceKlass lombok/Getter$AnyAnnotation
instanceKlass org/eclipse/lsp4j/DiagnosticRelatedInformation
instanceKlass org/eclipse/lsp4j/DiagnosticCodeDescription
instanceKlass org/eclipse/lsp4j/Diagnostic
instanceKlass  @bci org/eclipse/jdt/ls/core/internal/handlers/BaseDiagnosticsHandler collectNonJavaProblems (Ljava/util/List;Z)V 54 <appendix> argL0 ; # org/eclipse/jdt/ls/core/internal/handlers/BaseDiagnosticsHandler$$Lambda+0x000001c5104b6680
# instanceKlass java/lang/invoke/LambdaForm$MH+0x000001c5104b8c00
# instanceKlass java/lang/invoke/LambdaForm$MH+0x000001c5104b8800
# instanceKlass java/lang/invoke/LambdaForm$MH+0x000001c5104b8400
# instanceKlass java/lang/invoke/LambdaForm$MH+0x000001c5104b8000
# instanceKlass java/lang/invoke/LambdaForm$MH+0x000001c5104b5c00
instanceKlass lombok/AllArgsConstructor$AnyAnnotation
instanceKlass lombok/NoArgsConstructor$AnyAnnotation
instanceKlass lombok/Builder$ObtainVia
instanceKlass lombok/Singular
instanceKlass lombok/eclipse/handlers/HandleBuilder$BuilderFieldData
instanceKlass org/eclipse/jdt/internal/compiler/parser/TypeConverter
# instanceKlass java/lang/invoke/LambdaForm$MH+0x000001c5104b5800
# instanceKlass java/lang/invoke/LambdaForm$MH+0x000001c5104b5400
instanceKlass org/eclipse/jdt/ls/core/internal/handlers/FoldingRangeHandler
instanceKlass  @bci org/eclipse/jdt/ls/core/internal/syntaxserver/SyntaxLanguageServer foldingRange (Lorg/eclipse/lsp4j/FoldingRangeRequestParams;)Ljava/util/concurrent/CompletableFuture; 9 <appendix> member <vmtarget> ; # org/eclipse/jdt/ls/core/internal/syntaxserver/SyntaxLanguageServer$$Lambda+0x000001c5104b6228
instanceKlass java/time/LocalDate$1
instanceKlass java/time/ZonedDateTime$1
instanceKlass java/util/Formatter$DateTime
instanceKlass java/util/logging/Level$RbAccess
instanceKlass  @bci java/util/logging/LogRecord inferCaller ()V 18 <appendix> member <vmtarget> ; # java/util/logging/LogRecord$$Lambda+0x000001c51036ea78
instanceKlass java/lang/StackStreamFactory$FrameBuffer
instanceKlass java/lang/StackStreamFactory
instanceKlass  @bci java/util/logging/LogRecord$CallerFinder get ()Ljava/util/Optional; 4 <appendix> member <vmtarget> ; # java/util/logging/LogRecord$CallerFinder$$Lambda+0x000001c51036d278
instanceKlass  @bci java/util/logging/LogRecord$CallerFinder <clinit> ()V 0 <appendix> argL0 ; # java/util/logging/LogRecord$CallerFinder$$Lambda+0x000001c51036d058
instanceKlass java/util/logging/LogRecord$CallerFinder
instanceKlass java/util/logging/LogManager$CloseOnReset
instanceKlass java/util/logging/StreamHandler$1
instanceKlass java/util/logging/Handler$1
instanceKlass java/util/logging/ErrorManager
instanceKlass jdk/internal/logger/SimpleConsoleLogger$Formatting
instanceKlass  @bci java/util/logging/SimpleFormatter <init> ()V 5 <appendix> argL0 ; # java/util/logging/SimpleFormatter$$Lambda+0x000001c51036c130
instanceKlass java/util/logging/Formatter
instanceKlass java/time/Clock
instanceKlass java/time/InstantSource
instanceKlass java/util/logging/LogRecord
instanceKlass com/google/gson/internal/bind/NumberTypeAdapter$2
# instanceKlass java/lang/invoke/LambdaForm$MH+0x000001c5104b5000
# instanceKlass java/lang/invoke/LambdaForm$MH+0x000001c5104b4c00
# instanceKlass java/lang/invoke/LambdaForm$MH+0x000001c5104b4800
# instanceKlass java/lang/invoke/LambdaForm$MH+0x000001c5104b4400
instanceKlass  @bci org/eclipse/jdt/ls/core/internal/semantictokens/SemanticTokensVisitor visit (Lorg/eclipse/jdt/core/dom/TypeDeclaration;)Z 20 <appendix> member <vmtarget> ; # org/eclipse/jdt/ls/core/internal/semantictokens/SemanticTokensVisitor$$Lambda+0x000001c5104b6000
instanceKlass  @cpi org/eclipse/jdt/ls/core/internal/semantictokens/SemanticTokensVisitor 684 form vmentry <vmtarget> ; # java/lang/invoke/LambdaForm$DMH+0x000001c5104b4000
instanceKlass org/eclipse/jdt/ls/core/internal/semantictokens/SemanticTokensVisitor$ScannerTokenVisitor
instanceKlass org/eclipse/jdt/core/dom/PackageBinding
instanceKlass org/eclipse/jdt/core/dom/RecoveredTypeBinding
instanceKlass org/eclipse/jdt/ls/core/internal/semantictokens/SemanticTokensVisitor$SemanticToken
instanceKlass  @bci org/eclipse/jdt/ls/core/internal/semantictokens/SemanticTokensVisitor addTokenToSimpleNamesOfName (Lorg/eclipse/jdt/core/dom/Name;Lorg/eclipse/jdt/ls/core/internal/semantictokens/TokenType;)V 4 <appendix> member <vmtarget> ; # org/eclipse/jdt/ls/core/internal/semantictokens/SemanticTokensVisitor$$Lambda+0x000001c5104338a8
instanceKlass org/eclipse/jdt/ls/core/internal/semantictokens/SemanticTokensVisitor$NodeVisitor
instanceKlass org/eclipse/jdt/internal/core/util/PublicScanner
instanceKlass org/eclipse/jdt/core/compiler/ITerminalSymbols
instanceKlass org/eclipse/jdt/core/util/IClassFileReader
instanceKlass org/eclipse/jdt/core/util/IClassFileDisassembler
instanceKlass org/eclipse/jdt/core/ICodeFormatter
instanceKlass org/eclipse/jdt/core/util/ClassFileBytesDisassembler
instanceKlass org/eclipse/jdt/core/compiler/IScanner
instanceKlass org/eclipse/jdt/core/ToolFactory
instanceKlass org/eclipse/jdt/internal/corext/dom/TypeBindingVisitor
instanceKlass org/eclipse/jdt/internal/corext/dom/ASTNodes
instanceKlass org/eclipse/jdt/core/dom/DefaultCommentMapper
instanceKlass org/eclipse/jdt/core/dom/ASTNode$NodeList$Cursor
instanceKlass org/eclipse/jdt/internal/compiler/util/HashtableOfObjectToTokenArray
# instanceKlass java/lang/invoke/LambdaForm$MH+0x000001c5104a1c00
instanceKlass org/eclipse/jdt/core/dom/TypeBinding
instanceKlass org/eclipse/jdt/internal/core/ReconcileWorkingCopyOperation$1
instanceKlass org/eclipse/jdt/core/compiler/ReconcileContext
# instanceKlass java/lang/invoke/LambdaForm$MH+0x000001c5104a1800
# instanceKlass java/lang/invoke/LambdaForm$MH+0x000001c5104a1400
# instanceKlass java/lang/invoke/LambdaForm$MH+0x000001c5104a1000
instanceKlass org/eclipse/jdt/apt/core/util/AptPreferenceConstants
instanceKlass org/eclipse/jdt/apt/core/internal/generatedfile/GeneratedResourceChangeListener
instanceKlass org/eclipse/jdt/apt/core/util/IFactoryPath
instanceKlass org/eclipse/jdt/apt/core/util/AptConfig
instanceKlass javax/annotation/processing/Processor
instanceKlass lombok/eclipse/agent/PatchValEclipse
instanceKlass com/google/gson/JsonParser
instanceKlass lombok/eclipse/agent/PatchValEclipsePortal$Reflection
# instanceKlass java/lang/invoke/LambdaForm$MH+0x000001c510499c00
# instanceKlass java/lang/invoke/LambdaForm$MH+0x000001c510499800
instanceKlass lombok/eclipse/agent/PatchValEclipsePortal
instanceKlass lombok/launch/PatchFixesHider$ValPortal
instanceKlass org/eclipse/jdt/core/dom/PrefixExpression$Operator
instanceKlass org/eclipse/jdt/core/dom/Assignment$Operator
instanceKlass org/eclipse/jdt/core/dom/VariableBinding
# instanceKlass java/lang/invoke/LambdaForm$MH+0x000001c510499400
# instanceKlass java/lang/invoke/LambdaForm$MH+0x000001c510499000
instanceKlass org/eclipse/jdt/core/dom/MethodBinding
instanceKlass  @bci org/eclipse/jdt/core/dom/ASTConverter convert (Lorg/eclipse/jdt/internal/compiler/ast/Javadoc;Lorg/eclipse/jdt/core/dom/BodyDeclaration;)V 19 <appendix> member <vmtarget> ; # org/eclipse/jdt/core/dom/ASTConverter$$Lambda+0x000001c51049e528
instanceKlass  @bci org/eclipse/jdt/core/dom/ASTConverter convert (Lorg/eclipse/jdt/internal/compiler/ast/Javadoc;Lorg/eclipse/jdt/core/dom/BodyDeclaration;)V 8 <appendix> member <vmtarget> ; # org/eclipse/jdt/core/dom/ASTConverter$$Lambda+0x000001c51049e300
instanceKlass org/eclipse/jdt/core/dom/AnnotationBinding
instanceKlass org/eclipse/jdt/core/dom/DefaultBindingResolver$AnnotationIdentityBinding
instanceKlass  @bci org/eclipse/jdt/core/dom/ASTConverter convert (Lorg/eclipse/jdt/internal/compiler/ast/Javadoc;Lorg/eclipse/jdt/core/dom/PackageDeclaration;)V 31 <appendix> member <vmtarget> ; # org/eclipse/jdt/core/dom/ASTConverter$$Lambda+0x000001c51049d3d0
instanceKlass  @bci org/eclipse/jdt/core/dom/ASTConverter convert (Lorg/eclipse/jdt/internal/compiler/ast/Javadoc;Lorg/eclipse/jdt/core/dom/PackageDeclaration;)V 20 <appendix> member <vmtarget> ; # org/eclipse/jdt/core/dom/ASTConverter$$Lambda+0x000001c51049d1a8
instanceKlass lombok/eclipse/agent/PatchDiagnostics
instanceKlass org/eclipse/jdt/apt/core/internal/AptCompilationParticipantExtensionFactory
instanceKlass lombok/eclipse/EcjAugments
# instanceKlass java/lang/invoke/LambdaForm$MH+0x000001c510498400
instanceKlass org/eclipse/jdt/core/dom/Message
# instanceKlass java/lang/invoke/LambdaForm$MH+0x000001c510498000
# instanceKlass java/lang/invoke/LambdaForm$MH+0x000001c51048e400
instanceKlass org/eclipse/jdt/core/dom/IMethodBinding
instanceKlass org/eclipse/jdt/internal/core/util/Util$BindingsToNodesMap
instanceKlass org/eclipse/jdt/internal/core/JavaModelManager$CompilationParticipants$1
instanceKlass org/eclipse/jdt/core/dom/IMemberValuePairBinding
instanceKlass org/eclipse/jdt/core/compiler/CompilationParticipant
instanceKlass org/eclipse/jdt/core/dom/IAnnotationBinding
instanceKlass org/eclipse/jdt/core/dom/IVariableBinding
instanceKlass org/eclipse/jdt/internal/core/JavaModelManager$CompilationParticipants$2
instanceKlass org/eclipse/jdt/core/dom/IModuleBinding
instanceKlass org/eclipse/jdt/core/dom/IPackageBinding
instanceKlass org/eclipse/jdt/core/dom/ITypeBinding
instanceKlass org/eclipse/jdt/core/dom/DefaultBindingResolver$BindingTables
# instanceKlass org/eclipse/jdt/internal/compiler/ClassFile$$Lambda+0x000001c510497b08
instanceKlass  @bci org/eclipse/jdt/internal/compiler/ClassFile completeMethodInfo (Lorg/eclipse/jdt/internal/compiler/lookup/MethodBinding;II)V 437 <appendix> member <vmtarget> ; # org/eclipse/jdt/internal/compiler/ClassFile$$Lambda+0x000001c5104978e0
instanceKlass  @bci org/eclipse/jdt/internal/compiler/ClassFile completeMethodInfo (Lorg/eclipse/jdt/internal/compiler/lookup/MethodBinding;II)V 430 <appendix> member <vmtarget> ; # org/eclipse/jdt/internal/compiler/ClassFile$$Lambda+0x000001c510497690
instanceKlass org/eclipse/jdt/internal/compiler/codegen/StackMapFrameCodeStream$FramePosition
instanceKlass org/eclipse/jdt/internal/compiler/codegen/CachedIndexEntry
# instanceKlass org/eclipse/jdt/internal/compiler/lookup/Scope$$Lambda+0x000001c510496c10
instanceKlass  @bci org/eclipse/jdt/internal/compiler/lookup/Scope initializeCommonTypeBindings ()Ljava/util/Map; 515 <appendix> member <vmtarget> ; # org/eclipse/jdt/internal/compiler/lookup/Scope$$Lambda+0x000001c5104969e8
instanceKlass  @bci org/eclipse/jdt/internal/compiler/lookup/Scope initializeCommonTypeBindings ()Ljava/util/Map; 492 <appendix> member <vmtarget> ; # org/eclipse/jdt/internal/compiler/lookup/Scope$$Lambda+0x000001c5104967c0
# instanceKlass org/eclipse/jdt/internal/compiler/lookup/Scope$$Lambda+0x000001c510496598
# instanceKlass org/eclipse/jdt/internal/compiler/lookup/Scope$$Lambda+0x000001c510496370
instanceKlass  @bci org/eclipse/jdt/internal/compiler/lookup/Scope initializeCommonTypeBindings ()Ljava/util/Map; 469 <appendix> member <vmtarget> ; # org/eclipse/jdt/internal/compiler/lookup/Scope$$Lambda+0x000001c510496148
instanceKlass  @bci org/eclipse/jdt/internal/compiler/lookup/Scope initializeCommonTypeBindings ()Ljava/util/Map; 446 <appendix> member <vmtarget> ; # org/eclipse/jdt/internal/compiler/lookup/Scope$$Lambda+0x000001c510495f20
instanceKlass  @bci org/eclipse/jdt/internal/compiler/lookup/Scope initializeCommonTypeBindings ()Ljava/util/Map; 423 <appendix> member <vmtarget> ; # org/eclipse/jdt/internal/compiler/lookup/Scope$$Lambda+0x000001c510495cf8
instanceKlass  @bci org/eclipse/jdt/internal/compiler/lookup/Scope initializeCommonTypeBindings ()Ljava/util/Map; 400 <appendix> member <vmtarget> ; # org/eclipse/jdt/internal/compiler/lookup/Scope$$Lambda+0x000001c510495ad0
instanceKlass  @bci org/eclipse/jdt/internal/compiler/lookup/Scope initializeCommonTypeBindings ()Ljava/util/Map; 377 <appendix> member <vmtarget> ; # org/eclipse/jdt/internal/compiler/lookup/Scope$$Lambda+0x000001c510495680
# instanceKlass org/eclipse/jdt/internal/compiler/lookup/Scope$$Lambda+0x000001c5104958a8
# instanceKlass org/eclipse/jdt/internal/compiler/lookup/Scope$$Lambda+0x000001c510495458
instanceKlass  @bci org/eclipse/jdt/internal/compiler/lookup/Scope initializeCommonTypeBindings ()Ljava/util/Map; 354 <appendix> member <vmtarget> ; # org/eclipse/jdt/internal/compiler/lookup/Scope$$Lambda+0x000001c510495230
instanceKlass  @bci org/eclipse/jdt/internal/compiler/lookup/Scope initializeCommonTypeBindings ()Ljava/util/Map; 331 <appendix> member <vmtarget> ; # org/eclipse/jdt/internal/compiler/lookup/Scope$$Lambda+0x000001c510495008
# instanceKlass org/eclipse/jdt/internal/compiler/lookup/Scope$$Lambda+0x000001c510494de0
instanceKlass  @bci org/eclipse/jdt/internal/compiler/lookup/Scope initializeCommonTypeBindings ()Ljava/util/Map; 308 <appendix> member <vmtarget> ; # org/eclipse/jdt/internal/compiler/lookup/Scope$$Lambda+0x000001c510494bb8
instanceKlass  @bci org/eclipse/jdt/internal/compiler/lookup/Scope initializeCommonTypeBindings ()Ljava/util/Map; 285 <appendix> member <vmtarget> ; # org/eclipse/jdt/internal/compiler/lookup/Scope$$Lambda+0x000001c510494990
# instanceKlass org/eclipse/jdt/internal/compiler/lookup/Scope$$Lambda+0x000001c510493ec8
# instanceKlass org/eclipse/jdt/internal/compiler/lookup/Scope$$Lambda+0x000001c510494768
instanceKlass  @bci org/eclipse/jdt/internal/compiler/lookup/Scope initializeCommonTypeBindings ()Ljava/util/Map; 262 <appendix> member <vmtarget> ; # org/eclipse/jdt/internal/compiler/lookup/Scope$$Lambda+0x000001c510494540
instanceKlass  @bci org/eclipse/jdt/internal/compiler/lookup/Scope initializeCommonTypeBindings ()Ljava/util/Map; 239 <appendix> member <vmtarget> ; # org/eclipse/jdt/internal/compiler/lookup/Scope$$Lambda+0x000001c510494318
instanceKlass  @bci org/eclipse/jdt/internal/compiler/lookup/Scope initializeCommonTypeBindings ()Ljava/util/Map; 216 <appendix> member <vmtarget> ; # org/eclipse/jdt/internal/compiler/lookup/Scope$$Lambda+0x000001c5104940f0
# instanceKlass org/eclipse/jdt/internal/compiler/lookup/Scope$$Lambda+0x000001c510493ca0
instanceKlass  @bci org/eclipse/jdt/internal/compiler/lookup/Scope initializeCommonTypeBindings ()Ljava/util/Map; 193 <appendix> member <vmtarget> ; # org/eclipse/jdt/internal/compiler/lookup/Scope$$Lambda+0x000001c510493a78
# instanceKlass org/eclipse/jdt/internal/compiler/lookup/Scope$$Lambda+0x000001c510493850
instanceKlass  @bci org/eclipse/jdt/internal/compiler/lookup/Scope initializeCommonTypeBindings ()Ljava/util/Map; 170 <appendix> member <vmtarget> ; # org/eclipse/jdt/internal/compiler/lookup/Scope$$Lambda+0x000001c510493628
# instanceKlass org/eclipse/jdt/internal/compiler/lookup/Scope$$Lambda+0x000001c5104931d8
instanceKlass  @bci org/eclipse/jdt/internal/compiler/lookup/Scope initializeCommonTypeBindings ()Ljava/util/Map; 147 <appendix> member <vmtarget> ; # org/eclipse/jdt/internal/compiler/lookup/Scope$$Lambda+0x000001c510493400
instanceKlass  @bci org/eclipse/jdt/internal/compiler/lookup/Scope initializeCommonTypeBindings ()Ljava/util/Map; 124 <appendix> member <vmtarget> ; # org/eclipse/jdt/internal/compiler/lookup/Scope$$Lambda+0x000001c510492fb0
instanceKlass  @bci org/eclipse/jdt/internal/compiler/lookup/Scope initializeCommonTypeBindings ()Ljava/util/Map; 101 <appendix> member <vmtarget> ; # org/eclipse/jdt/internal/compiler/lookup/Scope$$Lambda+0x000001c510492d88
instanceKlass  @bci org/eclipse/jdt/internal/compiler/lookup/Scope initializeCommonTypeBindings ()Ljava/util/Map; 78 <appendix> member <vmtarget> ; # org/eclipse/jdt/internal/compiler/lookup/Scope$$Lambda+0x000001c510492b60
instanceKlass  @bci org/eclipse/jdt/internal/compiler/lookup/Scope initializeCommonTypeBindings ()Ljava/util/Map; 55 <appendix> member <vmtarget> ; # org/eclipse/jdt/internal/compiler/lookup/Scope$$Lambda+0x000001c510492938
# instanceKlass org/eclipse/jdt/internal/compiler/lookup/Scope$$Lambda+0x000001c510492710
instanceKlass  @bci org/eclipse/jdt/internal/compiler/lookup/Scope initializeCommonTypeBindings ()Ljava/util/Map; 32 <appendix> member <vmtarget> ; # org/eclipse/jdt/internal/compiler/lookup/Scope$$Lambda+0x000001c5104924e8
# instanceKlass org/eclipse/jdt/internal/compiler/ClassFile$$Lambda+0x000001c5104922c0
# instanceKlass org/eclipse/jdt/internal/compiler/ClassFile$$Lambda+0x000001c510492070
instanceKlass  @bci org/eclipse/jdt/internal/compiler/ClassFile addFieldAttributes (Lorg/eclipse/jdt/internal/compiler/lookup/FieldBinding;I)I 220 <appendix> member <vmtarget> ; # org/eclipse/jdt/internal/compiler/ClassFile$$Lambda+0x000001c510491e48
instanceKlass  @bci org/eclipse/jdt/internal/compiler/ClassFile addFieldAttributes (Lorg/eclipse/jdt/internal/compiler/lookup/FieldBinding;I)I 213 <appendix> member <vmtarget> ; # org/eclipse/jdt/internal/compiler/ClassFile$$Lambda+0x000001c510491bf8
instanceKlass org/eclipse/jdt/internal/compiler/util/HashtableOfInteger
instanceKlass org/eclipse/jdt/internal/compiler/codegen/CharArrayCache
instanceKlass org/eclipse/jdt/internal/compiler/codegen/OperandStack
instanceKlass org/eclipse/jdt/internal/compiler/ast/NullAnnotationMatching
instanceKlass lombok/eclipse/agent/PatchExtensionMethod$Reflection
# instanceKlass java/lang/invoke/LambdaForm$MH+0x000001c51048e000
# instanceKlass java/lang/invoke/LambdaForm$MH+0x000001c51048dc00
# instanceKlass java/lang/invoke/LambdaForm$MH+0x000001c51048d800
# instanceKlass java/lang/invoke/LambdaForm$MH+0x000001c51048d400
instanceKlass lombok/eclipse/agent/PatchExtensionMethod$PostponedError
instanceKlass lombok/eclipse/agent/PatchExtensionMethod
instanceKlass lombok/launch/PatchFixesHider$ExtensionMethod
instanceKlass lombok/launch/PatchFixesHider$PatchFixes
instanceKlass org/eclipse/jdt/internal/compiler/lookup/InferenceContext18
# instanceKlass java/lang/invoke/LambdaForm$MH+0x000001c51048d000
# instanceKlass java/lang/invoke/LambdaForm$MH+0x000001c51048cc00
# instanceKlass java/lang/invoke/LambdaForm$MH+0x000001c51048c800
# instanceKlass java/lang/invoke/LambdaForm$MH+0x000001c51048c400
# instanceKlass java/lang/invoke/LambdaForm$DMH+0x000001c51048c000
instanceKlass lombok/launch/PatchFixesHider$Val
instanceKlass org/eclipse/jdt/internal/compiler/ast/SwitchExpression$Results
instanceKlass org/eclipse/jdt/internal/compiler/ast/CaseStatement$LabelExpression
instanceKlass org/eclipse/jdt/internal/compiler/util/Sorting
instanceKlass org/eclipse/jdt/internal/compiler/ast/SwitchStatement$SwitchTranslator
instanceKlass org/eclipse/jdt/internal/compiler/lookup/ElementValuePair$UnresolvedEnumConstant
instanceKlass org/eclipse/jdt/internal/compiler/env/ClassSignature
instanceKlass org/eclipse/jdt/internal/compiler/env/EnumConstantSignature
# instanceKlass java/lang/invoke/LambdaForm$MH+0x000001c51047a400
instanceKlass org/eclipse/jdt/internal/core/ClassFileInfo$1
instanceKlass org/eclipse/jdt/internal/compiler/classfmt/TypeAnnotationWalker
instanceKlass lombok/eclipse/agent/PatchVal
instanceKlass org/eclipse/jdt/internal/compiler/DefaultErrorHandlingPolicies$5
instanceKlass  @bci org/eclipse/jdt/internal/compiler/parser/Scanner$Goal <clinit> ()V 468 <appendix> argL0 ; # org/eclipse/jdt/internal/compiler/parser/Scanner$Goal$$Lambda+0x000001c51046f3c8
instanceKlass java/util/stream/Nodes$IntArrayNode
instanceKlass java/util/stream/Node$Builder$OfInt
instanceKlass  @bci java/util/stream/IntPipeline toArray ()[I 1 <appendix> argL0 ; # java/util/stream/IntPipeline$$Lambda+0x000001c510369d98
instanceKlass  @bci org/eclipse/jdt/internal/compiler/parser/Scanner$Goal <clinit> ()V 444 <appendix> argL0 ; # org/eclipse/jdt/internal/compiler/parser/Scanner$Goal$$Lambda+0x000001c51046eac8
instanceKlass org/eclipse/jdt/internal/compiler/parser/Scanner$Goal
# instanceKlass org/eclipse/jdt/internal/compiler/lookup/LookupEnvironment$$Lambda+0x000001c51046e100
instanceKlass  @bci org/eclipse/jdt/internal/compiler/lookup/LookupEnvironment askForType ([[CLorg/eclipse/jdt/internal/compiler/lookup/ModuleBinding;)Lorg/eclipse/jdt/internal/compiler/lookup/ReferenceBinding; 48 <appendix> member <vmtarget> ; # org/eclipse/jdt/internal/compiler/lookup/LookupEnvironment$$Lambda+0x000001c51046deb8
# instanceKlass java/lang/invoke/LambdaForm$MH+0x000001c51047a000
instanceKlass lombok/RequiredArgsConstructor$AnyAnnotation
# instanceKlass java/lang/invoke/LambdaForm$MH+0x000001c510479c00
# instanceKlass java/lang/invoke/LambdaForm$MH+0x000001c510479800
# instanceKlass java/lang/invoke/LambdaForm$MH+0x000001c510479400
# instanceKlass java/lang/invoke/LambdaForm$MH+0x000001c510479000
instanceKlass lombok/eclipse/handlers/HandleLog
instanceKlass org/eclipse/jdt/internal/compiler/env/AccessRuleSet
instanceKlass lombok/eclipse/EcjAugments$EclipseAugments
instanceKlass lombok/core/handlers/LoggingFramework
instanceKlass org/eclipse/jdt/internal/core/JavaModelManager$17
instanceKlass org/eclipse/jdt/internal/compiler/lookup/ExtendedTagBits
instanceKlass lombok/eclipse/agent/PatchDelegate$EclipseOnlyMethods
# instanceKlass java/lang/invoke/LambdaForm$MH+0x000001c510478c00
# instanceKlass java/lang/invoke/LambdaForm$MH+0x000001c510478800
# instanceKlass java/lang/invoke/LambdaForm$MH+0x000001c510478400
# instanceKlass java/lang/invoke/LambdaForm$MH+0x000001c510478000
instanceKlass lombok/eclipse/agent/PatchDelegatePortal$Reflection
instanceKlass lombok/eclipse/agent/PatchDelegate$BindingTuple
instanceKlass org/eclipse/jdt/core/dom/InfixExpression$Operator
instanceKlass org/eclipse/jdt/core/dom/ModuleModifier$ModuleModifierKeyword
instanceKlass org/eclipse/jdt/core/dom/PrimitiveType$Code
instanceKlass org/eclipse/jdt/core/dom/ASTConverter$ISetJavaDoc
instanceKlass org/eclipse/jdt/core/dom/ASTConverter$IGetJavaDoc
instanceKlass lombok/eclipse/agent/PatchDelegate
instanceKlass lombok/eclipse/agent/PatchDelegatePortal
instanceKlass lombok/launch/PatchFixesHider$Delegate
instanceKlass org/eclipse/jdt/internal/compiler/lookup/TypeSystem$HashedParameterizedTypes$PTBKey
instanceKlass org/eclipse/jdt/internal/compiler/lookup/AnnotationHolder
instanceKlass  @bci org/eclipse/jdt/internal/compiler/lookup/LookupEnvironment getTypeArgumentsFromSignature (Lorg/eclipse/jdt/internal/compiler/lookup/SignatureWrapper;[Lorg/eclipse/jdt/internal/compiler/lookup/TypeVariableBinding;Lorg/eclipse/jdt/internal/compiler/lookup/ReferenceBinding;Lorg/eclipse/jdt/internal/compiler/lookup/ReferenceBinding;[[[CLorg/eclipse/jdt/internal/compiler/env/ITypeAnnotationWalker;)[Lorg/eclipse/jdt/internal/compiler/lookup/TypeBinding; 72 <appendix> argL0 ; # org/eclipse/jdt/internal/compiler/lookup/LookupEnvironment$$Lambda+0x000001c51046c1f8
instanceKlass org/eclipse/jdt/internal/compiler/lookup/SignatureWrapper
instanceKlass org/eclipse/jdt/internal/compiler/env/ITypeAnnotationWalker$1
instanceKlass org/eclipse/jdt/internal/compiler/lookup/LookupEnvironment$GlobalDataMemento
instanceKlass org/eclipse/jdt/internal/compiler/classfmt/ElementValuePairInfo
instanceKlass org/eclipse/jdt/internal/compiler/classfmt/JavaBinaryNames
instanceKlass org/eclipse/jdt/internal/compiler/codegen/ConstantPool
instanceKlass org/eclipse/jdt/internal/compiler/classfmt/ClassFileConstants
instanceKlass org/eclipse/jdt/internal/compiler/env/IBinaryElementValuePair
instanceKlass org/eclipse/jdt/internal/core/nd/java/model/BinaryTypeDescriptor
instanceKlass org/eclipse/jdt/internal/core/nd/util/CharArrayUtils
instanceKlass  @bci org/eclipse/jdt/internal/core/NameLookup findType (Ljava/lang/String;Ljava/lang/String;ZIZZZLorg/eclipse/core/runtime/IProgressMonitor;[Lorg/eclipse/jdt/core/IPackageFragmentRoot;I)Lorg/eclipse/jdt/internal/core/NameLookup$Answer; 286 <appendix> member <vmtarget> ; # org/eclipse/jdt/internal/core/NameLookup$$Lambda+0x000001c510467930
# instanceKlass org/eclipse/jdt/internal/core/NameLookup$$Lambda+0x000001c5104676e8
instanceKlass org/eclipse/jdt/internal/core/JavadocContents
instanceKlass org/eclipse/jdt/internal/core/IJavadocContents
instanceKlass org/eclipse/jdt/internal/core/ExternalJavadocSupport
instanceKlass org/eclipse/jdt/internal/core/SingleTypeRequestor
# instanceKlass org/eclipse/jdt/internal/compiler/lookup/CompilationUnitScope$$Lambda+0x000001c51045c6a0
instanceKlass  @bci org/eclipse/jdt/internal/compiler/lookup/CompilationUnitScope checkAndSetImports ()V 280 <appendix> member <vmtarget> ; # org/eclipse/jdt/internal/compiler/lookup/CompilationUnitScope$$Lambda+0x000001c51045c448
# instanceKlass java/util/function/Predicate$$Lambda+0x000001c510369638
instanceKlass  @bci java/util/function/Predicate negate ()Ljava/util/function/Predicate; 1 <appendix> member <vmtarget> ; # java/util/function/Predicate$$Lambda+0x000001c5103693e0
# instanceKlass java/lang/invoke/LambdaForm$DMH+0x000001c510460400
instanceKlass  @cpi java/util/function/Predicate 75 form vmentry <vmtarget> ; # java/lang/invoke/LambdaForm$DMH+0x000001c510460000
instanceKlass  @bci org/eclipse/jdt/internal/compiler/lookup/CompilationUnitScope checkAndSetImports ()V 265 <appendix> argL0 ; # org/eclipse/jdt/internal/compiler/lookup/CompilationUnitScope$$Lambda+0x000001c51045c1f8
instanceKlass org/eclipse/jdt/internal/compiler/classfmt/ExternalAnnotationDecorator$ZipFileProducer
# instanceKlass org/eclipse/jdt/internal/compiler/lookup/ModuleBinding$$Lambda+0x000001c510457b48
instanceKlass  @bci org/eclipse/jdt/internal/compiler/lookup/ModuleBinding collectTransitiveDependencies (Ljava/util/Set;)V 6 <appendix> member <vmtarget> ; # org/eclipse/jdt/internal/compiler/lookup/ModuleBinding$$Lambda+0x000001c510457910
# instanceKlass org/eclipse/jdt/internal/compiler/lookup/ModuleBinding$$Lambda+0x000001c5104574b0
instanceKlass  @bci org/eclipse/jdt/internal/compiler/lookup/ModuleBinding lambda$6 ()Ljava/util/Collection; 15 <appendix> argL0 ; # org/eclipse/jdt/internal/compiler/lookup/ModuleBinding$$Lambda+0x000001c5104576e0
instanceKlass  @bci org/eclipse/jdt/internal/compiler/lookup/ModuleBinding lambda$6 ()Ljava/util/Collection; 10 <appendix> argL0 ; # org/eclipse/jdt/internal/compiler/lookup/ModuleBinding$$Lambda+0x000001c510457280
instanceKlass  @bci org/eclipse/jdt/internal/compiler/lookup/ModuleBinding lambda$6 ()Ljava/util/Collection; 5 <appendix> argL0 ; # org/eclipse/jdt/internal/compiler/lookup/ModuleBinding$$Lambda+0x000001c510457060
# instanceKlass org/eclipse/jdt/internal/compiler/lookup/ModuleBinding$$Lambda+0x000001c5104568f0
# instanceKlass org/eclipse/jdt/internal/compiler/lookup/ModuleBinding$$Lambda+0x000001c5104566c8
instanceKlass  @bci org/eclipse/jdt/internal/compiler/lookup/ModuleBinding dependencyCollector ()Ljava/util/function/Supplier; 1 <appendix> member <vmtarget> ; # org/eclipse/jdt/internal/compiler/lookup/ModuleBinding$$Lambda+0x000001c5104564a0
instanceKlass  @bci org/eclipse/jdt/internal/compiler/lookup/LookupEnvironment askForType (Lorg/eclipse/jdt/internal/compiler/lookup/PackageBinding;[CLorg/eclipse/jdt/internal/compiler/lookup/ModuleBinding;)Lorg/eclipse/jdt/internal/compiler/lookup/ReferenceBinding; 63 <appendix> member <vmtarget> ; # org/eclipse/jdt/internal/compiler/lookup/LookupEnvironment$$Lambda+0x000001c510456060
instanceKlass org/eclipse/jdt/internal/compiler/env/NameEnvironmentAnswer
instanceKlass org/eclipse/jdt/core/dom/ASTConverter
instanceKlass org/eclipse/jdt/internal/compiler/env/ITypeAnnotationWalker
instanceKlass org/eclipse/jdt/internal/compiler/util/CharArrayHashMap
instanceKlass org/eclipse/jdt/internal/compiler/lookup/BinaryTypeBinding$VariableBindingInitialization
instanceKlass org/eclipse/jdt/internal/core/NameLookup$Answer
instanceKlass  @bci org/eclipse/jdt/internal/core/NameLookup seekModule ([CZLorg/eclipse/jdt/internal/core/IJavaElementRequestor;)V 161 <appendix> member <vmtarget> ; # org/eclipse/jdt/internal/core/NameLookup$$Lambda+0x000001c510451860
instanceKlass  @bci org/eclipse/jdt/internal/core/NameLookup seekModule ([CZLorg/eclipse/jdt/internal/core/IJavaElementRequestor;)V 46 <appendix> argL0 ; # org/eclipse/jdt/internal/core/NameLookup$$Lambda+0x000001c510451640
# instanceKlass org/eclipse/jdt/internal/core/NameLookup$$Lambda+0x000001c510451420
instanceKlass org/eclipse/jdt/internal/core/NameLookup$IPrefixMatcherCharArray
instanceKlass org/eclipse/jdt/internal/core/JavaElementRequestor
instanceKlass org/eclipse/jdt/internal/compiler/util/SimpleSetOfCharArray
instanceKlass org/eclipse/jdt/internal/compiler/util/HashtableOfType
# instanceKlass org/eclipse/jdt/internal/compiler/lookup/ModuleBinding$$Lambda+0x000001c51044efb0
instanceKlass  @bci org/eclipse/jdt/internal/compiler/lookup/ModuleBinding combineWithPackagesFromOtherRelevantModules (Lorg/eclipse/jdt/internal/compiler/lookup/PackageBinding;[[C[[C)Lorg/eclipse/jdt/internal/compiler/lookup/PackageBinding; 20 <appendix> member <vmtarget> ; # org/eclipse/jdt/internal/compiler/lookup/ModuleBinding$$Lambda+0x000001c51044ed68
# instanceKlass org/eclipse/jdt/internal/compiler/lookup/ModuleBinding$$Lambda+0x000001c51044eb18
instanceKlass  @bci org/eclipse/jdt/internal/compiler/lookup/ModuleBinding otherRelevantModules ([[C)Ljava/util/List; 43 <appendix> argL0 ; # org/eclipse/jdt/internal/compiler/lookup/ModuleBinding$$Lambda+0x000001c51044e8c8
instanceKlass  @bci org/eclipse/jdt/internal/compiler/lookup/ModuleBinding otherRelevantModules ([[C)Ljava/util/List; 33 <appendix> member <vmtarget> ; # org/eclipse/jdt/internal/compiler/lookup/ModuleBinding$$Lambda+0x000001c51044e680
instanceKlass  @bci org/eclipse/jdt/internal/compiler/lookup/ModuleBinding otherRelevantModules ([[C)Ljava/util/List; 22 <appendix> argL0 ; # org/eclipse/jdt/internal/compiler/lookup/ModuleBinding$$Lambda+0x000001c51044e430
# instanceKlass org/eclipse/jdt/internal/core/SearchableEnvironment$$Lambda+0x000001c510450900
instanceKlass  @bci org/eclipse/jdt/internal/core/SearchableEnvironment getModuleDescription ([Lorg/eclipse/jdt/core/IPackageFragmentRoot;)Lorg/eclipse/jdt/core/IModuleDescription; 56 <appendix> member <vmtarget> ; # org/eclipse/jdt/internal/core/SearchableEnvironment$$Lambda+0x000001c5104506b8
instanceKlass  @bci org/eclipse/jdt/internal/compiler/env/IModuleAwareNameEnvironment$LookupStrategy matches (Ljava/lang/Object;Ljava/util/function/Predicate;)Z 3 <appendix> argL0 ; # org/eclipse/jdt/internal/compiler/env/IModuleAwareNameEnvironment$LookupStrategy$$Lambda+0x000001c51044e1e0
instanceKlass  @bci org/eclipse/jdt/internal/core/SearchableEnvironment getModulesDeclaringPackage ([[C[C)[[C 332 <appendix> member <vmtarget> ; # org/eclipse/jdt/internal/core/SearchableEnvironment$$Lambda+0x000001c510450460
# instanceKlass org/eclipse/jdt/internal/core/SearchableEnvironment$$Lambda+0x000001c510450220
instanceKlass  @bci org/eclipse/jdt/internal/core/SearchableEnvironment getModulesDeclaringPackage ([[C[C)[[C 28 <appendix> argL0 ; # org/eclipse/jdt/internal/core/SearchableEnvironment$$Lambda+0x000001c510450000
instanceKlass  @bci org/eclipse/jdt/internal/core/SearchableEnvironment getModulesDeclaringPackage ([[C[C)[[C 18 <appendix> argL0 ; # org/eclipse/jdt/internal/core/SearchableEnvironment$$Lambda+0x000001c510445bb0
instanceKlass org/eclipse/jdt/internal/compiler/impl/CompilerStats
instanceKlass org/eclipse/jdt/internal/compiler/util/HashtableOfModule
instanceKlass org/eclipse/jdt/internal/compiler/lookup/TypeSystem$HashedParameterizedTypes
instanceKlass org/eclipse/jdt/internal/compiler/ClassFilePool
instanceKlass org/eclipse/jdt/internal/compiler/util/CharArrayMap
instanceKlass org/eclipse/jdt/internal/compiler/util/CharDelegateMap
instanceKlass org/eclipse/jdt/internal/compiler/util/CharArrayMapper
instanceKlass org/eclipse/jdt/internal/compiler/lookup/ImplicitNullAnnotationVerifier
instanceKlass org/eclipse/jdt/internal/compiler/lookup/TypeSystem
instanceKlass org/eclipse/jdt/core/dom/CompilationUnitResolver$2
instanceKlass org/eclipse/jdt/internal/compiler/lookup/LookupEnvironment
instanceKlass org/eclipse/jdt/core/dom/CompilationUnitResolver$1
instanceKlass org/eclipse/jdt/internal/compiler/lookup/ProblemReasons
instanceKlass org/eclipse/jdt/internal/core/CompilationUnitProblemFinder$1
instanceKlass org/eclipse/jdt/internal/compiler/DefaultErrorHandlingPolicies$4
instanceKlass  @bci org/eclipse/jdt/internal/core/SearchableEnvironment <init> (Lorg/eclipse/jdt/internal/core/JavaProject;[Lorg/eclipse/jdt/core/ICompilationUnit;ZI)V 149 <appendix> argL0 ; # org/eclipse/jdt/internal/core/SearchableEnvironment$$Lambda+0x000001c510445000
instanceKlass  @cpi org/eclipse/jdt/internal/core/SearchableEnvironment 1254 form vmentry <vmtarget> ; # java/lang/invoke/LambdaForm$DMH+0x000001c510444c00
instanceKlass org/eclipse/jdt/internal/core/ModuleUpdater
instanceKlass  @bci org/eclipse/jdt/internal/core/SearchableEnvironment <init> (Lorg/eclipse/jdt/internal/core/JavaProject;[Lorg/eclipse/jdt/core/ICompilationUnit;ZI)V 82 <appendix> member <vmtarget> ; # org/eclipse/jdt/internal/core/SearchableEnvironment$$Lambda+0x000001c510447b78
instanceKlass  @bci org/eclipse/jdt/internal/core/CompilationUnit getTypes ()[Lorg/eclipse/jdt/core/IType; 8 <appendix> argL0 ; # org/eclipse/jdt/internal/core/CompilationUnit$$Lambda+0x000001c510447958
instanceKlass org/eclipse/jdt/internal/core/util/HashtableOfArrayToObject
instanceKlass org/eclipse/jdt/internal/core/JavaProjectElementInfo$ProjectCache
instanceKlass  @bci org/eclipse/jdt/core/dom/ASTParser checkForSystemLibrary (Ljava/util/List;)V 49 <appendix> argL0 ; # org/eclipse/jdt/core/dom/ASTParser$$Lambda+0x000001c5104472e8
instanceKlass org/eclipse/jdt/internal/compiler/batch/FileSystem$Classpath
instanceKlass org/eclipse/jdt/internal/core/util/HashSetOfArray
instanceKlass org/eclipse/jdt/internal/compiler/batch/Main$ResourceBundleFactory
instanceKlass org/eclipse/jdt/internal/core/search/IRestrictedAccessConstructorRequestor
instanceKlass org/eclipse/jdt/internal/core/SearchableEnvironment
instanceKlass org/eclipse/jdt/core/search/IJavaSearchConstants
instanceKlass org/eclipse/jdt/internal/compiler/env/IModuleAwareNameEnvironment
instanceKlass org/eclipse/jdt/internal/compiler/ReadManager
instanceKlass org/eclipse/jdt/internal/core/JavaElementDeltaBuilder$ListItem
instanceKlass org/eclipse/jdt/internal/core/JavaElementDeltaBuilder
instanceKlass lombok/eclipse/agent/PatchValEclipse$Reflection
# instanceKlass java/lang/invoke/LambdaForm$MH+0x000001c510444800
# instanceKlass java/lang/invoke/LambdaForm$MH+0x000001c510444400
instanceKlass  @bci jdk/internal/reflect/MethodHandleIntegerFieldAccessorImpl getInt (Ljava/lang/Object;)I 11 <adapter> ; # java/lang/invoke/LambdaForm$MH+0x000001c510444000
instanceKlass org/eclipse/jdt/internal/compiler/batch/Main$Logger
instanceKlass org/eclipse/jdt/internal/compiler/batch/FileSystem$ClasspathSectionProblemReporter
instanceKlass org/eclipse/jdt/core/dom/Modifier$ModifierKeyword
instanceKlass org/eclipse/jdt/internal/compiler/batch/Main
instanceKlass org/eclipse/jdt/core/dom/IExtendedModifier
instanceKlass org/eclipse/jdt/internal/core/BasicCompilationUnit
instanceKlass org/eclipse/jdt/internal/core/JavaModelManager$ZipCache
instanceKlass  @bci org/eclipse/jdt/core/dom/ASTParser internalCreateAST (Lorg/eclipse/core/runtime/IProgressMonitor;)Lorg/eclipse/jdt/core/dom/ASTNode; 2 <appendix> member <vmtarget> ; # org/eclipse/jdt/core/dom/ASTParser$$Lambda+0x000001c510440200
instanceKlass org/eclipse/jdt/core/JavaCore$JavaCallable
instanceKlass org/eclipse/jdt/core/manipulation/CoreASTProvider$1
instanceKlass org/eclipse/jdt/core/dom/CompilationUnitResolver$ECJCompilationUnitResolver
instanceKlass lombok/eclipse/agent/PatchValEclipse
instanceKlass lombok/eclipse/agent/PatchValEclipsePortal$Reflection
instanceKlass org/eclipse/jdt/internal/core/INameEnvironmentWithProgress
instanceKlass org/eclipse/jdt/internal/compiler/env/INameEnvironmentExtension
# instanceKlass java/lang/invoke/LambdaForm$MH+0x000001c51043bc00
# instanceKlass java/lang/invoke/LambdaForm$MH+0x000001c51043b800
instanceKlass lombok/eclipse/agent/PatchValEclipsePortal
instanceKlass org/eclipse/jdt/internal/core/dom/ICompilationUnitResolver
instanceKlass lombok/launch/PatchFixesHider$ValPortal
instanceKlass org/eclipse/jdt/core/dom/CompilationUnitResolverDiscovery
instanceKlass org/eclipse/jdt/internal/core/dom/util/DOMASTUtil
instanceKlass org/eclipse/jdt/core/dom/ASTRequestor
instanceKlass org/eclipse/jdt/core/dom/ASTParser
instanceKlass org/eclipse/jdt/core/dom/BindingResolver
instanceKlass org/eclipse/jdt/core/dom/NodeEventHandler
instanceKlass org/eclipse/jdt/core/dom/AST
instanceKlass org/eclipse/jdt/internal/corext/dom/IASTSharedValues
instanceKlass  @bci org/eclipse/jdt/ls/core/internal/handlers/BaseDocumentLifeCycleHandler performValidation (Lorg/eclipse/core/runtime/IProgressMonitor;)Lorg/eclipse/core/runtime/IStatus; 209 <adapter> ; # java/lang/invoke/LambdaForm$MH+0x000001c51043b400
# instanceKlass java/lang/invoke/LambdaForm$DMH+0x000001c51043b000
instanceKlass  @bci org/eclipse/jdt/ls/core/internal/handlers/BaseDocumentLifeCycleHandler performValidation (Lorg/eclipse/core/runtime/IProgressMonitor;)Lorg/eclipse/core/runtime/IStatus; 209 <appendix> form vmentry <vmtarget> ; # java/lang/invoke/LambdaForm$MH+0x000001c51043ac00
instanceKlass  @bci org/eclipse/jdt/ls/core/internal/handlers/BaseDocumentLifeCycleHandler performValidation (Lorg/eclipse/core/runtime/IProgressMonitor;)Lorg/eclipse/core/runtime/IStatus; 209 <appendix> form names 4 function resolvedHandle form vmentry <vmtarget> ; # java/lang/invoke/LambdaForm$DMH+0x000001c51043a800
instanceKlass  @bci org/eclipse/jdt/ls/core/internal/handlers/BaseDocumentLifeCycleHandler performValidation (Lorg/eclipse/core/runtime/IProgressMonitor;)Lorg/eclipse/core/runtime/IStatus; 209 <appendix> argL3 form vmentry <vmtarget> ; # java/lang/invoke/LambdaForm$MH+0x000001c51043a400
# instanceKlass java/lang/invoke/LambdaForm$MH+0x000001c51043a000
# instanceKlass java/lang/invoke/LambdaForm$MH+0x000001c510439c00
# instanceKlass java/lang/invoke/LambdaForm$MH+0x000001c510439800
# instanceKlass java/lang/invoke/LambdaForm$MH+0x000001c510439400
instanceKlass  @bci org/eclipse/jdt/ls/core/internal/handlers/BaseDocumentLifeCycleHandler performValidation (Lorg/eclipse/core/runtime/IProgressMonitor;)Lorg/eclipse/core/runtime/IStatus; 209 <appendix> form names 8 function resolvedHandle form vmentry <vmtarget> ; # java/lang/invoke/LambdaForm$DMH+0x000001c510439000
instanceKlass  @bci org/eclipse/jdt/ls/core/internal/handlers/BaseDocumentLifeCycleHandler performValidation (Lorg/eclipse/core/runtime/IProgressMonitor;)Lorg/eclipse/core/runtime/IStatus; 209 <appendix> argL1 form vmentry <vmtarget> ; # java/lang/invoke/LambdaForm$MH+0x000001c510438c00
# instanceKlass java/lang/invoke/LambdaForm$MH+0x000001c510438800
# instanceKlass java/lang/invoke/LambdaForm$MH+0x000001c510438400
# instanceKlass java/lang/invoke/LambdaForm$MH+0x000001c510438000
instanceKlass org/eclipse/core/runtime/jobs/IJobStatus
instanceKlass  @bci org/eclipse/core/internal/jobs/JobManager reportBlocked (Lorg/eclipse/core/runtime/IProgressMonitor;Ljava/util/Collection;)V 6 <appendix> argL0 ; # org/eclipse/core/internal/jobs/JobManager$$Lambda+0x000001c510177018
instanceKlass org/eclipse/jdt/ls/core/internal/handlers/BaseDocumentLifeCycleHandler$DocumentMonitor
# instanceKlass org/eclipse/lsp4j/jsonrpc/json/adapters/CollectionTypeAdapter$Factory$$Lambda+0x000001c51031f7c8
instanceKlass  @bci org/eclipse/lsp4j/jsonrpc/json/adapters/CollectionTypeAdapter$Factory getConstructor (Ljava/lang/Class;)Ljava/util/function/Supplier; 10 <appendix> member <vmtarget> ; # org/eclipse/lsp4j/jsonrpc/json/adapters/CollectionTypeAdapter$Factory$$Lambda+0x000001c51031f5a0
instanceKlass  @bci org/eclipse/jdt/ls/core/internal/handlers/DocumentSymbolHandler documentSymbol (Lorg/eclipse/lsp4j/DocumentSymbolParams;Lorg/eclipse/core/runtime/IProgressMonitor;)Ljava/util/List; 57 <appendix> argL0 ; # org/eclipse/jdt/ls/core/internal/handlers/DocumentSymbolHandler$$Lambda+0x000001c510433248
instanceKlass  @bci org/eclipse/jdt/ls/core/internal/syntaxserver/SyntaxLanguageServer semanticTokensFull (Lorg/eclipse/lsp4j/SemanticTokensParams;)Ljava/util/concurrent/CompletableFuture; 9 <appendix> member <vmtarget> ; # org/eclipse/jdt/ls/core/internal/syntaxserver/SyntaxLanguageServer$$Lambda+0x000001c510433000
instanceKlass  @bci org/eclipse/jdt/ls/core/internal/handlers/DocumentSymbolHandler toDocumentSymbol (Lorg/eclipse/jdt/core/IJavaElement;Lorg/eclipse/jdt/core/ITypeRoot;Lorg/eclipse/core/runtime/IProgressMonitor;ZLjava/util/Set;)Lorg/eclipse/lsp4j/DocumentSymbol; 622 <appendix> argL0 ; # org/eclipse/jdt/ls/core/internal/handlers/DocumentSymbolHandler$$Lambda+0x000001c51034bbd0
# instanceKlass org/eclipse/jdt/ls/core/internal/handlers/DocumentSymbolHandler$$Lambda+0x000001c51034b980
instanceKlass  @bci org/eclipse/jdt/ls/core/internal/handlers/DocumentSymbolHandler toDocumentSymbol (Lorg/eclipse/jdt/core/IJavaElement;Lorg/eclipse/jdt/core/ITypeRoot;Lorg/eclipse/core/runtime/IProgressMonitor;ZLjava/util/Set;)Lorg/eclipse/lsp4j/DocumentSymbol; 612 <appendix> member <vmtarget> ; # org/eclipse/jdt/ls/core/internal/handlers/DocumentSymbolHandler$$Lambda+0x000001c51034b4f0
# instanceKlass org/eclipse/jdt/ls/core/internal/handlers/DocumentSymbolHandler$$Lambda+0x000001c51034b738
instanceKlass org/eclipse/jface/text/Position
instanceKlass org/eclipse/jface/text/DefaultPositionUpdater
instanceKlass org/eclipse/jface/text/Line
instanceKlass org/eclipse/jface/text/AbstractLineTracker$DelimiterInfo
# instanceKlass java/lang/invoke/LambdaForm$MH+0x000001c510432c00
instanceKlass org/eclipse/jface/text/AbstractLineTracker$SessionData
instanceKlass org/eclipse/jface/text/ListLineTracker
instanceKlass org/eclipse/jface/text/AbstractLineTracker
instanceKlass org/eclipse/jface/text/ILineTrackerExtension
instanceKlass org/eclipse/jface/text/CopyOnWriteTextStore$StringTextStore
instanceKlass org/eclipse/jface/text/GapTextStore
instanceKlass org/eclipse/jface/text/CopyOnWriteTextStore
instanceKlass org/eclipse/jface/text/ITextStore
instanceKlass org/eclipse/jdt/internal/core/JavaElementDelta$Key
instanceKlass org/eclipse/jface/text/ITypedRegion
instanceKlass org/eclipse/jface/text/IPositionUpdater
instanceKlass org/eclipse/jdt/internal/core/SimpleDelta
instanceKlass org/eclipse/jface/text/AbstractDocument
instanceKlass org/eclipse/jface/text/IRepairableDocumentExtension
instanceKlass org/eclipse/jface/text/IRepairableDocument
instanceKlass org/eclipse/jface/text/IDocumentExtension4
instanceKlass org/eclipse/jface/text/IDocumentExtension3
instanceKlass org/eclipse/jface/text/IDocumentExtension2
instanceKlass org/eclipse/jface/text/IDocumentExtension
instanceKlass org/eclipse/jdt/ls/core/internal/DocumentAdapter
instanceKlass org/eclipse/jface/text/IDocumentListener
# instanceKlass java/lang/invoke/LambdaForm$MH+0x000001c510432800
# instanceKlass java/lang/invoke/LambdaForm$MH+0x000001c510432400
instanceKlass org/eclipse/jdt/ls/core/internal/handlers/JsonRpcHelpers
# instanceKlass java/lang/invoke/LambdaForm$MH+0x000001c510432000
# instanceKlass java/lang/invoke/LambdaForm$MH+0x000001c510431c00
# instanceKlass java/lang/invoke/LambdaForm$MH+0x000001c510431800
# instanceKlass java/lang/invoke/LambdaForm$MH+0x000001c510431400
# instanceKlass java/lang/invoke/LambdaForm$MH+0x000001c510431000
# instanceKlass java/lang/invoke/LambdaForm$MH+0x000001c510430c00
# instanceKlass java/lang/invoke/LambdaForm$MH+0x000001c510430800
# instanceKlass java/lang/invoke/LambdaForm$MH+0x000001c510430400
# instanceKlass java/lang/invoke/LambdaForm$MH+0x000001c510430000
instanceKlass lombok/eclipse/Eclipse
instanceKlass lombok/core/AST
instanceKlass lombok/eclipse/handlers/EclipseHandlerUtil
instanceKlass lombok/core/FieldAugment
instanceKlass lombok/eclipse/EcjAugments$EclipseAugments
instanceKlass lombok/eclipse/agent/PatchDelegate$EclipseOnlyMethods
instanceKlass org/eclipse/osgi/util/TextProcessor
instanceKlass org/eclipse/jface/text/ILineTracker
instanceKlass org/eclipse/jdt/internal/core/manipulation/util/Strings
instanceKlass java/util/concurrent/locks/ReentrantReadWriteLock$Sync$HoldCounter
instanceKlass org/eclipse/jdt/internal/corext/util/JavaModelUtil
instanceKlass org/eclipse/jdt/internal/core/manipulation/JavaElementLabelComposerCore$FlexibleBufferCore
instanceKlass org/eclipse/jdt/internal/core/manipulation/JavaElementLabelComposerCore
instanceKlass lombok/eclipse/agent/PatchDelegatePortal$Reflection
instanceKlass org/eclipse/jdt/internal/core/manipulation/JavaElementLabelsCore
instanceKlass org/eclipse/jdt/internal/core/Buffer$1
# instanceKlass org/eclipse/jdt/ls/core/internal/handlers/DocumentSymbolHandler$$Lambda+0x000001c51034a400
instanceKlass  @bci org/eclipse/jdt/ls/core/internal/handlers/DocumentSymbolHandler getHierarchicalOutline (Lorg/eclipse/jdt/core/ITypeRoot;Lorg/eclipse/core/runtime/IProgressMonitor;Z)Ljava/util/List; 159 <appendix> argL0 ; # org/eclipse/jdt/ls/core/internal/handlers/DocumentSymbolHandler$$Lambda+0x000001c51034a1b0
# instanceKlass org/eclipse/jdt/ls/core/internal/handlers/DocumentSymbolHandler$$Lambda+0x000001c510349f68
instanceKlass  @bci org/eclipse/jdt/ls/core/internal/handlers/DocumentSymbolHandler getHierarchicalOutline (Lorg/eclipse/jdt/core/ITypeRoot;Lorg/eclipse/core/runtime/IProgressMonitor;Z)Ljava/util/List; 149 <appendix> member <vmtarget> ; # org/eclipse/jdt/ls/core/internal/handlers/DocumentSymbolHandler$$Lambda+0x000001c510349d20
# instanceKlass java/lang/invoke/LambdaForm$DMH+0x000001c510420400
instanceKlass  @cpi org/eclipse/jdt/ls/core/internal/handlers/DocumentSymbolHandler 729 form vmentry <vmtarget> ; # java/lang/invoke/LambdaForm$DMH+0x000001c510420000
instanceKlass org/eclipse/jdt/core/Flags
# instanceKlass org/eclipse/jdt/ls/core/internal/handlers/SymbolUtils$$Lambda+0x000001c510349b00
instanceKlass  @bci org/eclipse/jdt/ls/core/internal/handlers/SymbolUtils filter ([Lorg/eclipse/jdt/core/IJavaElement;)[Lorg/eclipse/jdt/core/IJavaElement; 14 <appendix> argL0 ; # org/eclipse/jdt/ls/core/internal/handlers/SymbolUtils$$Lambda+0x000001c5103498e0
# instanceKlass org/eclipse/jdt/ls/core/internal/handlers/SymbolUtils$$Lambda+0x000001c510349690
instanceKlass  @bci org/eclipse/jdt/ls/core/internal/handlers/SymbolUtils filter ([Lorg/eclipse/jdt/core/IJavaElement;)[Lorg/eclipse/jdt/core/IJavaElement; 4 <appendix> argL0 ; # org/eclipse/jdt/ls/core/internal/handlers/SymbolUtils$$Lambda+0x000001c510349440
instanceKlass org/eclipse/lsp4j/Position
instanceKlass org/eclipse/jdt/ls/core/internal/handlers/SymbolUtils
instanceKlass  @bci org/eclipse/jdt/ls/core/internal/contentassist/CompletionProposalUtils addStaticImportsAsFavoriteImports (Lorg/eclipse/jdt/core/ICompilationUnit;)V 19 <appendix> argL0 ; # org/eclipse/jdt/ls/core/internal/contentassist/CompletionProposalUtils$$Lambda+0x000001c510348ff8
instanceKlass  @bci org/eclipse/jdt/ls/core/internal/contentassist/CompletionProposalUtils addStaticImportsAsFavoriteImports (Lorg/eclipse/jdt/core/ICompilationUnit;)V 9 <appendix> argL0 ; # org/eclipse/jdt/ls/core/internal/contentassist/CompletionProposalUtils$$Lambda+0x000001c510348da8
instanceKlass org/eclipse/jdt/internal/compiler/ClassFile
# instanceKlass org/eclipse/jdt/internal/core/CompilationUnitStructureRequestor$$Lambda+0x000001c51041b760
# instanceKlass org/eclipse/jdt/internal/core/CompilationUnitStructureRequestor$$Lambda+0x000001c51041b540
instanceKlass  @bci org/eclipse/jdt/internal/core/CompilationUnitStructureRequestor getChildren (Ljava/lang/Object;)[Lorg/eclipse/jdt/core/IJavaElement; 17 <appendix> argL0 ; # org/eclipse/jdt/internal/core/CompilationUnitStructureRequestor$$Lambda+0x000001c51041b320
instanceKlass org/eclipse/jdt/internal/compiler/util/HashtableOfObject
instanceKlass lombok/permit/Permit$Fake
instanceKlass lombok/permit/Permit
instanceKlass lombok/launch/PatchFixesHider$FieldInitializer
instanceKlass org/eclipse/jdt/internal/compiler/ISourceElementRequestor$FieldInfo
instanceKlass org/eclipse/jdt/internal/compiler/ISourceElementRequestor$ParameterInfo
instanceKlass org/eclipse/jdt/internal/core/MemberValuePair
instanceKlass org/eclipse/jdt/internal/compiler/ISourceElementRequestor$MethodInfo
instanceKlass org/eclipse/jdt/internal/compiler/ExtraFlags
instanceKlass org/eclipse/jdt/internal/compiler/ISourceElementRequestor$TypeInfo
# instanceKlass org/eclipse/jdt/internal/compiler/ast/TypeDeclaration$$Lambda+0x000001c51040e598
instanceKlass  @bci org/eclipse/jdt/internal/compiler/ast/TypeDeclaration protoFieldDeclarations ()[Lorg/eclipse/jdt/internal/compiler/ast/AbstractVariableDeclaration; 30 <appendix> argL0 ; # org/eclipse/jdt/internal/compiler/ast/TypeDeclaration$$Lambda+0x000001c51040e378
# instanceKlass org/eclipse/jdt/internal/compiler/ast/TypeDeclaration$$Lambda+0x000001c51040e158
# instanceKlass java/lang/invoke/LambdaForm$MH+0x000001c510415400
instanceKlass org/eclipse/jdt/internal/compiler/env/ISourceImport
# instanceKlass java/lang/invoke/LambdaForm$MH+0x000001c510415000
instanceKlass lombok/var
instanceKlass lombok/val
# instanceKlass java/lang/invoke/LambdaForm$MH+0x000001c510414c00
# instanceKlass java/lang/invoke/LambdaForm$MH+0x000001c510414800
# instanceKlass java/lang/invoke/LambdaForm$MH+0x000001c510414400
# instanceKlass java/lang/invoke/LambdaForm$MH+0x000001c510414000
# instanceKlass java/lang/invoke/LambdaForm$MH+0x000001c510413c00
instanceKlass lombok/core/handlers/InclusionExclusionUtils$1
instanceKlass lombok/ToString$Exclude
instanceKlass lombok/ToString$Include
# instanceKlass java/lang/invoke/LambdaForm$MH+0x000001c510413800
# instanceKlass java/lang/invoke/LambdaForm$MH+0x000001c510413400
# instanceKlass java/lang/invoke/LambdaForm$MH+0x000001c510413000
# instanceKlass java/lang/invoke/LambdaForm$MH+0x000001c510412c00
# instanceKlass java/lang/invoke/LambdaForm$MH+0x000001c510412800
# instanceKlass java/lang/invoke/LambdaForm$MH+0x000001c510412400
# instanceKlass java/lang/invoke/LambdaForm$MH+0x000001c510412000
# instanceKlass java/lang/invoke/LambdaForm$MH+0x000001c510411c00
# instanceKlass java/lang/invoke/LambdaForm$DMH+0x000001c510411800
# instanceKlass java/lang/invoke/LambdaForm$DMH+0x000001c510411000
# instanceKlass java/lang/invoke/LambdaForm$DMH+0x000001c510411400
# instanceKlass java/lang/invoke/LambdaForm$DMH+0x000001c510410c00
# instanceKlass java/lang/invoke/LambdaForm$DMH+0x000001c510410800
# instanceKlass java/lang/invoke/LambdaForm$DMH+0x000001c510410400
# instanceKlass java/lang/invoke/LambdaForm$MH+0x000001c510410000
instanceKlass lombok/eclipse/handlers/EclipseHandlerUtil$GetterMethod
instanceKlass lombok/EqualsAndHashCode$AnyAnnotation
instanceKlass lombok/core/handlers/InclusionExclusionUtils$2
instanceKlass lombok/core/handlers/InclusionExclusionUtils$Included
instanceKlass lombok/EqualsAndHashCode$Exclude
instanceKlass lombok/EqualsAndHashCode$Include
instanceKlass lombok/core/handlers/InclusionExclusionUtils
instanceKlass lombok/core/configuration/ConfigurationSource
# instanceKlass java/lang/invoke/LambdaForm$MH+0x000001c510400800
# instanceKlass java/lang/invoke/LambdaForm$MH+0x000001c510400400
instanceKlass lombok/core/AST$FieldAccess
# instanceKlass java/lang/invoke/LambdaForm$MH+0x000001c510400000
instanceKlass org/eclipse/jdt/core/ICodeCompletionRequestor
instanceKlass org/eclipse/jdt/internal/core/JavaModelManager$PerWorkingCopyInfo
instanceKlass lombok/eclipse/handlers/EclipseHandlerUtil$EclipseReflectiveMembers
instanceKlass lombok/core/AnnotationValues$1
instanceKlass lombok/core/configuration/AllowHelper
instanceKlass lombok/experimental/FieldDefaults
instanceKlass lombok/core/handlers/HandlerUtil
instanceKlass lombok/core/AnnotationValues
instanceKlass lombok/core/AnnotationValues$AnnotationValue
instanceKlass lombok/core/TypeResolver
instanceKlass lombok/core/LombokImmutableList$1
instanceKlass org/eclipse/jdt/internal/compiler/codegen/AnnotationContext
instanceKlass lombok/eclipse/EclipseAstProblemView
instanceKlass lombok/eclipse/EclipseAST$EcjReflectionCheck
instanceKlass  @bci java/util/regex/Pattern ALL ()Ljava/util/regex/Pattern$CharPredicate; 0 <appendix> argL0 ; # java/util/regex/Pattern$$Lambda+0x000001c510367840
instanceKlass org/eclipse/jdt/internal/compiler/codegen/CodeStream
instanceKlass lombok/eclipse/handlers/EclipseHandlerUtil
instanceKlass lombok/eclipse/EclipseImportList
instanceKlass lombok/core/debug/DebugSnapshotStore
instanceKlass lombok/core/configuration/FileSystemSourceCache$Content
instanceKlass lombok/core/configuration/ConfigurationFile
instanceKlass lombok/core/configuration/BubblingConfigurationResolver
instanceKlass lombok/core/LombokConfiguration$3
instanceKlass lombok/core/configuration/FileSystemSourceCache$1
instanceKlass lombok/core/configuration/ConfigurationProblemReporter$1
instanceKlass lombok/core/configuration/ConfigurationProblemReporter
instanceKlass lombok/core/configuration/ConfigurationParser
instanceKlass lombok/core/configuration/ConfigurationFileToSource
instanceKlass lombok/core/configuration/FileSystemSourceCache
instanceKlass lombok/core/LombokConfiguration$1
instanceKlass lombok/core/configuration/ConfigurationResolverFactory
instanceKlass lombok/core/configuration/ConfigurationResolver
instanceKlass lombok/core/LombokConfiguration
instanceKlass lombok/eclipse/EclipseAST$EclipseWorkspaceBasedFileResolver
instanceKlass lombok/core/ImportList
instanceKlass lombok/core/FieldAugment
instanceKlass lombok/eclipse/EcjAugments
instanceKlass lombok/patcher/Symbols
# instanceKlass java/lang/invoke/LambdaForm$MH+0x000001c5103f4800
# instanceKlass java/lang/invoke/LambdaForm$MH+0x000001c5103f4400
# instanceKlass java/lang/invoke/LambdaForm$MH+0x000001c5103f4000
instanceKlass lombok/core/AST
instanceKlass org/eclipse/jdt/internal/compiler/util/HashSetOfInt
instanceKlass org/eclipse/jdt/internal/compiler/parser/NLSTag
instanceKlass lombok/eclipse/HandlerLibrary$VisitorContainer
instanceKlass lombok/experimental/WithBy
instanceKlass lombok/With
instanceKlass lombok/Value
instanceKlass lombok/eclipse/EclipseASTAdapter
instanceKlass lombok/experimental/UtilityClass
instanceKlass lombok/ToString
instanceKlass lombok/Synchronized
instanceKlass lombok/experimental/SuperBuilder
instanceKlass lombok/eclipse/handlers/EclipseSingularsRecipes$StatementMaker
instanceKlass lombok/eclipse/handlers/EclipseSingularsRecipes$TypeReferenceMaker
instanceKlass lombok/eclipse/handlers/HandleBuilder$BuilderJob
instanceKlass lombok/experimental/StandardException
instanceKlass lombok/SneakyThrows
instanceKlass lombok/Setter
instanceKlass lombok/core/PrintAST
instanceKlass lombok/NonNull
instanceKlass lombok/extern/slf4j/XSlf4j
instanceKlass lombok/extern/slf4j/Slf4j
instanceKlass lombok/extern/log4j/Log4j
instanceKlass lombok/extern/log4j/Log4j2
instanceKlass lombok/extern/java/Log
instanceKlass lombok/extern/jbosslog/JBossLog
instanceKlass lombok/extern/flogger/Flogger
instanceKlass lombok/CustomLog
instanceKlass lombok/extern/apachecommons/CommonsLog
instanceKlass lombok/Locked$Write
instanceKlass lombok/Locked$Read
instanceKlass lombok/Locked
instanceKlass lombok/extern/jackson/Jacksonized
instanceKlass lombok/experimental/Helper
instanceKlass lombok/Getter
instanceKlass lombok/experimental/FieldNameConstants
instanceKlass lombok/core/LombokImmutableList
instanceKlass lombok/core/JavaIdentifiers
instanceKlass lombok/experimental/ExtensionMethod
instanceKlass lombok/EqualsAndHashCode
instanceKlass lombok/experimental/Delegate
instanceKlass lombok/Data
# instanceKlass java/lang/invoke/LambdaForm$MH+0x000001c5103e8000
instanceKlass org/eclipse/jdt/internal/compiler/impl/Constant
instanceKlass org/eclipse/jdt/internal/compiler/codegen/Label
instanceKlass lombok/eclipse/Eclipse
instanceKlass lombok/RequiredArgsConstructor
instanceKlass lombok/NoArgsConstructor
instanceKlass lombok/AllArgsConstructor
instanceKlass lombok/Cleanup
instanceKlass lombok/Builder$Default
instanceKlass lombok/Builder
instanceKlass lombok/eclipse/handlers/HandleConstructor
instanceKlass lombok/core/LombokInternalAliasing
instanceKlass lombok/core/HandlerPriority
instanceKlass lombok/eclipse/DeferUntilPostDiet
instanceKlass lombok/eclipse/HandlerLibrary$AnnotationHandlerContainer
instanceKlass lombok/experimental/Accessors
instanceKlass lombok/eclipse/EclipseAnnotationHandler
instanceKlass lombok/core/SpiLoadUtil$1$1
instanceKlass lombok/core/SpiLoadUtil$1
instanceKlass java/util/Vector$1
instanceKlass lombok/core/SpiLoadUtil
instanceKlass lombok/core/configuration/ConfigurationKeysLoader
instanceKlass lombok/core/configuration/CheckerFrameworkVersion
instanceKlass lombok/core/configuration/TypeName
instanceKlass lombok/core/configuration/LogDeclaration
instanceKlass lombok/core/configuration/IdentifierName
instanceKlass lombok/core/configuration/ConfigurationDataType$6
instanceKlass lombok/core/configuration/ConfigurationDataType$7
instanceKlass lombok/core/configuration/NullAnnotationLibrary
instanceKlass lombok/core/configuration/ConfigurationValueType
instanceKlass lombok/core/configuration/ConfigurationDataType$5
instanceKlass lombok/core/configuration/ConfigurationDataType$4
instanceKlass lombok/core/configuration/ConfigurationDataType$3
instanceKlass lombok/core/configuration/ConfigurationDataType$2
instanceKlass lombok/core/configuration/ConfigurationDataType$1
instanceKlass lombok/core/configuration/ConfigurationValueParser
instanceKlass lombok/core/configuration/ConfigurationDataType
instanceKlass  @bci java/util/regex/CharPredicates ASCII_WORD ()Ljava/util/regex/Pattern$BmpCharPredicate; 0 <appendix> argL0 ; # java/util/regex/CharPredicates$$Lambda+0x000001c510367140
instanceKlass lombok/core/configuration/ConfigurationKey
instanceKlass lombok/ConfigurationKeys
instanceKlass lombok/core/configuration/ConfigurationKeysLoader$LoaderLoader
instanceKlass lombok/core/TypeLibrary
instanceKlass lombok/eclipse/HandlerLibrary
instanceKlass lombok/eclipse/EclipseASTVisitor
instanceKlass lombok/eclipse/TransformEclipseAST
instanceKlass lombok/core/LombokNode
instanceKlass lombok/core/DiagnosticsReceiver
instanceKlass lombok/launch/PackageShader
instanceKlass lombok/launch/Main
instanceKlass lombok/launch/PatchFixesHider$Transform
instanceKlass org/eclipse/jdt/ls/core/internal/contentassist/CompletionProposalUtils
instanceKlass  @bci org/eclipse/jdt/ls/core/internal/JDTUtils findFile (Ljava/lang/String;)Lorg/eclipse/core/resources/IFile; 17 <appendix> member <vmtarget> ; # org/eclipse/jdt/ls/core/internal/JDTUtils$$Lambda+0x000001c510348958
instanceKlass org/eclipse/jdt/internal/compiler/flow/FlowContext
instanceKlass org/eclipse/lsp4j/TextDocumentItem
instanceKlass org/eclipse/jdt/internal/compiler/flow/FlowInfo
instanceKlass org/eclipse/jdt/internal/compiler/util/Messages
instanceKlass org/eclipse/jdt/internal/compiler/ast/CompilationUnitDeclaration$1
instanceKlass org/eclipse/jdt/internal/compiler/lookup/Scope$Substitutor
instanceKlass org/eclipse/jdt/internal/compiler/CompilationResult$1
instanceKlass org/eclipse/jdt/internal/compiler/SourceElementNotifier
instanceKlass org/eclipse/jdt/internal/compiler/util/HashtableOfObjectToInt
instanceKlass org/eclipse/jdt/internal/compiler/ast/IJavadocTypeReference
instanceKlass org/eclipse/jdt/internal/compiler/DefaultErrorHandlingPolicies$1
instanceKlass org/eclipse/jdt/internal/compiler/IErrorHandlingPolicy
instanceKlass org/eclipse/jdt/internal/compiler/DefaultErrorHandlingPolicies
# instanceKlass java/lang/invoke/LambdaForm$MH+0x000001c5103bd800
# instanceKlass java/lang/invoke/LambdaForm$MH+0x000001c5103bd400
# instanceKlass java/lang/invoke/LambdaForm$DMH+0x000001c5103bd000
instanceKlass lombok/permit/Permit$Fake
instanceKlass sun/misc/Unsafe
instanceKlass lombok/permit/Permit
instanceKlass lombok/launch/PatchFixesHider$Util
instanceKlass lombok/launch/PatchFixesHider$ModuleClassLoading
instanceKlass org/eclipse/jdt/internal/compiler/parser/AbstractCommentParser
instanceKlass org/eclipse/jdt/internal/compiler/parser/JavadocTagConstants
instanceKlass org/eclipse/jdt/internal/compiler/parser/RecoveredElement
instanceKlass org/eclipse/jdt/internal/compiler/ast/IGenerateTypeCheck
instanceKlass org/eclipse/jdt/internal/compiler/util/HashtableOfInt
instanceKlass org/eclipse/jdt/core/compiler/CategorizedProblem
instanceKlass org/eclipse/jdt/internal/compiler/problem/DefaultProblemFactory
instanceKlass org/eclipse/jdt/internal/compiler/env/ISourceField
instanceKlass org/eclipse/jdt/internal/compiler/env/ISourceMethod
instanceKlass org/eclipse/jdt/core/IMemberValuePair
instanceKlass org/eclipse/jdt/internal/compiler/env/ISourceModule
instanceKlass org/eclipse/jdt/core/IInitializer
instanceKlass lombok/patcher/scripts/WrapMethodCallScript$1
instanceKlass  @bci org/eclipse/core/internal/content/ContentTypeMatcher findContentTypeFor (Ljava/lang/String;)Lorg/eclipse/core/runtime/content/IContentType; 12 <appendix> member <vmtarget> ; # org/eclipse/core/internal/content/ContentTypeMatcher$$Lambda+0x000001c51031b788
instanceKlass  @bci org/eclipse/core/internal/content/ContentTypeCatalog selectMatchingByName (Lorg/eclipse/core/runtime/preferences/IScopeContext;Ljava/util/Collection;Ljava/util/Collection;Ljava/lang/String;I)Ljava/util/Set; 61 <adapter> ; # java/lang/invoke/LambdaForm$MH+0x000001c510399000
# instanceKlass java/lang/invoke/LambdaForm$DMH+0x000001c510398c00
instanceKlass  @bci org/eclipse/core/internal/content/ContentTypeCatalog selectMatchingByName (Lorg/eclipse/core/runtime/preferences/IScopeContext;Ljava/util/Collection;Ljava/util/Collection;Ljava/lang/String;I)Ljava/util/Set; 61 <appendix> form vmentry <vmtarget> ; # java/lang/invoke/LambdaForm$DMH+0x000001c510398800
instanceKlass  @bci org/eclipse/core/internal/content/ContentTypeCatalog selectMatchingByName (Lorg/eclipse/core/runtime/preferences/IScopeContext;Ljava/util/Collection;Ljava/util/Collection;Ljava/lang/String;I)Ljava/util/Set; 61 <appendix> member <vmtarget> ; # org/eclipse/core/internal/content/ContentTypeCatalog$$Lambda+0x000001c51031b170
instanceKlass  @cpi org/eclipse/core/internal/content/ContentTypeCatalog 783 form vmentry <vmtarget> ; # java/lang/invoke/LambdaForm$DMH+0x000001c510398400
instanceKlass org/eclipse/core/internal/content/ContentTypeVisitor
instanceKlass org/eclipse/jdt/internal/core/Buffer
instanceKlass org/eclipse/jdt/internal/core/BufferManager$1
instanceKlass org/eclipse/jdt/internal/core/util/LRUCache$LRUCacheEntry
instanceKlass org/eclipse/jdt/internal/core/util/ILRUCacheable
instanceKlass org/eclipse/jdt/internal/core/JavaProject$ModuleLookup
# instanceKlass java/lang/invoke/LambdaForm$MH+0x000001c510398000
instanceKlass org/eclipse/jdt/internal/compiler/classfmt/ModuleInfo$ServiceInfo
instanceKlass org/eclipse/jdt/internal/compiler/classfmt/ModuleInfo$PackageExportInfo
instanceKlass org/eclipse/jdt/internal/compiler/classfmt/ModuleInfo$ModuleReferenceInfo
instanceKlass org/eclipse/jdt/internal/compiler/env/IModule$IService
instanceKlass org/eclipse/jdt/internal/compiler/env/IModule$IModuleReference
instanceKlass org/eclipse/jdt/internal/compiler/env/IModule$IPackageExport
instanceKlass org/eclipse/jdt/internal/compiler/codegen/AttributeNamesConstants
instanceKlass org/eclipse/jdt/internal/compiler/env/IBinaryNestedType
instanceKlass org/eclipse/jdt/internal/compiler/env/IBinaryModule
instanceKlass org/eclipse/jdt/internal/compiler/env/IBinaryTypeAnnotation
instanceKlass org/eclipse/jdt/internal/compiler/env/IBinaryAnnotation
instanceKlass org/eclipse/jdt/internal/compiler/env/IRecordComponent
instanceKlass org/eclipse/jdt/internal/compiler/env/IBinaryMethod
instanceKlass org/eclipse/jdt/internal/compiler/env/IGenericMethod
instanceKlass org/eclipse/jdt/internal/compiler/env/IBinaryField
instanceKlass org/eclipse/jdt/internal/compiler/env/IGenericField
instanceKlass org/eclipse/jdt/internal/compiler/classfmt/ClassFileStruct
instanceKlass jdk/internal/jrtfs/JrtFileSystem$1
instanceKlass jdk/internal/jimage/decompressor/ZipDecompressor
instanceKlass jdk/internal/jimage/decompressor/ResourceDecompressor
instanceKlass jdk/internal/jimage/decompressor/ResourceDecompressorFactory
instanceKlass jdk/internal/jimage/decompressor/ResourceDecompressorRepository
instanceKlass jdk/internal/jimage/decompressor/CompressedResourceHeader
instanceKlass  @bci jdk/internal/jimage/BasicImageReader getResourceBuffer (Ljdk/internal/jimage/ImageLocation;)Ljava/nio/ByteBuffer; 168 <appendix> member <vmtarget> ; # jdk/internal/jimage/BasicImageReader$$Lambda+0x000001c51035c490
instanceKlass jdk/internal/jimage/decompressor/ResourceDecompressor$StringsProvider
instanceKlass  @bci org/eclipse/jdt/internal/compiler/util/SoftClassCache$JdkClasses get (Ljava/nio/file/Path;)[B 5 <appendix> argL0 ; # org/eclipse/jdt/internal/compiler/util/SoftClassCache$JdkClasses$$Lambda+0x000001c510390660
instanceKlass org/eclipse/jdt/internal/compiler/util/SoftClassCache$ClassBytes
instanceKlass  @bci org/eclipse/jdt/internal/compiler/util/SoftClassCache getClassBytes (Lorg/eclipse/jdt/internal/compiler/util/Jdk;Ljava/nio/file/Path;)[B 8 <appendix> argL0 ; # org/eclipse/jdt/internal/compiler/util/SoftClassCache$$Lambda+0x000001c510390210
instanceKlass org/eclipse/jdt/internal/compiler/util/SoftClassCache$JdkClasses
instanceKlass org/eclipse/jdt/internal/core/nd/java/model/BinaryModuleDescriptor
instanceKlass org/eclipse/jdt/internal/core/util/MementoTokenizer
instanceKlass org/eclipse/jdt/internal/core/nd/java/model/BinaryTypeFactory
instanceKlass org/eclipse/jdt/internal/core/nd/java/model/BinaryModuleFactory
instanceKlass  @bci org/eclipse/jdt/internal/core/JarPackageFragment computeNonJavaResources (Ljava/util/List;)[Ljava/lang/Object; 465 <appendix> argL0 ; # org/eclipse/jdt/internal/core/JarPackageFragment$$Lambda+0x000001c51038dd78
instanceKlass org/eclipse/jdt/core/IJarEntryResource
instanceKlass org/eclipse/jdt/core/IField
instanceKlass org/eclipse/jdt/core/ILocalVariable
instanceKlass org/eclipse/jdt/core/IMethod
instanceKlass  @bci org/eclipse/jdt/internal/core/JarPackageFragmentRoot createChildren (Ljava/util/Collection;)[Lorg/eclipse/jdt/core/IJavaElement; 30 <appendix> argL0 ; # org/eclipse/jdt/internal/core/JarPackageFragmentRoot$$Lambda+0x000001c510386c00
instanceKlass  @bci org/eclipse/jdt/internal/core/JarPackageFragmentRoot lambda$0 (Ljava/util/List;)[Ljava/lang/String; 1 <appendix> argL0 ; # org/eclipse/jdt/internal/core/JarPackageFragmentRoot$$Lambda+0x000001c510387cf8
instanceKlass  @bci org/eclipse/jdt/internal/core/JarPackageFragmentRoot createChildren (Ljava/util/Collection;)[Lorg/eclipse/jdt/core/IJavaElement; 10 <appendix> argL0 ; # org/eclipse/jdt/internal/core/JarPackageFragmentRoot$$Lambda+0x000001c510387ab8
instanceKlass org/eclipse/jdt/internal/core/util/WeakHashSetOfCharArray
instanceKlass org/eclipse/jdt/internal/core/util/WeakHashSet
instanceKlass org/eclipse/jdt/internal/core/util/DeduplicationUtil
instanceKlass org/eclipse/jdt/internal/core/JrtPackageFragmentRoot$1
instanceKlass  @bci org/eclipse/jdt/internal/core/JrtPackageFragmentRoot$JrtModuleKey hashCode ()I 1 <adapter> ; # java/lang/invoke/LambdaForm$MH+0x000001c510386800
instanceKlass  @bci org/eclipse/jdt/internal/core/JrtPackageFragmentRoot$JrtModuleKey hashCode ()I 1 <appendix> form vmentry <vmtarget> ; # java/lang/invoke/LambdaForm$MH+0x000001c510386400
# instanceKlass java/lang/invoke/LambdaForm$MH+0x000001c510386000
# instanceKlass java/lang/invoke/LambdaForm$MH+0x000001c510385c00
instanceKlass  @bci org/eclipse/jdt/internal/core/JrtPackageFragmentRoot$JrtModuleKey hashCode ()I 1 <appendix> form names 7 function resolvedHandle form vmentry <vmtarget> ; # java/lang/invoke/LambdaForm$DMH+0x000001c510385800
instanceKlass  @bci org/eclipse/jdt/internal/core/JrtPackageFragmentRoot$JrtModuleKey hashCode ()I 1 <appendix> argL2 argL2 argL2 form vmentry <vmtarget> ; # java/lang/invoke/LambdaForm$MH+0x000001c510385400
instanceKlass  @bci java/lang/runtime/ObjectMethods bootstrap (Ljava/lang/invoke/MethodHandles$Lookup;Ljava/lang/String;Ljava/lang/invoke/TypeDescriptor;Ljava/lang/Class;Ljava/lang/String;[Ljava/lang/invoke/MethodHandle;)Ljava/lang/Object; 37 <appendix> argL0 ; # java/lang/runtime/ObjectMethods$$Lambda+0x000001c5103662b8
# instanceKlass java/lang/invoke/LambdaForm$DMH+0x000001c510385000
# instanceKlass java/lang/invoke/LambdaForm$DMH+0x000001c510384c00
# instanceKlass java/lang/invoke/LambdaForm$DMH+0x000001c510384800
# instanceKlass java/lang/invoke/LambdaForm$DMH+0x000001c510384400
# instanceKlass java/lang/invoke/LambdaForm$DMH+0x000001c510384000
# instanceKlass java/lang/invoke/LambdaForm$DMH+0x000001c510383c00
# instanceKlass java/lang/invoke/LambdaForm$DMH+0x000001c510383800
# instanceKlass java/lang/invoke/LambdaForm$DMH+0x000001c510383400
# instanceKlass java/lang/invoke/LambdaForm$DMH+0x000001c510383000
# instanceKlass java/lang/invoke/LambdaForm$DMH+0x000001c510382c00
instanceKlass  @cpi org/eclipse/jdt/internal/compiler/lookup/ModuleBinding 947 form vmentry <vmtarget> ; # java/lang/invoke/LambdaForm$DMH+0x000001c510382800
instanceKlass java/lang/runtime/ObjectMethods$1
# instanceKlass java/lang/invoke/LambdaForm$MH+0x000001c510382400
# instanceKlass java/lang/invoke/LambdaForm$MH+0x000001c510382000
# instanceKlass java/lang/invoke/LambdaForm$MH+0x000001c510381c00
# instanceKlass java/lang/invoke/LambdaForm$MH+0x000001c510381800
# instanceKlass java/lang/invoke/LambdaForm$MH+0x000001c510381400
# instanceKlass java/lang/invoke/LambdaForm$MH+0x000001c510381000
# instanceKlass java/lang/invoke/LambdaForm$MH+0x000001c510380c00
# instanceKlass java/lang/invoke/LambdaForm$MH+0x000001c510380800
instanceKlass java/lang/invoke/MethodHandleImpl$Makers$2
instanceKlass java/lang/invoke/MethodHandleImpl$Makers$1
instanceKlass java/lang/invoke/MethodHandleImpl$Makers
instanceKlass  @bci java/lang/invoke/BootstrapMethodInvoker invoke (Ljava/lang/Class;Ljava/lang/invoke/MethodHandle;Ljava/lang/String;Ljava/lang/Object;Ljava/lang/Object;Ljava/lang/Class;)Ljava/lang/Object; 894 <adapter> ; # java/lang/invoke/LambdaForm$MH+0x000001c510380400
# instanceKlass java/lang/invoke/LambdaForm$DMH+0x000001c510380000
instanceKlass java/lang/runtime/ObjectMethods
instanceKlass  @bci org/eclipse/jdt/internal/core/JrtPackageFragmentRoot computeChildren (Lorg/eclipse/jdt/internal/core/OpenableElementInfo;Lorg/eclipse/core/resources/IResource;)Z 29 <appendix> argL0 ; # org/eclipse/jdt/internal/core/JrtPackageFragmentRoot$$Lambda+0x000001c5103533f0
instanceKlass org/eclipse/jdt/internal/compiler/util/ObjectVector$1
instanceKlass  @bci org/eclipse/jdt/internal/core/JavaProject defaultRootModules (Ljava/lang/Iterable;Ljava/lang/String;)Ljava/util/List; 6 <appendix> argL0 ; # org/eclipse/jdt/internal/core/JavaProject$$Lambda+0x000001c510352fa0
instanceKlass  @bci org/eclipse/jdt/internal/core/JavaProject defaultRootModules (Ljava/lang/Iterable;Ljava/lang/String;)Ljava/util/List; 1 <appendix> argL0 ; # org/eclipse/jdt/internal/core/JavaProject$$Lambda+0x000001c510352d60
instanceKlass java/nio/file/Files$3
instanceKlass java/nio/file/FileTreeWalker$Event
instanceKlass java/nio/file/FileTreeWalker$DirectoryNode
instanceKlass jdk/internal/jrtfs/JrtFileAttributes
instanceKlass  @bci jdk/internal/jimage/ImageReader$SharedImageReader handleModulesSubTree (Ljava/lang/String;Ljdk/internal/jimage/ImageLocation;)Ljdk/internal/jimage/ImageReader$Node; 37 <appendix> member <vmtarget> ; # jdk/internal/jimage/ImageReader$SharedImageReader$$Lambda+0x000001c51035c000
instanceKlass jdk/internal/jimage/ImageBufferCache$2
instanceKlass jdk/internal/jimage/ImageBufferCache
instanceKlass  @bci jdk/internal/jimage/ImageReader$SharedImageReader handlePackages (Ljava/lang/String;Ljdk/internal/jimage/ImageLocation;)Ljdk/internal/jimage/ImageReader$Node; 20 <appendix> member <vmtarget> ; # jdk/internal/jimage/ImageReader$SharedImageReader$$Lambda+0x000001c51035b4a8
instanceKlass jdk/internal/jimage/ImageReader$SharedImageReader$LocationVisitor
instanceKlass jdk/internal/jimage/ImageLocation
instanceKlass java/util/RegularEnumSet$EnumSetIterator
instanceKlass java/nio/file/FileTreeWalker
instanceKlass java/nio/file/SimpleFileVisitor
instanceKlass jdk/internal/jrtfs/JrtDirectoryStream$1
instanceKlass  @bci jdk/internal/jrtfs/JrtFileSystem iteratorOf (Ljdk/internal/jrtfs/JrtPath;Ljava/nio/file/DirectoryStream$Filter;)Ljava/util/Iterator; 82 <appendix> member <vmtarget> ; # jdk/internal/jrtfs/JrtFileSystem$$Lambda+0x000001c51035ab48
instanceKlass  @bci jdk/internal/jrtfs/JrtFileSystem iteratorOf (Ljdk/internal/jrtfs/JrtPath;Ljava/nio/file/DirectoryStream$Filter;)Ljava/util/Iterator; 71 <appendix> member <vmtarget> ; # jdk/internal/jrtfs/JrtFileSystem$$Lambda+0x000001c51035a900
instanceKlass jdk/internal/jimage/ImageReader$Node
instanceKlass jdk/internal/jrtfs/JrtPath
instanceKlass jdk/internal/jrtfs/JrtDirectoryStream
instanceKlass jdk/internal/jimage/decompressor/Decompressor
instanceKlass jdk/internal/jimage/ImageStringsReader
instanceKlass jdk/internal/jimage/ImageHeader
# instanceKlass java/lang/invoke/LambdaForm$MH+0x000001c510359c00
# instanceKlass java/lang/invoke/LambdaForm$MH+0x000001c510359800
# instanceKlass java/lang/invoke/LambdaForm$MH+0x000001c510359400
# instanceKlass java/lang/invoke/LambdaForm$MH+0x000001c510359000
# instanceKlass java/lang/invoke/LambdaForm$MH+0x000001c510358c00
# instanceKlass java/lang/invoke/LambdaForm$MH+0x000001c510358800
# instanceKlass java/lang/invoke/LambdaForm$MH+0x000001c510358400
# instanceKlass java/lang/invoke/LambdaForm$BMH+0x000001c510358000
# instanceKlass java/lang/invoke/LambdaForm$DMH+0x000001c510357c00
# instanceKlass java/lang/invoke/LambdaForm$MH+0x000001c510357800
# instanceKlass java/lang/invoke/LambdaForm$DMH+0x000001c510357400
# instanceKlass java/lang/invoke/LambdaForm$DMH+0x000001c510357000
instanceKlass java/lang/foreign/MemorySegment
instanceKlass sun/nio/ch/Util$4
instanceKlass sun/nio/ch/FileChannelImpl$Unmapper
instanceKlass jdk/internal/access/foreign/UnmapperProxy
instanceKlass  @bci jdk/internal/misc/ExtendedMapMode <clinit> ()V 0 <appendix> argL0 ; # jdk/internal/misc/ExtendedMapMode$$Lambda+0x000001c5103619f0
instanceKlass jdk/internal/misc/ExtendedMapMode
instanceKlass java/nio/channels/spi/AbstractInterruptibleChannel$1
instanceKlass sun/nio/ch/Interruptible
instanceKlass java/nio/channels/FileChannel$MapMode
instanceKlass jdk/internal/jimage/BasicImageReader$2
instanceKlass jdk/internal/jimage/BasicImageReader$1
instanceKlass jdk/internal/jimage/ImageReader$Node
instanceKlass jdk/internal/jimage/ImageStrings
instanceKlass jdk/internal/jimage/BasicImageReader
instanceKlass jdk/internal/jimage/ImageReader
instanceKlass jdk/internal/jrtfs/SystemImage$2
instanceKlass  @bci jdk/internal/jrtfs/SystemImage <clinit> ()V 0 <appendix> argL0 ; # jdk/internal/jrtfs/SystemImage$$Lambda+0x000001c510355478
instanceKlass jdk/internal/jrtfs/SystemImage
instanceKlass jdk/internal/jrtfs/JrtPath
instanceKlass jdk/internal/jrtfs/JrtFileSystemProvider$1
instanceKlass  @bci sun/net/www/protocol/jrt/JavaRuntimeURLConnection <clinit> ()V 0 <appendix> argL0 ; # sun/net/www/protocol/jrt/JavaRuntimeURLConnection$$Lambda+0x000001c510360000
instanceKlass java/nio/file/spi/FileSystemProvider$1
instanceKlass  @bci org/eclipse/jdt/internal/compiler/util/JRTUtil getJrtFileSystem (Ljava/nio/file/Path;)Ljava/nio/file/FileSystem; 14 <appendix> argL0 ; # org/eclipse/jdt/internal/compiler/util/JRTUtil$$Lambda+0x000001c51030f5f8
instanceKlass  @bci org/eclipse/jdt/internal/compiler/util/JRTUtil getJrtSystem (Ljava/io/File;Ljava/lang/String;)Lorg/eclipse/jdt/internal/compiler/util/JrtFileSystem; 46 <appendix> member <vmtarget> ; # org/eclipse/jdt/internal/compiler/util/JRTUtil$$Lambda+0x000001c51030f138
instanceKlass org/eclipse/jdt/internal/compiler/util/JrtFileSystem
instanceKlass  @bci org/eclipse/jdt/internal/compiler/util/Jdk <init> (Ljava/io/File;)V 20 <appendix> argL0 ; # org/eclipse/jdt/internal/compiler/util/Jdk$$Lambda+0x000001c51030ec88
instanceKlass org/eclipse/jdt/internal/compiler/util/Jdk
instanceKlass org/eclipse/jdt/internal/compiler/util/SoftClassCache
instanceKlass org/eclipse/jdt/internal/compiler/util/JRTUtil
instanceKlass org/eclipse/jdt/internal/core/JavaProject$1
instanceKlass org/eclipse/jdt/internal/compiler/util/ObjectVector
instanceKlass org/eclipse/jdt/core/ICompletionRequestor
instanceKlass org/eclipse/jdt/core/IImportContainer
instanceKlass org/eclipse/jdt/core/IImportDeclaration
instanceKlass org/eclipse/jdt/core/IPackageDeclaration
instanceKlass org/eclipse/jdt/core/IModularClassFile
instanceKlass org/eclipse/core/internal/resources/OS
instanceKlass  @bci org/eclipse/jdt/internal/compiler/util/CharDeduplication <clinit> ()V 44 <appendix> argL0 ; # org/eclipse/jdt/internal/compiler/util/CharDeduplication$$Lambda+0x000001c51030e1e0
instanceKlass org/eclipse/jdt/internal/compiler/util/CharDeduplication
instanceKlass org/eclipse/jdt/internal/compiler/parser/Scanner
instanceKlass org/eclipse/jdt/core/JavaConventions
instanceKlass org/eclipse/jdt/internal/core/JavaProject$3
instanceKlass org/eclipse/jdt/internal/core/JavaProject$2
instanceKlass  @bci org/eclipse/core/internal/resources/AliasManager findResources (Lorg/eclipse/core/filesystem/IFileStore;)[Lorg/eclipse/core/resources/IResource; 14 <appendix> member <vmtarget> ; # org/eclipse/core/internal/resources/AliasManager$$Lambda+0x000001c510341d08
instanceKlass  @bci org/eclipse/jdt/ls/core/internal/JDTUtils resolveCompilationUnit (Ljava/net/URI;)Lorg/eclipse/jdt/core/ICompilationUnit; 39 <appendix> member <vmtarget> ; # org/eclipse/jdt/ls/core/internal/JDTUtils$$Lambda+0x000001c510340c58
instanceKlass org/eclipse/jdt/core/dom/IDocElement
instanceKlass org/eclipse/jdt/ls/core/internal/JDTUtils
instanceKlass java/util/concurrent/ForkJoinPool$DefaultForkJoinWorkerThreadFactory$1
instanceKlass org/eclipse/lsp4j/jsonrpc/CompletableFutures$FutureCancelChecker
instanceKlass java/util/concurrent/ForkJoinTask$Aux
instanceKlass org/eclipse/lsp4j/jsonrpc/CompletableFutures
instanceKlass  @bci org/eclipse/jdt/ls/core/internal/BaseJDTLanguageServer computeAsync (Ljava/util/function/Function;)Ljava/util/concurrent/CompletableFuture; 2 <appendix> member <vmtarget> ; # org/eclipse/jdt/ls/core/internal/BaseJDTLanguageServer$$Lambda+0x000001c51033f7b8
instanceKlass  @bci org/eclipse/jdt/ls/core/internal/syntaxserver/SyntaxLanguageServer documentSymbol (Lorg/eclipse/lsp4j/DocumentSymbolParams;)Ljava/util/concurrent/CompletableFuture; 22 <appendix> member <vmtarget> ; # org/eclipse/jdt/ls/core/internal/syntaxserver/SyntaxLanguageServer$$Lambda+0x000001c51033f570
instanceKlass org/eclipse/lsp4j/RelativePattern
instanceKlass org/eclipse/lsp4j/DidChangeWatchedFilesRegistrationOptions
instanceKlass org/eclipse/lsp4j/FileSystemWatcher
instanceKlass  @bci org/eclipse/jdt/ls/core/internal/syntaxserver/SyntaxProjectsManager registerWatchers ()Ljava/util/List; 62 <appendix> argL0 ; # org/eclipse/jdt/ls/core/internal/syntaxserver/SyntaxProjectsManager$$Lambda+0x000001c51033e730
instanceKlass org/eclipse/jdt/ls/core/internal/handlers/CompletionHandler$2
instanceKlass org/eclipse/jdt/ls/core/internal/handlers/CompletionHandler$1
instanceKlass org/eclipse/lsp4j/jsonrpc/RemoteEndpoint$PendingRequestInfo
instanceKlass org/eclipse/lsp4j/Registration
instanceKlass  @bci org/eclipse/lsp4j/jsonrpc/RemoteEndpoint handleRequest (Lorg/eclipse/lsp4j/jsonrpc/messages/RequestMessage;)V 142 <appendix> member <vmtarget> ; # org/eclipse/lsp4j/jsonrpc/RemoteEndpoint$$Lambda+0x000001c51031ed00
instanceKlass  @bci org/eclipse/lsp4j/jsonrpc/RemoteEndpoint handleRequest (Lorg/eclipse/lsp4j/jsonrpc/messages/RequestMessage;)V 132 <appendix> member <vmtarget> ; # org/eclipse/lsp4j/jsonrpc/RemoteEndpoint$$Lambda+0x000001c51031eab8
instanceKlass  @bci org/eclipse/core/internal/events/BuildManager$DeltaCache computeIfAbsent (Lorg/eclipse/core/runtime/IPath;Lorg/eclipse/core/internal/watson/ElementTree;Lorg/eclipse/core/internal/watson/ElementTree;Ljava/util/function/Supplier;)Ljava/lang/Object; 48 <appendix> member <vmtarget> ; # org/eclipse/core/internal/events/BuildManager$DeltaCache$$Lambda+0x000001c5103418c8
instanceKlass  @bci org/eclipse/core/internal/events/BuildManager getDeltaCached (Lorg/eclipse/core/resources/IProject;Lorg/eclipse/core/internal/watson/ElementTree;Lorg/eclipse/core/internal/watson/ElementTree;)Lorg/eclipse/core/resources/IResourceDelta; 22 <appendix> member <vmtarget> ; # org/eclipse/core/internal/events/BuildManager$$Lambda+0x000001c5103416a0
instanceKlass org/eclipse/core/internal/events/BuildManager$1
instanceKlass org/eclipse/core/internal/events/BuildContext
instanceKlass org/eclipse/core/internal/resources/Workspace$ProjectBuildConfigOrder
instanceKlass org/eclipse/core/internal/resources/ComputeProjectOrder$VertexOrder
instanceKlass org/eclipse/core/internal/resources/ComputeProjectOrder$Digraph$Vertex
instanceKlass org/eclipse/core/internal/resources/ComputeProjectOrder$Digraph
instanceKlass org/eclipse/core/internal/resources/ComputeProjectOrder
instanceKlass  @bci org/eclipse/jdt/internal/core/DynamicProjectReferences getDependentProjects (Lorg/eclipse/core/resources/IBuildConfiguration;)Ljava/util/List; 62 <appendix> member <vmtarget> ; # org/eclipse/jdt/internal/core/DynamicProjectReferences$$Lambda+0x000001c510309a90
instanceKlass org/eclipse/jdt/internal/core/DynamicProjectReferences
instanceKlass org/eclipse/core/resources/IDynamicReferenceProvider
instanceKlass org/eclipse/core/internal/resources/Workspace$BuildConfigurationComparator
instanceKlass org/eclipse/equinox/internal/app/EclipseAppHandle$1
instanceKlass  @bci org/eclipse/equinox/internal/app/EclipseAppHandle getStartupMonitors ()[Lorg/osgi/framework/ServiceReference; 34 <appendix> argL0 ; # org/eclipse/equinox/internal/app/EclipseAppHandle$$Lambda+0x000001c510166a50
# instanceKlass java/lang/invoke/LambdaForm$MH+0x000001c510340400
instanceKlass sun/nio/ch/WindowsAsynchronousFileChannelImpl$WriteTask
instanceKlass com/google/gson/annotations/Expose
instanceKlass org/eclipse/lsp4j/FileOperationPatternOptions
instanceKlass org/eclipse/lsp4j/FileOperationPattern
instanceKlass org/eclipse/lsp4j/FileOperationFilter
instanceKlass org/eclipse/lsp4j/FileOperationOptions
instanceKlass org/eclipse/lsp4j/FileOperationsServerCapabilities
instanceKlass  @bci org/eclipse/jdt/ls/core/internal/ProjectUtils getMaxProjectProblemSeverity ()I 84 <appendix> member <vmtarget> ; # org/eclipse/jdt/ls/core/internal/ProjectUtils$$Lambda+0x000001c51033db00
instanceKlass  @bci org/eclipse/jdt/ls/core/internal/ResourceUtils findMarkers (Lorg/eclipse/core/resources/IResource;[Ljava/lang/Integer;)Ljava/util/List; 43 <appendix> member <vmtarget> ; # org/eclipse/jdt/ls/core/internal/ResourceUtils$$Lambda+0x000001c51033d8a8
instanceKlass org/eclipse/lsp4j/CompletionItemOptions
instanceKlass org/eclipse/lsp4j/NotebookSelectorCell
instanceKlass org/eclipse/lsp4j/NotebookDocumentFilter
instanceKlass org/eclipse/lsp4j/NotebookSelector
instanceKlass org/eclipse/lsp4j/DocumentOnTypeFormattingOptions
instanceKlass org/eclipse/lsp4j/AbstractWorkDoneProgressOptions
instanceKlass org/eclipse/lsp4j/NotebookDocumentSyncRegistrationOptions
instanceKlass com/google/gson/internal/Streams
instanceKlass  @bci org/eclipse/lsp4j/jsonrpc/RemoteEndpoint handleRequest (Lorg/eclipse/lsp4j/jsonrpc/messages/RequestMessage;)V 121 <appendix> member <vmtarget> ; # org/eclipse/lsp4j/jsonrpc/RemoteEndpoint$$Lambda+0x000001c51031e880
instanceKlass java/util/concurrent/ForkJoinTask
instanceKlass java/util/concurrent/CompletableFuture$AsynchronousCompletionTask
instanceKlass  @bci org/eclipse/core/internal/resources/MarkerManager visitorFindMarkers (Lorg/eclipse/core/runtime/IPath;Ljava/util/ArrayList;Ljava/lang/String;Z)V 5 <appendix> member <vmtarget> ; # org/eclipse/core/internal/resources/MarkerManager$$Lambda+0x000001c5102d6758
instanceKlass  @cpi org/eclipse/core/internal/resources/MarkerManager 672 form vmentry <vmtarget> ; # java/lang/invoke/LambdaForm$DMH+0x000001c510340000
instanceKlass  @bci org/eclipse/jdt/ls/core/internal/syntaxserver/SyntaxProjectsManager cleanInvalidProjects (Ljava/util/Collection;Lorg/eclipse/core/runtime/IProgressMonitor;)V 6 <appendix> argL0 ; # org/eclipse/jdt/ls/core/internal/syntaxserver/SyntaxProjectsManager$$Lambda+0x000001c51033d668
instanceKlass java/util/concurrent/CompletableFuture$AltResult
instanceKlass  @bci org/eclipse/jdt/ls/core/internal/handlers/SemanticTokensHandler legend ()Lorg/eclipse/lsp4j/SemanticTokensLegend; 37 <appendix> argL0 ; # org/eclipse/jdt/ls/core/internal/handlers/SemanticTokensHandler$$Lambda+0x000001c51033d428
instanceKlass  @bci org/eclipse/jdt/ls/core/internal/handlers/SemanticTokensHandler legend ()Lorg/eclipse/lsp4j/SemanticTokensLegend; 10 <appendix> argL0 ; # org/eclipse/jdt/ls/core/internal/handlers/SemanticTokensHandler$$Lambda+0x000001c51033cda0
instanceKlass org/eclipse/jdt/core/dom/IBinding
instanceKlass org/eclipse/lsp4j/SemanticTokensLegend
instanceKlass org/eclipse/jdt/ls/core/internal/handlers/SemanticTokensHandler
instanceKlass org/eclipse/lsp4j/DocumentFilter
instanceKlass org/eclipse/lsp4j/SemanticTokensServerFull
instanceKlass org/eclipse/lsp4j/TextDocumentRegistrationOptions
instanceKlass org/eclipse/lsp4j/WorkDoneProgressOptions
instanceKlass org/eclipse/lsp4j/WorkspaceFoldersOptions
instanceKlass org/eclipse/lsp4j/WorkspaceServerCapabilities
instanceKlass org/eclipse/lsp4j/SaveOptions
instanceKlass org/eclipse/lsp4j/TextDocumentSyncOptions
instanceKlass org/apache/commons/lang3/BooleanUtils
instanceKlass org/eclipse/lsp4j/ServerCapabilities
instanceKlass java/time/LocalTime$1
instanceKlass  @bci java/util/regex/Pattern CIRange (II)Ljava/util/regex/Pattern$CharPredicate; 2 <appendix> member <vmtarget> ; # java/util/regex/Pattern$$Lambda+0x000001c5101fc470
instanceKlass  @bci java/util/regex/Pattern SingleI (II)Ljava/util/regex/Pattern$BmpCharPredicate; 2 <appendix> member <vmtarget> ; # java/util/regex/Pattern$$Lambda+0x000001c5101fc1e0
instanceKlass java/time/format/Parsed
instanceKlass java/time/format/DateTimeParseContext
instanceKlass  @bci org/eclipse/jdt/ls/core/internal/preferences/Preferences updateFrom (Lorg/eclipse/jdt/ls/core/internal/preferences/Preferences;Ljava/util/Map;)Lorg/eclipse/jdt/ls/core/internal/preferences/Preferences; 3432 <appendix> member <vmtarget> ; # org/eclipse/jdt/ls/core/internal/preferences/Preferences$$Lambda+0x000001c5103379d8
instanceKlass org/eclipse/jdt/ls/core/internal/LogReader$LogEntry
instanceKlass org/eclipse/jdt/internal/corext/util/TypeFilter
instanceKlass  @bci org/eclipse/jdt/ls/core/internal/preferences/Preferences setResourceFilters (Ljava/util/List;)Lorg/eclipse/jdt/ls/core/internal/preferences/Preferences; 11 <appendix> argL0 ; # org/eclipse/jdt/ls/core/internal/preferences/Preferences$$Lambda+0x000001c510337518
instanceKlass com/google/common/base/Ascii
instanceKlass java/io/PrintWriter$1
instanceKlass jdk/internal/access/JavaIOPrintWriterAccess
instanceKlass com/google/common/base/Preconditions
instanceKlass org/eclipse/jdt/ls/core/internal/LogReader$LogSession
instanceKlass com/google/common/base/CharMatcher
instanceKlass com/google/common/base/Predicate
instanceKlass com/google/common/base/Converter
instanceKlass com/google/common/base/Function
instanceKlass org/eclipse/jdt/ls/core/internal/handlers/MapFlattener
instanceKlass org/eclipse/jdt/ls/core/internal/preferences/ClientPreferences
instanceKlass com/google/gson/internal/bind/ObjectTypeAdapter$2
instanceKlass com/google/gson/internal/LinkedTreeMap$LinkedTreeMapIterator
instanceKlass  @bci com/google/gson/internal/ConstructorConstructor newMapConstructor (Ljava/lang/reflect/Type;Ljava/lang/Class;)Lcom/google/gson/internal/ObjectConstructor; 16 <appendix> argL0 ; # com/google/gson/internal/ConstructorConstructor$$Lambda+0x000001c5103226b8
instanceKlass org/eclipse/jdt/ls/core/internal/JSONUtility
instanceKlass org/eclipse/lsp4j/ServerInfo
instanceKlass org/eclipse/jdt/ls/core/internal/handlers/BaseInitHandler
# instanceKlass java/lang/invoke/LambdaForm$MH+0x000001c510334400
instanceKlass  @cpi org/eclipse/jdt/internal/core/SearchableEnvironment 1291 form vmentry <vmtarget> ; # java/lang/invoke/LambdaForm$DMH+0x000001c510334000
instanceKlass com/google/gson/internal/LinkedTreeMap$Node
instanceKlass com/google/gson/internal/LinkedTreeMap$1
instanceKlass com/google/gson/internal/bind/JsonElementTypeAdapter$1
instanceKlass org/eclipse/lsp4j/jsonrpc/util/Preconditions
instanceKlass org/eclipse/lsp4j/jsonrpc/json/adapters/JsonElementTypeAdapter$Factory
instanceKlass org/eclipse/lsp4j/StaleRequestCapabilities
instanceKlass org/eclipse/lsp4j/MarkdownCapabilities
instanceKlass org/eclipse/lsp4j/RegularExpressionsCapabilities
instanceKlass org/eclipse/lsp4j/WindowShowMessageRequestActionItemCapabilities
instanceKlass org/eclipse/lsp4j/ShowDocumentCapabilities
instanceKlass org/eclipse/lsp4j/WindowShowMessageRequestCapabilities
instanceKlass org/eclipse/lsp4j/InlayHintResolveSupportCapabilities
instanceKlass org/eclipse/lsp4j/SemanticTokensClientCapabilitiesRequestsFull
instanceKlass org/eclipse/lsp4j/SemanticTokensClientCapabilitiesRequests
instanceKlass org/eclipse/lsp4j/FoldingRangeSupportCapabilities
instanceKlass org/eclipse/lsp4j/FoldingRangeKindSupportCapabilities
instanceKlass org/eclipse/lsp4j/jsonrpc/json/adapters/EitherTypeAdapter$EitherTypeArgument
instanceKlass org/eclipse/lsp4j/DiagnosticsTagSupport
instanceKlass org/eclipse/lsp4j/CodeActionKindCapabilities
instanceKlass org/eclipse/lsp4j/CodeActionResolveSupportCapabilities
instanceKlass org/eclipse/lsp4j/CodeActionLiteralSupportCapabilities
instanceKlass org/eclipse/lsp4j/ParameterInformationCapabilities
instanceKlass org/eclipse/lsp4j/SignatureInformationCapabilities
instanceKlass org/eclipse/lsp4j/CompletionItemInsertTextModeSupportCapabilities
instanceKlass org/eclipse/lsp4j/CompletionItemResolveSupportCapabilities
instanceKlass org/eclipse/lsp4j/CompletionItemTagSupportCapabilities
instanceKlass org/eclipse/lsp4j/CompletionListCapabilities
instanceKlass org/eclipse/lsp4j/CompletionItemCapabilities
instanceKlass org/eclipse/lsp4j/CompletionItemKindCapabilities
instanceKlass org/eclipse/lsp4j/PublishDiagnosticsCapabilities
instanceKlass org/eclipse/lsp4j/WorkspaceSymbolResolveSupportCapabilities
instanceKlass org/eclipse/lsp4j/SymbolTagSupportCapabilities
instanceKlass org/eclipse/lsp4j/SymbolKindCapabilities
instanceKlass  @bci org/eclipse/lsp4j/jsonrpc/json/adapters/CollectionTypeAdapter$Factory getConstructor (Ljava/lang/Class;)Ljava/util/function/Supplier; 62 <appendix> argL0 ; # org/eclipse/lsp4j/jsonrpc/json/adapters/CollectionTypeAdapter$Factory$$Lambda+0x000001c51031dff8
instanceKlass org/eclipse/lsp4j/jsonrpc/json/adapters/TypeUtils$ParameterizedTypeImpl
instanceKlass org/eclipse/lsp4j/WorkspaceEditChangeAnnotationSupportCapabilities
instanceKlass org/eclipse/lsp4j/DiagnosticWorkspaceCapabilities
instanceKlass org/eclipse/lsp4j/InlineValueWorkspaceCapabilities
instanceKlass org/eclipse/lsp4j/InlayHintWorkspaceCapabilities
instanceKlass org/eclipse/lsp4j/CodeLensWorkspaceCapabilities
instanceKlass org/eclipse/lsp4j/SemanticTokensWorkspaceCapabilities
instanceKlass org/eclipse/lsp4j/DynamicRegistrationCapabilities
instanceKlass org/eclipse/lsp4j/WorkspaceEditCapabilities
instanceKlass org/eclipse/lsp4j/GeneralClientCapabilities
instanceKlass org/eclipse/lsp4j/NotebookDocumentClientCapabilities
instanceKlass org/eclipse/lsp4j/WindowClientCapabilities
instanceKlass org/eclipse/lsp4j/TextDocumentClientCapabilities
instanceKlass org/eclipse/lsp4j/WorkspaceClientCapabilities
instanceKlass org/eclipse/lsp4j/ClientCapabilities
instanceKlass com/google/gson/internal/bind/ReflectiveTypeAdapterFactory$FieldsData
instanceKlass org/eclipse/lsp4j/jsonrpc/validation/NonNull
instanceKlass com/google/gson/annotations/SerializedName
instanceKlass org/eclipse/lsp4j/ClientInfo
instanceKlass com/google/gson/internal/Primitives
instanceKlass  @bci com/google/gson/internal/ConstructorConstructor newDefaultConstructor (Ljava/lang/Class;Lcom/google/gson/ReflectionAccessFilter$FilterResult;)Lcom/google/gson/internal/ObjectConstructor; 130 <appendix> member <vmtarget> ; # com/google/gson/internal/ConstructorConstructor$$Lambda+0x000001c510321128
instanceKlass com/google/gson/internal/ObjectConstructor
instanceKlass com/google/gson/internal/ReflectionAccessFilterHelper
instanceKlass org/eclipse/lsp4j/adapters/InitializeParamsTypeAdapter$Factory
instanceKlass com/google/gson/annotations/JsonAdapter
instanceKlass org/eclipse/lsp4j/jsonrpc/messages/Tuple$Two
instanceKlass org/eclipse/lsp4j/jsonrpc/messages/Tuple
instanceKlass org/eclipse/lsp4j/jsonrpc/json/adapters/TypeUtils
instanceKlass com/google/gson/internal/reflect/ReflectionHelper$RecordHelper
instanceKlass com/google/gson/internal/reflect/ReflectionHelper
instanceKlass com/google/gson/internal/JsonReaderInternalAccess
instanceKlass sun/util/locale/provider/CalendarNameProviderImpl$LengthBasedComparator
instanceKlass  @bci sun/util/locale/provider/JRELocaleProviderAdapter getCalendarNameProvider ()Ljava/util/spi/CalendarNameProvider; 8 <appendix> member <vmtarget> ; # sun/util/locale/provider/JRELocaleProviderAdapter$$Lambda+0x000001c5101fad88
instanceKlass  @bci sun/util/cldr/CLDRLocaleProviderAdapter getCalendarNameProvider ()Ljava/util/spi/CalendarNameProvider; 8 <appendix> member <vmtarget> ; # sun/util/cldr/CLDRLocaleProviderAdapter$$Lambda+0x000001c5101fa690
instanceKlass sun/util/locale/provider/CalendarDataUtility$CalendarFieldValueNamesMapGetter
instanceKlass java/text/CalendarBuilder
instanceKlass sun/nio/ch/WindowsAsynchronousFileChannelImpl$ReadTask
instanceKlass sun/nio/ch/Iocp$ResultHandler
instanceKlass java/text/ParsePosition
instanceKlass sun/nio/ch/PendingFuture
instanceKlass org/eclipse/jdt/ls/core/internal/LogReader
instanceKlass org/eclipse/lsp4j/jsonrpc/json/StreamMessageProducer$Headers
instanceKlass org/eclipse/lsp4j/jsonrpc/json/ConcurrentMessageProcessor$1
instanceKlass  @bci org/eclipse/jdt/ls/core/internal/handlers/WorkspaceEventsHandler <init> (Lorg/eclipse/jdt/ls/core/internal/managers/ProjectsManager;Lorg/eclipse/jdt/ls/core/internal/JavaClientConnection;Lorg/eclipse/jdt/ls/core/internal/handlers/BaseDocumentLifeCycleHandler;)V 35 <appendix> member <vmtarget> ; # org/eclipse/jdt/ls/core/internal/handlers/WorkspaceEventsHandler$$Lambda+0x000001c5102cbb70
instanceKlass org/eclipse/jdt/ls/core/internal/handlers/WorkspaceEventsHandler
instanceKlass  @bci org/eclipse/core/runtime/ServiceCaller callOnce (Ljava/lang/Class;Ljava/lang/Class;Ljava/lang/String;Ljava/util/function/Consumer;)Z 14 <appendix> member <vmtarget> ; # org/eclipse/core/runtime/ServiceCaller$$Lambda+0x000001c510199c00
instanceKlass org/eclipse/lsp4j/jsonrpc/StandardLauncher
instanceKlass  @bci org/eclipse/core/internal/content/ContentTypeManager$DebuggingHolder <clinit> ()V 9 <appendix> member <vmtarget> ; # org/eclipse/core/internal/content/ContentTypeManager$DebuggingHolder$$Lambda+0x000001c51031a948
instanceKlass  @cpi org/eclipse/core/internal/content/ContentTypeManager$DebuggingHolder 59 form vmentry <vmtarget> ; # java/lang/invoke/LambdaForm$DMH+0x000001c510319400
instanceKlass org/eclipse/lsp4j/jsonrpc/json/ConcurrentMessageProcessor
instanceKlass org/eclipse/core/internal/content/ContentTypeManager$DebuggingHolder
instanceKlass  @bci org/eclipse/core/internal/content/ContentTypeBuilder applyPreferences (Lorg/eclipse/core/internal/content/ContentTypeCatalog;Lorg/eclipse/core/runtime/preferences/IEclipsePreferences;Z)V 4 <adapter> ; # java/lang/invoke/LambdaForm$MH+0x000001c510319000
# instanceKlass java/lang/invoke/LambdaForm$DMH+0x000001c510318c00
instanceKlass  @bci org/eclipse/core/internal/content/ContentTypeBuilder applyPreferences (Lorg/eclipse/core/internal/content/ContentTypeCatalog;Lorg/eclipse/core/runtime/preferences/IEclipsePreferences;Z)V 4 <appendix> form vmentry <vmtarget> ; # java/lang/invoke/LambdaForm$DMH+0x000001c510318800
instanceKlass org/eclipse/lsp4j/jsonrpc/json/StreamMessageProducer
instanceKlass  @bci org/eclipse/core/internal/content/ContentTypeBuilder applyPreferences (Lorg/eclipse/core/internal/content/ContentTypeCatalog;Lorg/eclipse/core/runtime/preferences/IEclipsePreferences;Z)V 4 <appendix> member <vmtarget> ; # org/eclipse/core/internal/content/ContentTypeBuilder$$Lambda+0x000001c51031a720
instanceKlass  @cpi org/eclipse/core/internal/content/ContentTypeBuilder 424 form vmentry <vmtarget> ; # java/lang/invoke/LambdaForm$DMH+0x000001c510318400
instanceKlass org/eclipse/core/runtime/preferences/IPreferenceNodeVisitor
instanceKlass org/eclipse/core/internal/content/FileSpec
instanceKlass  @bci java/lang/reflect/Proxy getProxyConstructor (Ljava/lang/Class;Ljava/lang/ClassLoader;[Ljava/lang/Class;)Ljava/lang/reflect/Constructor; 80 <appendix> argL0 ; # java/lang/reflect/Proxy$$Lambda+0x000001c5101f96e8
instanceKlass  @bci org/eclipse/lsp4j/jsonrpc/services/EndpointProxy <init> (Lorg/eclipse/lsp4j/jsonrpc/Endpoint;Ljava/util/Collection;)V 197 <appendix> member <vmtarget> ; # org/eclipse/lsp4j/jsonrpc/services/EndpointProxy$$Lambda+0x000001c51031c238
instanceKlass org/eclipse/core/internal/content/ContentType
instanceKlass  @bci org/eclipse/lsp4j/jsonrpc/services/EndpointProxy <init> (Lorg/eclipse/lsp4j/jsonrpc/Endpoint;Ljava/util/Collection;)V 178 <appendix> member <vmtarget> ; # org/eclipse/lsp4j/jsonrpc/services/EndpointProxy$$Lambda+0x000001c51031c000
instanceKlass org/eclipse/lsp4j/jsonrpc/services/EndpointProxy
instanceKlass  @bci org/eclipse/lsp4j/jsonrpc/RemoteEndpoint <clinit> ()V 11 <appendix> argL0 ; # org/eclipse/lsp4j/jsonrpc/RemoteEndpoint$$Lambda+0x000001c510307a60
instanceKlass org/eclipse/core/internal/content/Util
instanceKlass org/eclipse/lsp4j/jsonrpc/messages/ResponseError
instanceKlass org/eclipse/lsp4j/jsonrpc/RemoteEndpoint
instanceKlass  @bci org/eclipse/core/internal/content/ContentTypeCatalog <init> (Lorg/eclipse/core/internal/content/ContentTypeManager;I)V 118 <appendix> argL0 ; # org/eclipse/core/internal/content/ContentTypeCatalog$$Lambda+0x000001c51015f660
instanceKlass  @bci org/eclipse/core/internal/content/ContentTypeCatalog <init> (Lorg/eclipse/core/internal/content/ContentTypeManager;I)V 109 <appendix> argL0 ; # org/eclipse/core/internal/content/ContentTypeCatalog$$Lambda+0x000001c51015f3c8
instanceKlass  @bci org/eclipse/core/internal/content/ContentTypeCatalog <init> (Lorg/eclipse/core/internal/content/ContentTypeManager;I)V 100 <appendix> argL0 ; # org/eclipse/core/internal/content/ContentTypeCatalog$$Lambda+0x000001c51015f130
instanceKlass  @bci org/eclipse/core/internal/content/ContentTypeCatalog <init> (Lorg/eclipse/core/internal/content/ContentTypeManager;I)V 91 <appendix> argL0 ; # org/eclipse/core/internal/content/ContentTypeCatalog$$Lambda+0x000001c51015ee98
instanceKlass  @bci org/eclipse/core/internal/content/ContentTypeCatalog <init> (Lorg/eclipse/core/internal/content/ContentTypeManager;I)V 82 <appendix> argL0 ; # org/eclipse/core/internal/content/ContentTypeCatalog$$Lambda+0x000001c51015ec00
instanceKlass  @bci java/lang/reflect/Executable sharedToString (IZ[Ljava/lang/Class;[Ljava/lang/Class;)Ljava/lang/String; 29 <appendix> argL0 ; # java/lang/reflect/Executable$$Lambda+0x000001c5101f94a8
instanceKlass  @bci org/eclipse/lsp4j/jsonrpc/services/GenericEndpoint recursiveFindRpcMethods (Ljava/lang/Object;Ljava/util/Set;Ljava/util/Set;)V 24 <appendix> member <vmtarget> ; # org/eclipse/lsp4j/jsonrpc/services/GenericEndpoint$$Lambda+0x000001c5103061c8
instanceKlass  @cpi org/eclipse/lsp4j/jsonrpc/services/GenericEndpoint 220 form vmentry <vmtarget> ; # java/lang/invoke/LambdaForm$DMH+0x000001c510318000
instanceKlass org/eclipse/jdt/internal/core/index/Index
instanceKlass  @bci org/eclipse/lsp4j/jsonrpc/services/GenericEndpoint lambda$recursiveFindRpcMethods$1 (Ljava/lang/Object;Lorg/eclipse/lsp4j/jsonrpc/services/AnnotationUtil$MethodInfo;)V 3 <appendix> member <vmtarget> ; # org/eclipse/lsp4j/jsonrpc/services/GenericEndpoint$$Lambda+0x000001c510305f80
instanceKlass org/eclipse/core/runtime/URIUtil
instanceKlass  @bci org/eclipse/lsp4j/jsonrpc/services/GenericEndpoint recursiveFindRpcMethods (Ljava/lang/Object;Ljava/util/Set;Ljava/util/Set;)V 7 <appendix> member <vmtarget> ; # org/eclipse/lsp4j/jsonrpc/services/GenericEndpoint$$Lambda+0x000001c510305d48
instanceKlass org/eclipse/lsp4j/jsonrpc/services/GenericEndpoint
instanceKlass  @bci org/eclipse/jdt/ls/core/internal/ParentProcessWatcher apply (Lorg/eclipse/lsp4j/jsonrpc/MessageConsumer;)Lorg/eclipse/lsp4j/jsonrpc/MessageConsumer; 2 <appendix> member <vmtarget> ; # org/eclipse/jdt/ls/core/internal/ParentProcessWatcher$$Lambda+0x000001c5102cb3c0
instanceKlass org/eclipse/lsp4j/jsonrpc/messages/Message
instanceKlass sun/nio/cs/ThreadLocalCoders$Cache
instanceKlass sun/nio/cs/ThreadLocalCoders
instanceKlass org/eclipse/lsp4j/jsonrpc/json/StreamMessageConsumer
instanceKlass org/eclipse/lsp4j/jsonrpc/json/MessageConstants
instanceKlass com/google/gson/internal/bind/ReflectiveTypeAdapterFactory$BoundField
instanceKlass com/google/gson/internal/bind/ReflectiveTypeAdapterFactory
instanceKlass com/google/gson/internal/bind/JsonAdapterAnnotationTypeAdapterFactory$DummyTypeAdapterFactory
instanceKlass com/google/gson/internal/bind/JsonAdapterAnnotationTypeAdapterFactory
instanceKlass com/google/gson/internal/bind/MapTypeAdapterFactory
instanceKlass com/google/gson/internal/bind/CollectionTypeAdapterFactory
instanceKlass com/google/gson/internal/bind/ArrayTypeAdapter$1
instanceKlass com/google/gson/internal/bind/DefaultDateTypeAdapter$1
instanceKlass java/util/concurrent/atomic/AtomicLongArray
instanceKlass com/google/gson/internal/bind/NumberTypeAdapter$1
instanceKlass com/google/gson/internal/bind/ObjectTypeAdapter$1
instanceKlass com/google/gson/internal/bind/EnumTypeAdapter$1
instanceKlass com/google/gson/internal/bind/TypeAdapters$31
instanceKlass java/util/Currency
instanceKlass com/google/gson/internal/bind/TypeAdapters$32
instanceKlass java/util/concurrent/atomic/AtomicIntegerArray
instanceKlass com/google/gson/internal/bind/TypeAdapters$30
instanceKlass java/util/BitSet
instanceKlass com/google/gson/internal/bind/TypeAdapters$29
instanceKlass com/google/gson/internal/bind/TypeAdapters
instanceKlass com/google/gson/internal/ConstructorConstructor
instanceKlass com/google/gson/internal/sql/SqlTimestampTypeAdapter$1
instanceKlass com/google/gson/internal/sql/SqlTimeTypeAdapter$1
instanceKlass com/google/gson/internal/sql/SqlDateTypeAdapter$1
instanceKlass com/google/gson/internal/bind/DefaultDateTypeAdapter$DateType
instanceKlass com/google/gson/internal/sql/SqlTypesSupport
instanceKlass org/eclipse/lsp4j/jsonrpc/json/adapters/MessageTypeAdapter$Factory
instanceKlass org/eclipse/jdt/internal/compiler/env/IBinaryType
instanceKlass org/eclipse/lsp4j/jsonrpc/json/adapters/EnumTypeAdapter$Factory
instanceKlass org/eclipse/lsp4j/jsonrpc/json/adapters/TupleTypeAdapters$TwoTypeAdapterFactory
instanceKlass org/eclipse/lsp4j/jsonrpc/json/adapters/EitherTypeAdapter$Factory
instanceKlass org/eclipse/lsp4j/jsonrpc/json/adapters/ThrowableTypeAdapter$Factory
instanceKlass org/eclipse/lsp4j/jsonrpc/json/adapters/CollectionTypeAdapter$Factory
instanceKlass org/eclipse/jdt/core/search/SearchMatch
instanceKlass org/eclipse/jdt/internal/compiler/lookup/IQualifiedTypeResolutionListener
instanceKlass org/eclipse/jdt/internal/core/search/matching/MatchLocator
instanceKlass com/google/gson/FormattingStyle
instanceKlass org/eclipse/jdt/internal/core/search/IndexSelector
instanceKlass com/google/gson/stream/JsonWriter
instanceKlass com/google/gson/stream/JsonReader
instanceKlass org/eclipse/jdt/core/search/SearchDocument
instanceKlass com/google/gson/ToNumberStrategy
instanceKlass com/google/gson/Gson
instanceKlass org/eclipse/jdt/internal/core/search/PatternSearchJob
instanceKlass org/eclipse/jdt/internal/core/search/matching/TypeDeclarationPattern$PackageNameSet
instanceKlass com/google/gson/internal/Excluder
instanceKlass com/google/gson/FieldNamingStrategy
instanceKlass com/google/gson/GsonBuilder
instanceKlass org/eclipse/lsp4j/jsonrpc/messages/CancelParams
instanceKlass org/eclipse/jdt/internal/core/search/TypeNameRequestorWrapper
instanceKlass org/eclipse/jdt/internal/core/search/AbstractSearchScope
instanceKlass org/eclipse/lsp4j/jsonrpc/json/MessageJsonHandler
instanceKlass org/eclipse/jdt/internal/core/search/IRestrictedAccessMethodRequestor
instanceKlass org/eclipse/jdt/core/search/ISearchPattern
instanceKlass org/eclipse/jdt/core/search/SearchEngine
instanceKlass org/eclipse/lsp4j/DidSaveNotebookDocumentParams
instanceKlass org/eclipse/lsp4j/DidCloseNotebookDocumentParams
instanceKlass org/eclipse/lsp4j/DidChangeNotebookDocumentParams
instanceKlass org/eclipse/lsp4j/DidOpenNotebookDocumentParams
instanceKlass org/eclipse/jdt/ls/core/internal/handlers/CompletionResolveHandler
instanceKlass org/eclipse/jdt/ls/core/internal/handlers/DocumentSymbolHandler
instanceKlass org/eclipse/jdt/ls/core/internal/handlers/CompletionHandler
instanceKlass org/eclipse/jdt/ls/core/internal/handlers/HoverHandler
instanceKlass org/eclipse/jdt/ls/core/internal/handlers/NavigateToTypeDefinitionHandler
instanceKlass org/eclipse/jdt/internal/launching/JREContainer$1
instanceKlass org/eclipse/jdt/internal/launching/JREContainer
instanceKlass org/eclipse/jdt/ls/core/internal/handlers/NavigateToDefinitionHandler
instanceKlass org/eclipse/lsp4j/TextDocumentIdentifier
instanceKlass  @bci org/eclipse/jdt/internal/core/JavaModelManager variableNames ()[Ljava/lang/String; 7 <appendix> argL0 ; # org/eclipse/jdt/internal/core/JavaModelManager$$Lambda+0x000001c5102933d0
instanceKlass  @bci org/eclipse/jdt/launching/AbstractVMInstallType getVMInstalls ()[Lorg/eclipse/jdt/launching/IVMInstall; 4 <appendix> argL0 ; # org/eclipse/jdt/launching/AbstractVMInstallType$$Lambda+0x000001c5102e3908
instanceKlass org/eclipse/lsp4j/WorkspaceDiagnosticReport
instanceKlass  @bci org/eclipse/jdt/launching/VMStandin convertToRealVM ()Lorg/eclipse/jdt/launching/IVMInstall; 155 <appendix> member <vmtarget> ; # org/eclipse/jdt/launching/VMStandin$$Lambda+0x000001c5102e3160
instanceKlass  @cpi org/eclipse/jdt/launching/VMStandin 173 form vmentry <vmtarget> ; # java/lang/invoke/LambdaForm$DMH+0x000001c5102f4000
instanceKlass org/eclipse/lsp4j/adapters/WorkspaceSymbolResponseAdapter
instanceKlass org/eclipse/lsp4j/CreateFilesParams
instanceKlass org/eclipse/jdt/launching/IVMRunner
instanceKlass org/eclipse/lsp4j/DeleteFilesParams
instanceKlass org/eclipse/lsp4j/RenameFilesParams
instanceKlass org/eclipse/lsp4j/WorkspaceSymbol
instanceKlass org/eclipse/jdt/internal/launching/CompositeId
instanceKlass org/eclipse/lsp4j/DidChangeWorkspaceFoldersParams
instanceKlass org/eclipse/lsp4j/DidChangeWatchedFilesParams
instanceKlass org/eclipse/lsp4j/DidChangeConfigurationParams
instanceKlass org/eclipse/jdt/launching/LibraryLocation
instanceKlass org/eclipse/lsp4j/CompletionList
instanceKlass org/eclipse/osgi/internal/url/URLStreamHandlerProxy$1
instanceKlass org/eclipse/lsp4j/LinkedEditingRanges
instanceKlass org/eclipse/osgi/internal/url/URLStreamHandlerSetter
instanceKlass org/eclipse/osgi/internal/url/NullURLStreamHandlerService
instanceKlass org/eclipse/lsp4j/TextEdit
instanceKlass org/osgi/service/url/URLStreamHandlerSetter
instanceKlass  @bci org/eclipse/osgi/internal/url/URLStreamHandlerFactoryImpl createInternalURLStreamHandler (Ljava/lang/String;)Ljava/net/URLStreamHandler; 18 <appendix> member <vmtarget> ; # org/eclipse/osgi/internal/url/URLStreamHandlerFactoryImpl$$Lambda+0x000001c51021d708
instanceKlass  @bci org/eclipse/equinox/plurl/impl/PlurlImpl$PlurlFactoryHolder getHandler (Ljava/lang/String;)Ljava/lang/Object; 35 <appendix> member <vmtarget> ; # org/eclipse/equinox/plurl/impl/PlurlImpl$PlurlFactoryHolder$$Lambda+0x000001c51021d4c0
instanceKlass org/eclipse/lsp4j/PrepareRenameDefaultBehavior
instanceKlass org/eclipse/equinox/plurl/impl/PlurlImpl$4
instanceKlass org/eclipse/lsp4j/PrepareRenameResult
instanceKlass org/eclipse/lsp4j/Range
instanceKlass org/eclipse/lsp4j/adapters/PrepareRenameResponseAdapter
instanceKlass org/eclipse/jdt/internal/launching/LibraryInfo
instanceKlass org/eclipse/lsp4j/DocumentSymbol
instanceKlass org/eclipse/lsp4j/SymbolInformation
instanceKlass org/eclipse/lsp4j/adapters/DocumentSymbolResponseAdapter
instanceKlass org/eclipse/lsp4j/FoldingRange
instanceKlass org/eclipse/lsp4j/SignatureHelp
instanceKlass org/eclipse/lsp4j/SelectionRange
instanceKlass org/eclipse/lsp4j/ColorPresentation
instanceKlass org/eclipse/lsp4j/InlineValueEvaluatableExpression
instanceKlass org/eclipse/lsp4j/InlineValueVariableLookup
instanceKlass org/eclipse/lsp4j/adapters/InlineValueResponseAdapter
instanceKlass org/eclipse/lsp4j/ColorInformation
instanceKlass org/eclipse/lsp4j/SemanticTokensDelta
instanceKlass org/eclipse/lsp4j/SemanticTokens
instanceKlass org/eclipse/lsp4j/adapters/SemanticTokensFullDeltaResponseAdapter
instanceKlass org/eclipse/lsp4j/TypeHierarchyItem
instanceKlass org/eclipse/lsp4j/CallHierarchyItem
instanceKlass org/eclipse/lsp4j/CallHierarchyOutgoingCall
instanceKlass org/eclipse/lsp4j/CallHierarchyIncomingCall
instanceKlass org/eclipse/lsp4j/Hover
instanceKlass org/eclipse/lsp4j/adapters/DocumentDiagnosticReportTypeAdapter
instanceKlass org/eclipse/lsp4j/Moniker
instanceKlass org/eclipse/lsp4j/Command
instanceKlass org/eclipse/lsp4j/adapters/CodeActionResponseAdapter
instanceKlass org/eclipse/lsp4j/LocationLink
instanceKlass org/eclipse/lsp4j/Location
instanceKlass com/google/gson/internal/GsonTypes$WildcardTypeImpl
instanceKlass com/google/gson/internal/GsonTypes$ParameterizedTypeImpl
instanceKlass com/google/gson/internal/GsonTypes
instanceKlass com/google/gson/TypeAdapter
instanceKlass com/google/gson/reflect/TypeToken
instanceKlass java/lang/reflect/WildcardType
instanceKlass sun/reflect/generics/tree/Wildcard
instanceKlass sun/reflect/generics/tree/BottomSignature
instanceKlass org/eclipse/lsp4j/adapters/LocationLinkListAdapter
instanceKlass com/google/gson/TypeAdapterFactory
instanceKlass org/eclipse/lsp4j/WorkspaceEdit
instanceKlass org/eclipse/lsp4j/DocumentRangeFormattingParams
instanceKlass org/eclipse/lsp4j/CodeAction
instanceKlass org/eclipse/lsp4j/CodeLens
instanceKlass org/eclipse/lsp4j/InlayHint
instanceKlass org/eclipse/lsp4j/InlineValueParams
instanceKlass org/eclipse/lsp4j/DocumentLink
instanceKlass org/eclipse/lsp4j/CompletionItem
instanceKlass org/eclipse/lsp4j/DidSaveTextDocumentParams
instanceKlass org/eclipse/lsp4j/DidCloseTextDocumentParams
instanceKlass org/eclipse/lsp4j/DidChangeTextDocumentParams
instanceKlass org/eclipse/lsp4j/WillSaveTextDocumentParams
instanceKlass org/eclipse/lsp4j/DocumentFormattingParams
instanceKlass org/eclipse/lsp4j/WorkDoneProgressAndPartialResultParams
instanceKlass org/eclipse/lsp4j/InlayHintParams
instanceKlass org/eclipse/lsp4j/DidOpenTextDocumentParams
instanceKlass org/eclipse/lsp4j/InitializeResult
instanceKlass org/eclipse/lsp4j/WorkDoneProgressCancelParams
instanceKlass org/eclipse/lsp4j/services/NotebookDocumentService
instanceKlass org/eclipse/lsp4j/SetTraceParams
instanceKlass org/eclipse/lsp4j/InitializedParams
instanceKlass org/eclipse/lsp4j/InitializeParams
instanceKlass org/eclipse/jdt/launching/AbstractVMInstall
instanceKlass org/eclipse/jdt/launching/IVMInstall3
instanceKlass org/eclipse/jdt/launching/IVMInstall2
instanceKlass org/eclipse/lsp4j/jsonrpc/CancelChecker
instanceKlass org/eclipse/jdt/ls/core/internal/JavaClientConnection
instanceKlass jdk/internal/vm/annotation/IntrinsicCandidate
instanceKlass org/eclipse/jdt/internal/launching/VMDefinitionsContainer
instanceKlass java/lang/Deprecated
instanceKlass org/eclipse/lsp4j/jsonrpc/json/JsonRpcMethodProvider
instanceKlass org/eclipse/lsp4j/jsonrpc/services/JsonDelegate
instanceKlass  @bci org/eclipse/lsp4j/jsonrpc/services/ServiceEndpoints getSupportedMethods (Ljava/lang/Class;Ljava/util/Set;)Ljava/util/Map; 29 <appendix> member <vmtarget> ; # org/eclipse/lsp4j/jsonrpc/services/ServiceEndpoints$$Lambda+0x000001c5102db9a8
instanceKlass  @bci org/eclipse/jdt/internal/launching/StandardVMType <clinit> ()V 78 <appendix> argL0 ; # org/eclipse/jdt/internal/launching/StandardVMType$$Lambda+0x000001c5102dcc98
instanceKlass org/eclipse/jdt/ls/core/internal/ActionableNotification
instanceKlass  @bci org/eclipse/jdt/internal/launching/StandardVMType <clinit> ()V 0 <appendix> argL0 ; # org/eclipse/jdt/internal/launching/StandardVMType$$Lambda+0x000001c5102dca78
instanceKlass org/eclipse/jdt/ls/core/internal/ProgressReport
instanceKlass org/eclipse/jdt/launching/AbstractVMInstallType
instanceKlass org/eclipse/jdt/ls/core/internal/StatusReport
instanceKlass org/eclipse/jdt/launching/IVMInstallType
instanceKlass org/eclipse/jdt/ls/core/internal/EventNotification
instanceKlass org/eclipse/lsp4j/ExecuteCommandParams
instanceKlass org/eclipse/lsp4j/WorkspaceFolder
instanceKlass org/eclipse/lsp4j/MessageActionItem
instanceKlass org/eclipse/lsp4j/ShowDocumentResult
instanceKlass org/eclipse/lsp4j/ApplyWorkspaceEditResponse
instanceKlass org/eclipse/lsp4j/jsonrpc/services/JsonNotification
instanceKlass org/eclipse/lsp4j/jsonrpc/json/JsonRpcMethod
instanceKlass org/eclipse/lsp4j/jsonrpc/json/ResponseJsonAdapter
instanceKlass sun/reflect/generics/reflectiveObjects/LazyReflectiveObjectGenerator
instanceKlass sun/reflect/generics/tree/TypeVariableSignature
instanceKlass sun/reflect/generics/tree/ClassSignature
instanceKlass sun/reflect/generics/reflectiveObjects/ParameterizedTypeImpl
instanceKlass java/lang/reflect/ParameterizedType
instanceKlass sun/reflect/generics/tree/MethodTypeSignature
instanceKlass sun/reflect/generics/tree/Signature
instanceKlass sun/reflect/generics/tree/FormalTypeParameter
instanceKlass sun/reflect/generics/repository/AbstractRepository
instanceKlass  @bci org/eclipse/lsp4j/jsonrpc/services/AnnotationUtil getParameterTypes (Ljava/lang/reflect/Method;)[Ljava/lang/reflect/Type; 17 <appendix> argL0 ; # org/eclipse/lsp4j/jsonrpc/services/AnnotationUtil$$Lambda+0x000001c5102daef0
instanceKlass  @bci org/eclipse/lsp4j/jsonrpc/services/AnnotationUtil getParameterTypes (Ljava/lang/reflect/Method;)[Ljava/lang/reflect/Type; 7 <appendix> argL0 ; # org/eclipse/lsp4j/jsonrpc/services/AnnotationUtil$$Lambda+0x000001c5102dacb0
instanceKlass org/eclipse/lsp4j/jsonrpc/services/JsonRequest
instanceKlass org/eclipse/lsp4j/PublishDiagnosticsParams
instanceKlass org/eclipse/lsp4j/RegistrationParams
instanceKlass org/eclipse/lsp4j/ShowDocumentParams
instanceKlass org/eclipse/lsp4j/WorkDoneProgressCreateParams
instanceKlass org/eclipse/debug/core/model/ISourceLocator
instanceKlass org/eclipse/lsp4j/LogTraceParams
instanceKlass org/eclipse/jdt/internal/launching/sourcelookup/advanced/AdvancedSourceLookupSupport
instanceKlass org/eclipse/lsp4j/ApplyWorkspaceEditParams
instanceKlass org/eclipse/lsp4j/MessageParams
instanceKlass org/eclipse/lsp4j/ProgressParams
instanceKlass org/eclipse/debug/internal/core/groups/GroupMemberChangeListener
instanceKlass org/eclipse/lsp4j/UnregistrationParams
instanceKlass java/util/concurrent/CompletableFuture
instanceKlass org/eclipse/lsp4j/ConfigurationParams
instanceKlass org/eclipse/lsp4j/jsonrpc/services/JsonSegment
instanceKlass org/eclipse/lsp4j/jsonrpc/services/AnnotationUtil
instanceKlass  @bci org/eclipse/lsp4j/jsonrpc/services/ServiceEndpoints getSupportedMethods (Ljava/lang/Class;Ljava/util/Set;)Ljava/util/Map; 11 <appendix> member <vmtarget> ; # org/eclipse/lsp4j/jsonrpc/services/ServiceEndpoints$$Lambda+0x000001c5102da210
instanceKlass org/eclipse/lsp4j/jsonrpc/services/AnnotationUtil$MethodInfo
instanceKlass org/eclipse/lsp4j/jsonrpc/services/ServiceEndpoints
instanceKlass org/eclipse/lsp4j/jsonrpc/Endpoint
instanceKlass org/eclipse/lsp4j/jsonrpc/json/MethodProvider
instanceKlass org/eclipse/lsp4j/jsonrpc/MessageProducer
instanceKlass org/eclipse/lsp4j/jsonrpc/MessageConsumer
instanceKlass org/eclipse/lsp4j/jsonrpc/MessageIssueHandler
instanceKlass org/eclipse/lsp4j/jsonrpc/Launcher$Builder
instanceKlass org/eclipse/lsp4j/jsonrpc/Launcher
instanceKlass org/eclipse/jdt/ls/core/internal/JavaClientConnection$JavaLanguageClient
instanceKlass org/eclipse/jdt/ls/core/internal/lsp/ExecuteCommandProposedClient
instanceKlass org/eclipse/lsp4j/services/LanguageClient
instanceKlass org/eclipse/core/internal/watson/ElementTreeIterator
instanceKlass  @bci org/eclipse/core/internal/resources/Resource accept (Lorg/eclipse/core/resources/IResourceProxyVisitor;II)V 50 <adapter> ; # java/lang/invoke/LambdaForm$MH+0x000001c5102d8c00
# instanceKlass java/lang/invoke/LambdaForm$DMH+0x000001c5102d8800
instanceKlass  @bci org/eclipse/core/internal/resources/Resource accept (Lorg/eclipse/core/resources/IResourceProxyVisitor;II)V 50 <appendix> form vmentry <vmtarget> ; # java/lang/invoke/LambdaForm$DMH+0x000001c5102d8400
instanceKlass  @bci org/eclipse/core/internal/resources/Resource accept (Lorg/eclipse/core/resources/IResourceProxyVisitor;II)V 50 <appendix> member <vmtarget> ; # org/eclipse/core/internal/resources/Resource$$Lambda+0x000001c5102d62e8
instanceKlass  @cpi org/eclipse/core/internal/resources/Resource 1633 form vmentry <vmtarget> ; # java/lang/invoke/LambdaForm$DMH+0x000001c5102d8000
instanceKlass org/eclipse/core/internal/resources/ResourceProxy
instanceKlass org/eclipse/debug/internal/core/LaunchManager$ResourceProxyVisitor
instanceKlass org/eclipse/core/resources/IResourceProxyVisitor
instanceKlass org/eclipse/debug/core/ILaunchDelegate
instanceKlass org/eclipse/debug/core/ILaunchMode
instanceKlass org/eclipse/debug/core/ILaunchConfiguration
instanceKlass org/eclipse/jdt/launching/StandardClasspathProvider
instanceKlass org/eclipse/jdt/launching/environments/IExecutionEnvironmentsManager
instanceKlass org/eclipse/jdt/launching/IVMConnector
instanceKlass org/eclipse/jdt/launching/IRuntimeClasspathEntry
instanceKlass org/eclipse/jdt/launching/IVMInstall
instanceKlass org/eclipse/jdt/launching/IRuntimeClasspathEntryResolver
instanceKlass org/eclipse/jdt/launching/IRuntimeClasspathProvider
instanceKlass org/eclipse/jdt/launching/JavaRuntime
instanceKlass org/eclipse/jdt/internal/launching/LaunchingPlugin$1$1
instanceKlass org/eclipse/jdt/ls/core/internal/ParentProcessWatcher
instanceKlass sun/nio/ch/PendingIoCache
instanceKlass org/eclipse/debug/core/model/IDebugElement
instanceKlass sun/nio/ch/Invoker$GroupAndInvokeCount
instanceKlass org/eclipse/debug/core/ILaunch
instanceKlass sun/nio/ch/Invoker
instanceKlass org/eclipse/debug/core/model/ISuspendResume
instanceKlass org/eclipse/debug/core/model/IStepFilters
instanceKlass org/eclipse/debug/core/model/IStep
instanceKlass sun/nio/ch/AsynchronousChannelGroupImpl$1
instanceKlass org/eclipse/debug/core/model/IDropToFrame
instanceKlass sun/nio/ch/AsynchronousChannelGroupImpl$2
instanceKlass sun/nio/ch/Iocp$EventHandlerTask
instanceKlass  @bci org/eclipse/core/internal/runtime/AdapterManager registerFactory (Lorg/eclipse/core/runtime/IAdapterFactory;Ljava/lang/String;)V 5 <appendix> argL0 ; # org/eclipse/core/internal/runtime/AdapterManager$$Lambda+0x000001c5101997b8
instanceKlass  @bci sun/nio/ch/ThreadPool defaultThreadFactory ()Ljava/util/concurrent/ThreadFactory; 6 <appendix> argL0 ; # sun/nio/ch/ThreadPool$$Lambda+0x000001c5101f1818
instanceKlass org/eclipse/debug/core/model/IDisconnect
instanceKlass sun/nio/ch/ThreadPool
instanceKlass sun/nio/ch/Iocp$CompletionStatus
instanceKlass java/nio/channels/AsynchronousChannelGroup
instanceKlass sun/nio/ch/WindowsAsynchronousFileChannelImpl$DefaultIocpHolder
instanceKlass sun/nio/ch/Groupable
instanceKlass sun/nio/ch/Iocp$OverlappedChannel
instanceKlass java/nio/channels/AsynchronousFileChannel
instanceKlass org/eclipse/debug/internal/core/commands/ForEachCommand$ExclusiveRule
instanceKlass java/net/ProtocolFamily
instanceKlass org/eclipse/debug/core/commands/AbstractDebugCommand
instanceKlass org/eclipse/jdt/ls/core/internal/ConnectionStreamFactory$PipeStreamProvider
instanceKlass  @bci org/eclipse/jdt/ls/core/internal/ConnectionStreamFactory getPipeFile ()Ljava/io/File; 58 <appendix> argL0 ; # org/eclipse/jdt/ls/core/internal/ConnectionStreamFactory$$Lambda+0x000001c5102c88b0
instanceKlass org/eclipse/debug/core/commands/IStepFiltersHandler
instanceKlass org/eclipse/debug/core/commands/IResumeHandler
instanceKlass org/eclipse/debug/core/commands/ISuspendHandler
instanceKlass org/eclipse/debug/core/commands/IDisconnectHandler
instanceKlass org/eclipse/debug/core/commands/IDropToFrameHandler
instanceKlass org/eclipse/debug/core/commands/IStepReturnHandler
instanceKlass org/eclipse/debug/core/commands/IStepIntoHandler
instanceKlass org/eclipse/debug/core/commands/IStepOverHandler
instanceKlass org/eclipse/debug/core/commands/ITerminateHandler
instanceKlass org/eclipse/debug/core/commands/IDebugCommandHandler
instanceKlass java/lang/ProcessHandleImpl$Info
instanceKlass java/lang/ProcessHandle$Info
instanceKlass org/eclipse/debug/internal/core/commands/CommandAdapterFactory
instanceKlass  @bci java/lang/ProcessHandleImpl lambda$static$1 ()Ljava/util/concurrent/Executor; 45 <appendix> form vmentry <vmtarget> ; # java/lang/invoke/LambdaForm$DMH+0x000001c5102cc800
instanceKlass  @bci java/lang/ProcessHandleImpl lambda$static$1 ()Ljava/util/concurrent/Executor; 45 <appendix> member <vmtarget> ; # java/lang/ProcessHandleImpl$$Lambda+0x000001c5101ef250
instanceKlass org/eclipse/debug/core/DebugPlugin$1$1
instanceKlass  @cpi java/lang/ProcessHandleImpl 436 form vmentry <vmtarget> ; # java/lang/invoke/LambdaForm$DMH+0x000001c5102cc400
# instanceKlass java/lang/invoke/LambdaForm$DMH+0x000001c5102cc000
instanceKlass org/eclipse/debug/internal/core/DebugOptions
instanceKlass  @bci java/lang/ProcessHandleImpl <clinit> ()V 32 <appendix> argL0 ; # java/lang/ProcessHandleImpl$$Lambda+0x000001c5101ef030
instanceKlass java/lang/ProcessHandleImpl
instanceKlass java/lang/ProcessHandle
instanceKlass org/eclipse/debug/core/DebugPlugin$AsynchRunner
instanceKlass org/eclipse/jdt/ls/core/internal/ConnectionStreamFactory$StreamProvider
instanceKlass org/eclipse/debug/core/DebugPlugin$EventNotifier
instanceKlass org/eclipse/jdt/ls/core/internal/ConnectionStreamFactory
instanceKlass org/eclipse/jdt/core/manipulation/CoreASTProvider$WAIT_FLAG
instanceKlass org/eclipse/jdt/core/manipulation/CoreASTProvider
instanceKlass org/eclipse/jdt/ls/core/internal/MovingAverage
instanceKlass org/eclipse/jdt/ls/core/internal/handlers/BaseDiagnosticsHandler
instanceKlass org/eclipse/jdt/core/IProblemRequestor
instanceKlass org/eclipse/debug/core/IExpressionManager
instanceKlass org/eclipse/debug/core/IMemoryBlockManager
instanceKlass org/eclipse/debug/core/IBreakpointManager
instanceKlass org/eclipse/debug/core/ILaunchManager
instanceKlass org/eclipse/debug/core/ILaunchConfigurationListener
instanceKlass org/eclipse/debug/core/model/IProcess
instanceKlass org/eclipse/debug/core/model/ITerminate
instanceKlass org/eclipse/jdt/ls/core/internal/handlers/BaseDocumentLifeCycleHandler
instanceKlass org/eclipse/debug/core/IDebugEventSetListener
instanceKlass org/eclipse/lsp4j/WorkDoneProgressParams
instanceKlass org/eclipse/debug/core/ILaunchesListener
instanceKlass org/eclipse/lsp4j/PartialResultParams
instanceKlass org/eclipse/jdt/launching/IVMInstallChangedListener
instanceKlass org/eclipse/lsp4j/TextDocumentPositionParams
instanceKlass org/eclipse/jdt/core/ClasspathContainerInitializer
instanceKlass java/util/concurrent/Executors$DefaultThreadFactory
instanceKlass org/eclipse/jdt/ls/core/internal/ProjectUtils
instanceKlass org/eclipse/jdt/internal/core/JavaModelManager$10
instanceKlass com/google/gson/JsonElement
instanceKlass org/eclipse/jdt/ls/core/internal/JobHelpers$ProjectRegistryRefreshJobMatcher
instanceKlass org/eclipse/jdt/ls/core/internal/JobHelpers$IJobMatcher
instanceKlass org/eclipse/jdt/ls/core/internal/managers/TelemetryManager
instanceKlass org/eclipse/jdt/ls/core/internal/JobHelpers
instanceKlass org/eclipse/core/runtime/jobs/ProgressProvider
instanceKlass org/eclipse/jdt/ls/core/internal/LanguageServerApplication
instanceKlass org/eclipse/equinox/app/IApplication
instanceKlass org/eclipse/core/runtime/internal/adaptor/EclipseAppLauncher
instanceKlass org/eclipse/jdt/ls/core/internal/handlers/BundleUtils
instanceKlass org/eclipse/equinox/internal/security/storage/SecurePreferencesWrapper
instanceKlass org/eclipse/equinox/security/storage/ISecurePreferences
instanceKlass org/eclipse/equinox/internal/security/storage/SecurePreferencesContainer
instanceKlass  @bci org/eclipse/equinox/internal/security/storage/SecurePreferencesRoot load ()V 241 <appendix> member <vmtarget> ; # org/eclipse/equinox/internal/security/storage/SecurePreferencesRoot$$Lambda+0x000001c5102bb348
instanceKlass javax/crypto/spec/PBEKeySpec
instanceKlass org/eclipse/equinox/internal/security/storage/PasswordExt
instanceKlass org/eclipse/equinox/internal/security/storage/JavaEncryption
instanceKlass org/eclipse/equinox/security/storage/provider/IPreferencesContainer
instanceKlass org/eclipse/equinox/internal/security/storage/SecurePreferences
instanceKlass org/eclipse/equinox/internal/security/storage/friends/IStorageConstants
instanceKlass org/eclipse/equinox/internal/security/storage/StorageUtils
instanceKlass org/eclipse/equinox/internal/security/storage/SecurePreferencesMapper
instanceKlass org/eclipse/equinox/security/storage/SecurePreferencesFactory
instanceKlass com/sun/jna/Function$PostCallRead
instanceKlass com/sun/jna/NativeString
instanceKlass com/sun/jna/Library$Handler$FunctionInfo
instanceKlass com/sun/jna/internal/ReflectionUtils
instanceKlass com/sun/jna/Native$3
instanceKlass com/sun/jna/Library$Handler
instanceKlass com/sun/jna/win32/W32APIFunctionMapper
instanceKlass com/sun/jna/FunctionMapper
instanceKlass com/sun/jna/win32/W32APIOptions
instanceKlass org/eclipse/core/net/internal/proxy/win32/ProxyProviderWin32$WinHttp
instanceKlass com/sun/jna/win32/StdCallLibrary
instanceKlass com/sun/jna/win32/StdCall
instanceKlass com/sun/jna/AltCallingConvention
instanceKlass org/eclipse/core/internal/net/ProxyData
instanceKlass org/eclipse/equinox/internal/security/auth/AuthPlugin
instanceKlass org/eclipse/core/internal/net/ProxyType
instanceKlass org/eclipse/core/net/proxy/IProxyChangeEvent
instanceKlass org/eclipse/core/internal/net/AbstractProxyProvider
instanceKlass org/eclipse/core/internal/net/ProxyManager
instanceKlass org/eclipse/core/net/proxy/IProxyService
instanceKlass  @bci org/eclipse/core/internal/net/Policy <clinit> ()V 8 <appendix> argL0 ; # org/eclipse/core/internal/net/Policy$$Lambda+0x000001c5102b5618
instanceKlass org/eclipse/core/internal/net/Policy
instanceKlass org/eclipse/core/net/proxy/IProxyData
instanceKlass org/eclipse/core/internal/net/PreferenceManager
instanceKlass org/eclipse/core/internal/net/Activator
instanceKlass org/eclipse/core/internal/net/ProxySelector
instanceKlass java/text/DontCareFieldPosition$1
instanceKlass org/eclipse/osgi/internal/log/ExtendedLogEntryImpl
instanceKlass org/eclipse/equinox/log/ExtendedLogEntry
instanceKlass java/lang/StackTraceElement$HashedModules
instanceKlass org/eclipse/osgi/framework/log/FrameworkLogEntry
instanceKlass org/eclipse/jdt/ls/core/internal/DiagnosticsState
instanceKlass org/eclipse/jdt/ls/core/internal/managers/ContentProviderManager
instanceKlass org/eclipse/jdt/ls/core/internal/managers/DigestStore
instanceKlass org/eclipse/lsp4j/jsonrpc/messages/Either
instanceKlass org/eclipse/text/templates/TemplateStoreCore
instanceKlass com/sun/org/apache/xml/internal/serializer/WriterChain
instanceKlass com/sun/org/apache/xalan/internal/xsltc/trax/DOM2TO
instanceKlass javax/xml/transform/stax/StAXSource
instanceKlass javax/xml/transform/sax/SAXSource
instanceKlass javax/xml/transform/stream/StreamSource
instanceKlass com/sun/org/apache/xml/internal/serializer/NamespaceMappings$MappingRecord
instanceKlass com/sun/org/apache/xml/internal/serializer/NamespaceMappings
instanceKlass sun/nio/cs/DelegatableDecoder
instanceKlass java/nio/charset/Charset$1
instanceKlass java/nio/charset/Charset$2
instanceKlass java/nio/charset/Charset$ThreadTrackHolder
instanceKlass java/nio/charset/Charset$ExtendedProviderHolder$1
instanceKlass java/nio/charset/Charset$ExtendedProviderHolder
instanceKlass  @bci jdk/xml/internal/SecuritySupport getResourceAsStream (Ljava/lang/String;)Ljava/io/InputStream; 1 <appendix> member <vmtarget> ; # jdk/xml/internal/SecuritySupport$$Lambda+0x000001c5101e8110
instanceKlass com/sun/org/apache/xml/internal/serializer/Encodings$EncodingInfos
instanceKlass com/sun/org/apache/xml/internal/serializer/Encodings
instanceKlass com/sun/org/apache/xml/internal/serializer/ToStream$CharacterBuffer
instanceKlass com/sun/org/apache/xml/internal/serializer/EncodingInfo
instanceKlass com/sun/org/apache/xml/internal/serializer/ToStream$BoolStack
instanceKlass com/sun/org/apache/xml/internal/serializer/ElemContext
instanceKlass org/xml/sax/helpers/AttributesImpl
instanceKlass com/sun/org/apache/xml/internal/serializer/CharInfo$CharKey
instanceKlass sun/util/ResourceBundleEnumeration
instanceKlass com/sun/org/apache/xml/internal/serializer/CharInfo
instanceKlass com/sun/org/apache/xml/internal/serializer/SerializerBase
instanceKlass com/sun/org/apache/xml/internal/serializer/SerializerConstants
instanceKlass com/sun/org/apache/xml/internal/serializer/SerializationHandler
instanceKlass com/sun/org/apache/xml/internal/serializer/Serializer
instanceKlass com/sun/org/apache/xml/internal/serializer/DOMSerializer
instanceKlass org/xml/sax/ext/DeclHandler
instanceKlass com/sun/org/apache/xml/internal/serializer/XSLOutputAttributes
instanceKlass com/sun/org/apache/xml/internal/serializer/ExtendedLexicalHandler
instanceKlass org/xml/sax/ext/LexicalHandler
instanceKlass com/sun/org/apache/xml/internal/serializer/ExtendedContentHandler
instanceKlass javax/xml/transform/dom/DOMResult
instanceKlass javax/xml/transform/stax/StAXResult
instanceKlass javax/xml/transform/sax/SAXResult
instanceKlass com/sun/org/apache/xalan/internal/xsltc/runtime/output/TransletOutputHandlerFactory
instanceKlass javax/xml/transform/dom/DOMSource
instanceKlass com/sun/org/apache/xml/internal/utils/XMLReaderManager
instanceKlass com/sun/org/apache/xml/internal/serializer/OutputPropertiesFactory
instanceKlass javax/xml/transform/Transformer
instanceKlass com/sun/org/apache/xalan/internal/xsltc/DOMCache
instanceKlass  @bci javax/xml/catalog/CatalogFeatures setProperties (Ljavax/xml/catalog/CatalogFeatures$Builder;)V 5 <appendix> member <vmtarget> ; # javax/xml/catalog/CatalogFeatures$$Lambda+0x000001c5101e1600
instanceKlass javax/xml/catalog/CatalogMessages
instanceKlass javax/xml/catalog/Util
instanceKlass  @bci javax/xml/transform/FactoryFinder newInstance (Ljava/lang/Class;Ljava/lang/String;Ljava/lang/ClassLoader;Z)Ljava/lang/Object; 107 <appendix> member <vmtarget> ; # javax/xml/transform/FactoryFinder$$Lambda+0x000001c5101e0b88
instanceKlass jdk/xml/internal/JdkProperty
instanceKlass com/sun/org/apache/xalan/internal/utils/FeaturePropertyBase
instanceKlass jdk/xml/internal/JdkXmlFeatures
instanceKlass javax/xml/catalog/CatalogFeatures$Builder
instanceKlass javax/xml/catalog/CatalogFeatures
instanceKlass jdk/xml/internal/TransformErrorListener
instanceKlass javax/xml/transform/ErrorListener
instanceKlass com/sun/org/apache/xalan/internal/xsltc/compiler/SourceLoader
instanceKlass  @bci javax/xml/transform/FactoryFinder find (Ljava/lang/Class;Ljava/lang/String;)Ljava/lang/Object; 123 <appendix> member <vmtarget> ; # javax/xml/transform/FactoryFinder$$Lambda+0x000001c5101ddf20
instanceKlass javax/xml/transform/FactoryFinder$1
instanceKlass  @bci javax/xml/transform/FactoryFinder find (Ljava/lang/Class;Ljava/lang/String;)Ljava/lang/Object; 24 <appendix> member <vmtarget> ; # javax/xml/transform/FactoryFinder$$Lambda+0x000001c5101ddac8
instanceKlass javax/xml/transform/FactoryFinder
instanceKlass javax/xml/transform/TransformerFactory
instanceKlass javax/xml/transform/stream/StreamResult
instanceKlass javax/xml/transform/Source
instanceKlass javax/xml/transform/Result
instanceKlass org/eclipse/text/templates/TemplateReaderWriter
instanceKlass  @bci java/util/stream/Collectors toList ()Ljava/util/stream/Collector; 14 <appendix> argL0 ; # java/util/stream/Collectors$$Lambda+0x000001c5101dcb20
instanceKlass  @bci java/util/stream/Collectors toList ()Ljava/util/stream/Collector; 9 <appendix> argL0 ; # java/util/stream/Collectors$$Lambda+0x000001c5101dc8f0
instanceKlass  @bci java/util/stream/Collectors toList ()Ljava/util/stream/Collector; 4 <appendix> argL0 ; # java/util/stream/Collectors$$Lambda+0x000001c5101dc6d0
instanceKlass  @bci org/eclipse/jdt/ls/core/internal/preferences/PreferenceManager reloadTemplateStore ()V 24 <appendix> argL0 ; # org/eclipse/jdt/ls/core/internal/preferences/PreferenceManager$$Lambda+0x000001c5102a4678
instanceKlass org/eclipse/text/templates/TemplatePersistenceData
instanceKlass org/eclipse/jface/text/templates/Template
instanceKlass java/util/ResourceBundle$Control$2
instanceKlass  @bci java/util/ResourceBundle$ResourceBundleControlProviderHolder lambda$static$0 ()Ljava/util/List; 11 <appendix> argL0 ; # java/util/ResourceBundle$ResourceBundleControlProviderHolder$$Lambda+0x000001c5101dc258
instanceKlass java/util/ServiceLoader$ProviderSpliterator
instanceKlass java/util/spi/ResourceBundleControlProvider
instanceKlass  @bci java/util/ResourceBundle$ResourceBundleControlProviderHolder <clinit> ()V 0 <appendix> argL0 ; # java/util/ResourceBundle$ResourceBundleControlProviderHolder$$Lambda+0x000001c5101dbb98
instanceKlass java/util/ResourceBundle$ResourceBundleControlProviderHolder
instanceKlass org/eclipse/jface/text/templates/TextTemplateMessages
instanceKlass org/eclipse/jface/text/IRegion
instanceKlass org/eclipse/jdt/ls/core/internal/handlers/FormatterHandler
instanceKlass org/apache/commons/lang3/text/StrTokenizer
instanceKlass org/apache/commons/lang3/text/StrBuilder
instanceKlass org/apache/commons/lang3/builder/Builder
instanceKlass  @bci java/util/regex/CharPredicates forUnicodeBlock (Ljava/lang/String;)Ljava/util/regex/Pattern$CharPredicate; 6 <appendix> member <vmtarget> ; # java/util/regex/CharPredicates$$Lambda+0x000001c5101db0b0
instanceKlass java/lang/Character$Subset
instanceKlass org/apache/commons/lang3/StringUtils
instanceKlass java/util/DualPivotQuicksort
instanceKlass org/apache/commons/lang3/ArraySorter
instanceKlass org/apache/commons/lang3/text/StrMatcher
instanceKlass org/apache/commons/lang3/text/StrSubstitutor
instanceKlass org/apache/commons/lang3/text/StrLookup
instanceKlass org/eclipse/osgi/storage/bundlefile/ZipBundleFile$1
instanceKlass  @bci org/eclipse/osgi/storage/bundlefile/ZipBundleFile getPaths ()Ljava/lang/Iterable; 1 <appendix> member <vmtarget> ; # org/eclipse/osgi/storage/bundlefile/ZipBundleFile$$Lambda+0x000001c51021c410
instanceKlass org/eclipse/jdt/ls/core/internal/ResourceUtils
instanceKlass org/eclipse/jdt/ls/core/internal/preferences/Preferences$ReferencedLibraries
instanceKlass java/util/UUID$Holder
instanceKlass org/eclipse/jdt/ls/core/internal/preferences/Preferences
instanceKlass org/eclipse/jface/text/templates/TemplateContextType
instanceKlass org/eclipse/jface/text/templates/TemplateVariableResolver
instanceKlass sun/nio/fs/WindowsFileCopy
instanceKlass sun/nio/fs/WindowsChannelFactory$2
instanceKlass sun/nio/fs/WindowsPath$1
instanceKlass sun/util/cldr/CLDRBaseLocaleDataMetaInfo$TZCanonicalIDMapHolder
instanceKlass sun/util/resources/provider/NonBaseLocaleDataMetaInfo
instanceKlass  @bci sun/util/locale/provider/JRELocaleProviderAdapter createSupportedLocaleString (Ljava/lang/String;)Ljava/lang/String; 6 <appendix> member <vmtarget> ; # sun/util/locale/provider/JRELocaleProviderAdapter$$Lambda+0x000001c5101d8920
instanceKlass sun/util/locale/provider/BaseLocaleDataMetaInfo
instanceKlass  @bci sun/util/locale/provider/JRELocaleProviderAdapter getTimeZoneNameProvider ()Ljava/util/spi/TimeZoneNameProvider; 8 <appendix> member <vmtarget> ; # sun/util/locale/provider/JRELocaleProviderAdapter$$Lambda+0x000001c5101d84a0
instanceKlass  @bci sun/util/cldr/CLDRLocaleProviderAdapter getTimeZoneNameProvider ()Ljava/util/spi/TimeZoneNameProvider; 8 <appendix> member <vmtarget> ; # sun/util/cldr/CLDRLocaleProviderAdapter$$Lambda+0x000001c5101d7df8
instanceKlass sun/util/locale/provider/TimeZoneNameUtility$TimeZoneNameGetter
instanceKlass sun/util/locale/provider/TimeZoneNameUtility
instanceKlass sun/nio/cs/Surrogate
instanceKlass sun/nio/cs/Surrogate$Parser
instanceKlass  @bci org/eclipse/core/internal/preferences/SortedProperties <clinit> ()V 0 <appendix> argL0 ; # org/eclipse/core/internal/preferences/SortedProperties$$Lambda+0x000001c510189d00
instanceKlass  @bci org/eclipse/core/runtime/Plugin savePluginPreferences ()V 41 <appendix> member <vmtarget> ; # org/eclipse/core/runtime/Plugin$$Lambda+0x000001c510218798
instanceKlass org/eclipse/core/runtime/Preferences$1
instanceKlass  @bci org/eclipse/core/internal/preferences/EclipsePreferences firePreferenceEvent (Ljava/lang/String;Ljava/lang/Object;Ljava/lang/Object;)V 41 <appendix> member <vmtarget> ; # org/eclipse/core/internal/preferences/EclipsePreferences$$Lambda+0x000001c510189ac8
instanceKlass java/lang/ProcessEnvironment$CheckedEntry
instanceKlass java/lang/ProcessEnvironment$CheckedEntrySet$1
instanceKlass java/lang/ProcessEnvironment$EntryComparator
instanceKlass java/lang/ProcessEnvironment$NameComparator
instanceKlass org/eclipse/jdt/ls/core/internal/Environment
instanceKlass org/eclipse/jdt/ls/core/internal/JDTEnvironmentUtils
instanceKlass org/eclipse/jdt/ls/core/internal/handlers/LogHandler$1
instanceKlass  @bci sun/util/locale/provider/JRELocaleProviderAdapter getDateFormatSymbolsProvider ()Ljava/text/spi/DateFormatSymbolsProvider; 8 <appendix> member <vmtarget> ; # sun/util/locale/provider/JRELocaleProviderAdapter$$Lambda+0x800000065
instanceKlass java/text/DateFormatSymbols
instanceKlass java/util/stream/Nodes$ArrayNode
instanceKlass  @bci sun/util/locale/provider/LocaleProviderAdapter toLocaleArray (Ljava/util/Set;)[Ljava/util/Locale; 16 <appendix> argL0 ; # sun/util/locale/provider/LocaleProviderAdapter$$Lambda+0x800000069
instanceKlass  @bci sun/util/locale/provider/LocaleProviderAdapter toLocaleArray (Ljava/util/Set;)[Ljava/util/Locale; 6 <appendix> argL0 ; # sun/util/locale/provider/LocaleProviderAdapter$$Lambda+0x800000068
instanceKlass  @bci sun/util/cldr/CLDRLocaleProviderAdapter getCalendarDataProvider ()Ljava/util/spi/CalendarDataProvider; 8 <appendix> member <vmtarget> ; # sun/util/cldr/CLDRLocaleProviderAdapter$$Lambda+0x800000062
instanceKlass sun/util/locale/provider/CalendarDataUtility$CalendarWeekParameterGetter
instanceKlass sun/util/locale/provider/LocaleServiceProviderPool$LocalizedObjectGetter
instanceKlass sun/util/locale/provider/LocaleServiceProviderPool
instanceKlass java/util/Calendar$Builder
instanceKlass  @bci sun/util/locale/provider/JRELocaleProviderAdapter getCalendarProvider ()Lsun/util/spi/CalendarProvider; 8 <appendix> member <vmtarget> ; # sun/util/locale/provider/JRELocaleProviderAdapter$$Lambda+0x800000063
instanceKlass java/util/Calendar
instanceKlass  @bci sun/util/locale/provider/JRELocaleProviderAdapter getDateFormatProvider ()Ljava/text/spi/DateFormatProvider; 8 <appendix> member <vmtarget> ; # sun/util/locale/provider/JRELocaleProviderAdapter$$Lambda+0x800000064
instanceKlass org/eclipse/jdt/ls/core/internal/handlers/DefaultLogFilter
instanceKlass org/eclipse/core/runtime/ILogListener
instanceKlass org/eclipse/jdt/ls/core/internal/handlers/LogHandler
instanceKlass  @bci org/eclipse/core/internal/preferences/EclipsePreferences fireNodeEvent (Lorg/eclipse/core/runtime/preferences/IEclipsePreferences$NodeChangeEvent;Z)V 26 <adapter> ; # java/lang/invoke/LambdaForm$MH+0x000001c510295800
instanceKlass  @bci org/eclipse/core/internal/preferences/EclipsePreferences fireNodeEvent (Lorg/eclipse/core/runtime/preferences/IEclipsePreferences$NodeChangeEvent;Z)V 26 <appendix> form vmentry <vmtarget> ; # java/lang/invoke/LambdaForm$DMH+0x000001c510295400
instanceKlass  @bci org/eclipse/core/internal/preferences/EclipsePreferences fireNodeEvent (Lorg/eclipse/core/runtime/preferences/IEclipsePreferences$NodeChangeEvent;Z)V 26 <appendix> member <vmtarget> ; # org/eclipse/core/internal/preferences/EclipsePreferences$$Lambda+0x000001c510189890
instanceKlass  @cpi org/eclipse/core/internal/preferences/EclipsePreferences 1057 form vmentry <vmtarget> ; # java/lang/invoke/LambdaForm$DMH+0x000001c510295000
instanceKlass org/eclipse/jdt/internal/core/manipulation/MembersOrderPreferenceCacheCommon
instanceKlass org/eclipse/jdt/core/manipulation/JavaManipulation
instanceKlass java/nio/channels/AsynchronousByteChannel
instanceKlass java/nio/channels/AsynchronousChannel
instanceKlass java/net/SocketAddress
instanceKlass org/eclipse/jdt/ls/core/internal/syntaxserver/IExtendedProtocol
instanceKlass org/eclipse/jdt/ls/core/internal/lsp/JavaProtocolExtensions
instanceKlass org/eclipse/lsp4j/services/WorkspaceService
instanceKlass org/eclipse/lsp4j/services/TextDocumentService
instanceKlass org/eclipse/lsp4j/services/LanguageServer
instanceKlass org/eclipse/jdt/internal/core/DeltaProcessor$2
instanceKlass org/eclipse/jdt/ls/core/internal/BaseJDTLanguageServer
instanceKlass org/eclipse/core/internal/events/NotificationManager$1
instanceKlass java/net/Authenticator
instanceKlass org/eclipse/jdt/ls/core/contentassist/ICompletionContributionService
instanceKlass org/eclipse/jdt/internal/core/ModelUpdater
instanceKlass org/eclipse/jdt/internal/core/JavaModelManager$20$1
instanceKlass  @bci org/eclipse/jdt/internal/core/search/processing/JobManager reset ()V 38 <appendix> member <vmtarget> ; # org/eclipse/jdt/internal/core/search/processing/JobManager$$Lambda+0x000001c5102920b8
instanceKlass org/eclipse/jdt/internal/core/ExternalAnnotationTracker$DirectoryNode
instanceKlass org/eclipse/jdt/internal/core/ExternalAnnotationTracker
instanceKlass org/eclipse/jdt/internal/core/DeltaProcessor$RootInfo
instanceKlass org/eclipse/jdt/internal/core/JavaProject$ResolvedClasspath
instanceKlass org/eclipse/jdt/internal/core/ClasspathChange
instanceKlass  @bci java/util/ResourceBundle$ResourceBundleProviderHelper loadPropertyResourceBundle (Ljava/lang/Module;Ljava/lang/Module;Ljava/lang/String;Ljava/util/Locale;)Ljava/util/ResourceBundle; 14 <appendix> member <vmtarget> ; # java/util/ResourceBundle$ResourceBundleProviderHelper$$Lambda+0x000001c5101d4988
instanceKlass  @bci java/util/ResourceBundle$ResourceBundleProviderHelper loadResourceBundle (Ljava/lang/Module;Ljava/lang/Module;Ljava/lang/String;Ljava/util/Locale;)Ljava/util/ResourceBundle; 13 <appendix> member <vmtarget> ; # java/util/ResourceBundle$ResourceBundleProviderHelper$$Lambda+0x000001c5101d4760
instanceKlass java/util/ResourceBundle$3
instanceKlass java/util/ResourceBundle$CacheKeyReference
instanceKlass java/util/ResourceBundle$CacheKey
instanceKlass  @bci java/util/ResourceBundle getLoader (Ljava/lang/Module;)Ljava/lang/ClassLoader; 6 <appendix> member <vmtarget> ; # java/util/ResourceBundle$$Lambda+0x000001c5101d3c80
instanceKlass  @bci jdk/xml/internal/SecuritySupport getResourceBundle (Ljava/lang/String;Ljava/util/Locale;)Ljava/util/ResourceBundle; 2 <appendix> member <vmtarget> ; # jdk/xml/internal/SecuritySupport$$Lambda+0x000001c5101d3a58
instanceKlass com/sun/org/apache/xerces/internal/dom/DOMMessageFormatter
instanceKlass org/w3c/dom/Attr
instanceKlass com/sun/org/apache/xerces/internal/dom/NamedNodeMapImpl
instanceKlass org/w3c/dom/NamedNodeMap
instanceKlass com/sun/org/apache/xerces/internal/dom/CharacterDataImpl$1
instanceKlass org/w3c/dom/Text
instanceKlass org/w3c/dom/CharacterData
instanceKlass com/sun/org/apache/xerces/internal/dom/DeepNodeListImpl
instanceKlass com/sun/org/apache/xerces/internal/dom/DeferredDocumentImpl$RefCount
instanceKlass com/sun/org/apache/xerces/internal/dom/NodeListCache
instanceKlass org/w3c/dom/TypeInfo
instanceKlass org/w3c/dom/ElementTraversal
instanceKlass org/w3c/dom/Element
instanceKlass org/w3c/dom/DocumentType
instanceKlass com/sun/org/apache/xerces/internal/dom/NodeImpl
instanceKlass org/w3c/dom/events/EventTarget
instanceKlass org/w3c/dom/NodeList
instanceKlass org/w3c/dom/Document
instanceKlass org/w3c/dom/ranges/DocumentRange
instanceKlass org/w3c/dom/events/DocumentEvent
instanceKlass org/w3c/dom/traversal/DocumentTraversal
instanceKlass com/sun/org/apache/xerces/internal/dom/DeferredNode
instanceKlass org/w3c/dom/Node
instanceKlass sun/nio/ch/Util$BufferCache
instanceKlass sun/nio/ch/Util
instanceKlass sun/nio/ch/IOStatus
instanceKlass java/nio/channels/NetworkChannel
instanceKlass sun/nio/ch/SelChImpl
instanceKlass sun/nio/ch/Streams
instanceKlass java/nio/channels/Channels
instanceKlass sun/nio/fs/WindowsSecurityDescriptor
instanceKlass org/eclipse/jdt/internal/core/util/Util
instanceKlass org/eclipse/jdt/internal/core/JavaModelManager$SecondaryTypes
instanceKlass org/eclipse/jdt/core/IJavaModelStatusConstants
# instanceKlass java/lang/invoke/LambdaForm$MH+0x000001c51028b400
# instanceKlass java/lang/invoke/LambdaForm$MH+0x000001c51028b000
instanceKlass org/eclipse/jdt/internal/compiler/CompilationResult
instanceKlass lombok/eclipse/agent/PatchDelegate$BindingTuple
instanceKlass org/eclipse/jdt/internal/compiler/ast/TypeOrLambda
instanceKlass org/eclipse/jdt/internal/compiler/ast/Invocation
instanceKlass org/eclipse/jdt/internal/compiler/ast/IPolyExpression
instanceKlass lombok/eclipse/agent/PatchDelegate
instanceKlass lombok/eclipse/agent/PatchDelegatePortal
instanceKlass lombok/core/LombokNode
instanceKlass lombok/core/DiagnosticsReceiver
instanceKlass lombok/launch/PatchFixesHider$Util
instanceKlass lombok/launch/PatchFixesHider$Delegate
instanceKlass org/eclipse/jdt/internal/core/DeltaProcessingState$RootInfos
instanceKlass org/eclipse/jdt/internal/core/JavaModelManager$PersistedClasspathContainer
instanceKlass org/eclipse/jdt/internal/core/ClasspathAttribute
instanceKlass org/eclipse/jdt/internal/core/ClasspathEntry
instanceKlass org/eclipse/jdt/internal/compiler/env/IModulePathEntry
instanceKlass org/eclipse/jdt/core/eval/IEvaluationContext
instanceKlass org/eclipse/jdt/internal/core/JavaModelManager$PerProjectInfo
instanceKlass org/eclipse/jdt/internal/core/JavaModelManager$VariablesAndContainersLoadHelper
instanceKlass org/eclipse/jdt/internal/core/JavaModelManager$19
instanceKlass org/eclipse/jdt/internal/core/JavaModelManager$18
instanceKlass org/eclipse/jdt/internal/core/JavaModelManager$13
instanceKlass org/eclipse/jdt/internal/core/JavaModelManager$12
instanceKlass org/eclipse/jdt/internal/formatter/DefaultCodeFormatterOptions
instanceKlass org/eclipse/jdt/core/formatter/DefaultCodeFormatterConstants
instanceKlass org/eclipse/jdt/internal/compiler/util/Util
instanceKlass org/eclipse/jdt/internal/compiler/impl/IrritantSet
instanceKlass org/eclipse/jdt/internal/core/util/ICacheEnumeration
instanceKlass org/eclipse/jdt/internal/formatter/TokenTraverser
instanceKlass org/eclipse/text/edits/TextEdit
instanceKlass org/eclipse/jdt/core/formatter/CodeFormatter
instanceKlass lombok/patcher/scripts/WrapperMethodDescriptor
instanceKlass lombok/patcher/scripts/SetSymbolDuringMethodCallScript$1
instanceKlass org/eclipse/jdt/core/SourceRange
instanceKlass org/eclipse/jdt/internal/compiler/util/JRTUtil$JrtFileVisitor
instanceKlass org/eclipse/jdt/core/IOrdinaryClassFile
instanceKlass org/eclipse/jdt/internal/core/util/ReferenceInfoAdapter
instanceKlass org/eclipse/jdt/internal/compiler/ISourceElementRequestor
instanceKlass org/eclipse/jdt/internal/compiler/env/ISourceType
instanceKlass org/eclipse/jdt/internal/compiler/env/IGenericType
instanceKlass org/eclipse/jdt/core/search/TypeNameMatchRequestor
instanceKlass org/eclipse/jdt/internal/compiler/problem/ProblemHandler
instanceKlass org/eclipse/jdt/internal/compiler/ASTVisitor
instanceKlass org/eclipse/jdt/internal/core/search/IndexQueryRequestor
instanceKlass org/eclipse/jdt/core/search/TypeNameMatch
instanceKlass org/eclipse/jdt/core/search/MethodNameMatch
instanceKlass org/eclipse/jdt/core/search/IJavaSearchScope
instanceKlass org/eclipse/jdt/core/search/SearchPattern
instanceKlass org/eclipse/jdt/core/search/IParallelizable
instanceKlass org/eclipse/jdt/core/search/SearchParticipant
instanceKlass org/eclipse/jdt/internal/core/search/BasicSearchEngine
instanceKlass org/eclipse/jdt/core/ITypeParameter
instanceKlass org/eclipse/jdt/core/ISourceRange
instanceKlass org/eclipse/jdt/core/IAnnotation
instanceKlass org/eclipse/jdt/internal/core/AbstractModule
instanceKlass org/eclipse/jdt/core/IModuleDescription
instanceKlass org/eclipse/jdt/internal/core/NameLookup
instanceKlass org/eclipse/jface/text/IDocument
instanceKlass org/eclipse/jdt/internal/core/JavaModelCache$1
instanceKlass org/eclipse/jdt/internal/compiler/env/IBinaryInfo
instanceKlass org/eclipse/jdt/internal/core/JavaModelCache
instanceKlass org/eclipse/jdt/core/IType
instanceKlass org/eclipse/jdt/core/IAnnotatable
instanceKlass org/eclipse/jdt/core/IMember
instanceKlass org/eclipse/jdt/internal/core/hierarchy/HierarchyBuilder
instanceKlass org/eclipse/jdt/internal/core/hierarchy/TypeHierarchy
instanceKlass org/eclipse/jdt/core/ITypeHierarchy
instanceKlass org/eclipse/jdt/core/dom/ASTNode
instanceKlass org/eclipse/jdt/core/dom/StructuralPropertyDescriptor
instanceKlass org/eclipse/jdt/internal/core/dom/rewrite/RewriteEvent
instanceKlass org/eclipse/jdt/internal/core/dom/rewrite/RewriteEventStore
instanceKlass org/eclipse/jdt/core/dom/ASTVisitor
instanceKlass org/eclipse/jdt/internal/core/DeltaProcessor
instanceKlass org/eclipse/jdt/internal/codeassist/CompletionEngine$1
instanceKlass  @bci org/eclipse/jdt/internal/compiler/lookup/ReferenceBinding <clinit> ()V 58 <appendix> argL0 ; # org/eclipse/jdt/internal/compiler/lookup/ReferenceBinding$$Lambda+0x000001c510260200
instanceKlass org/eclipse/jdt/internal/compiler/lookup/ParameterNonNullDefaultProvider
instanceKlass org/eclipse/jdt/internal/compiler/lookup/ReferenceBinding$3
instanceKlass org/eclipse/jdt/internal/compiler/lookup/ReferenceBinding$2
instanceKlass org/eclipse/jdt/internal/compiler/lookup/ReductionResult
instanceKlass org/eclipse/jdt/internal/compiler/lookup/ElementValuePair
instanceKlass org/eclipse/jdt/internal/compiler/lookup/AnnotationBinding
instanceKlass org/eclipse/jdt/internal/compiler/env/IUpdatableModule
instanceKlass org/eclipse/jdt/internal/compiler/lookup/HotSwappable
instanceKlass org/eclipse/jdt/internal/compiler/lookup/TypeBindingVisitor
instanceKlass org/eclipse/jdt/internal/compiler/parser/ScannerHelper
instanceKlass org/eclipse/jdt/core/Signature
instanceKlass org/eclipse/jdt/internal/compiler/lookup/TypeConstants$CloseMethodRecord
instanceKlass org/eclipse/jdt/internal/core/INamingRequestor
instanceKlass org/eclipse/jdt/internal/compiler/lookup/Substitution
instanceKlass org/eclipse/jdt/internal/core/IJavaElementRequestor
instanceKlass org/eclipse/jdt/internal/codeassist/UnresolvedReferenceNameFinder$UnresolvedReferenceNameRequestor
instanceKlass org/eclipse/jdt/core/search/SearchRequestor
instanceKlass lombok/patcher/scripts/ReplaceMethodCallScript$1
instanceKlass org/eclipse/jdt/core/CompletionRequestor
instanceKlass org/eclipse/jdt/internal/codeassist/MissingTypesGuesser$GuessedTypeRequestor
instanceKlass org/eclipse/jdt/internal/codeassist/complete/CompletionNode
instanceKlass org/eclipse/jdt/core/CompletionProposal
instanceKlass org/eclipse/jdt/internal/compiler/lookup/Binding
instanceKlass org/eclipse/jdt/internal/compiler/lookup/Scope
instanceKlass org/eclipse/jdt/core/compiler/IProblem
instanceKlass org/eclipse/jdt/core/CompletionContext
instanceKlass org/eclipse/jdt/internal/compiler/lookup/InvocationSite
instanceKlass org/eclipse/jdt/internal/compiler/ast/ASTNode
instanceKlass org/eclipse/jdt/internal/compiler/ast/Location
instanceKlass org/eclipse/jdt/internal/codeassist/impl/Engine
instanceKlass org/eclipse/jdt/internal/codeassist/ICompletionEngine
instanceKlass org/eclipse/jdt/internal/codeassist/RelevanceConstants
instanceKlass org/eclipse/jdt/internal/compiler/lookup/TypeConstants
instanceKlass org/eclipse/jdt/internal/codeassist/ISearchRequestor
instanceKlass org/eclipse/jdt/internal/compiler/impl/ReferenceContext
instanceKlass org/eclipse/jdt/internal/compiler/ICompilerRequestor
instanceKlass org/eclipse/jdt/internal/compiler/Compiler
instanceKlass org/eclipse/jdt/internal/compiler/problem/ProblemSeverities
instanceKlass org/eclipse/jdt/internal/compiler/impl/ITypeRequestor
instanceKlass org/eclipse/jdt/internal/compiler/env/INameEnvironment
instanceKlass org/eclipse/jdt/internal/core/builder/ClasspathLocation
instanceKlass org/eclipse/jdt/core/IBuffer
instanceKlass org/eclipse/jdt/core/IBufferFactory
instanceKlass org/eclipse/jdt/internal/core/BufferManager
instanceKlass org/eclipse/jdt/internal/core/JavaModelManager$8
instanceKlass  @bci org/eclipse/jdt/internal/core/JavaModelManager <clinit> ()V 139 <appendix> argL0 ; # org/eclipse/jdt/internal/core/JavaModelManager$$Lambda+0x000001c51023a4b0
instanceKlass  @bci org/eclipse/jdt/internal/core/search/indexing/IndexNamesRegistry <init> (Ljava/io/File;Lorg/eclipse/core/runtime/IPath;)V 24 <appendix> member <vmtarget> ; # org/eclipse/jdt/internal/core/search/indexing/IndexNamesRegistry$$Lambda+0x000001c51023a288
instanceKlass org/eclipse/jdt/internal/core/search/indexing/IndexNamesRegistry
instanceKlass org/eclipse/jdt/internal/compiler/util/SimpleLookupTable
instanceKlass org/eclipse/jdt/internal/core/index/IndexLocation
instanceKlass org/eclipse/jdt/internal/core/search/indexing/IndexRequest
instanceKlass org/eclipse/jdt/internal/compiler/parser/Parser
instanceKlass org/eclipse/jdt/internal/compiler/lookup/TypeIds
instanceKlass org/eclipse/jdt/internal/compiler/ast/OperatorIds
instanceKlass org/eclipse/jdt/internal/compiler/parser/ConflictedParser
instanceKlass org/eclipse/jdt/internal/compiler/parser/ParserBasicInformation
instanceKlass org/eclipse/jdt/internal/compiler/IProblemFactory
instanceKlass org/eclipse/jdt/internal/core/search/processing/JobManager
instanceKlass org/eclipse/jdt/internal/core/search/indexing/IIndexConstants
instanceKlass  @bci org/eclipse/jdt/internal/core/JavaModelManager <init> ()V 404 <appendix> argL0 ; # org/eclipse/jdt/internal/core/JavaModelManager$$Lambda+0x000001c510236528
instanceKlass org/eclipse/jdt/internal/core/JavaModelManager$3
instanceKlass org/eclipse/jdt/internal/core/JavaModelManager$2
instanceKlass org/eclipse/jdt/internal/core/JavaModelManager$EclipsePreferencesListener
instanceKlass org/eclipse/jdt/core/IElementChangedListener
instanceKlass org/eclipse/jdt/internal/core/DeltaProcessingState
instanceKlass org/eclipse/jdt/internal/core/ExternalFoldersManager
instanceKlass org/eclipse/jdt/internal/core/util/Util$Comparer
instanceKlass org/eclipse/jdt/internal/core/JavaModelManager$CompilationParticipants
instanceKlass org/eclipse/jdt/internal/core/BatchInitializationMonitor
instanceKlass org/eclipse/jdt/internal/core/JavaModelOperation
instanceKlass org/eclipse/jdt/internal/core/JavaElementInfo
instanceKlass org/eclipse/jdt/internal/codeassist/ISelectionRequestor
instanceKlass org/eclipse/jdt/internal/compiler/env/IElementInfo
instanceKlass org/eclipse/jdt/internal/core/JavaModelManager$1
instanceKlass org/eclipse/jdt/internal/core/search/processing/IJob
instanceKlass org/eclipse/jdt/core/IAccessRule
instanceKlass org/eclipse/jdt/internal/compiler/util/Util$Displayable
instanceKlass org/eclipse/jdt/core/IJavaModelStatus
instanceKlass org/eclipse/jdt/core/IJavaElementDelta
instanceKlass org/eclipse/jdt/internal/compiler/util/SuffixConstants
instanceKlass org/eclipse/jdt/internal/compiler/env/ICompilationUnit
instanceKlass org/eclipse/jdt/internal/compiler/env/IDependent
instanceKlass org/eclipse/core/internal/jobs/JobQueue$2
instanceKlass org/eclipse/jdt/core/ICompilationUnit
instanceKlass org/lombokweb/asm/Handle
instanceKlass org/eclipse/jdt/core/IBufferChangedListener
instanceKlass org/eclipse/jdt/core/IPackageFragmentRoot
instanceKlass org/eclipse/jdt/core/IClassFile
instanceKlass org/eclipse/jdt/core/ITypeRoot
instanceKlass org/eclipse/jdt/core/ICodeAssist
instanceKlass org/eclipse/jdt/core/ISourceReference
instanceKlass org/eclipse/jdt/core/IPackageFragment
instanceKlass org/eclipse/jdt/core/ISourceManipulation
instanceKlass org/eclipse/jdt/internal/core/search/IRestrictedAccessTypeRequestor
instanceKlass org/eclipse/jdt/internal/core/util/LRUCache
instanceKlass org/eclipse/jdt/core/IJavaProject
instanceKlass org/eclipse/jdt/core/IClasspathContainer
instanceKlass org/eclipse/jdt/internal/core/JavaModelManager
instanceKlass  @bci java/util/Comparator comparingDouble (Ljava/util/function/ToDoubleFunction;)Ljava/util/Comparator; 6 <appendix> member <vmtarget> ; # java/util/Comparator$$Lambda+0x000001c5101c54c8
instanceKlass  @bci org/eclipse/jdt/core/JavaCore <clinit> ()V 214 <appendix> argL0 ; # org/eclipse/jdt/core/JavaCore$$Lambda+0x000001c510227a80
instanceKlass  @cpi org/eclipse/jdt/core/JavaCore 2486 form vmentry <vmtarget> ; # java/lang/invoke/LambdaForm$DMH+0x000001c510228400
# instanceKlass java/lang/invoke/LambdaForm$DMH+0x000001c510228000
instanceKlass java/util/function/ToDoubleFunction
instanceKlass org/eclipse/jdt/core/compiler/CharOperation
instanceKlass org/eclipse/jdt/internal/compiler/impl/CompilerOptions
instanceKlass org/eclipse/core/internal/events/NodeIDMap
instanceKlass org/eclipse/core/internal/events/ResourceDeltaInfo
instanceKlass org/eclipse/core/internal/dtree/NodeComparison
instanceKlass org/eclipse/core/internal/events/ResourceComparator
instanceKlass org/eclipse/jdt/core/search/TypeNameRequestor
instanceKlass org/eclipse/jdt/core/IClasspathEntry
instanceKlass org/eclipse/core/internal/events/ResourceDeltaFactory
instanceKlass org/eclipse/jdt/core/IClasspathAttribute
instanceKlass org/eclipse/core/resources/IMarkerDelta
instanceKlass org/eclipse/jdt/core/IWorkingCopy
instanceKlass org/eclipse/jdt/internal/compiler/env/IModule
instanceKlass org/eclipse/jdt/core/IRegion
instanceKlass org/eclipse/jdt/core/IJavaModel
instanceKlass org/eclipse/jdt/core/IParent
instanceKlass org/eclipse/jdt/core/IOpenable
instanceKlass org/eclipse/jdt/core/IJavaElement
instanceKlass org/eclipse/core/resources/IWorkspaceRunnable
instanceKlass org/eclipse/jdt/core/WorkingCopyOwner
instanceKlass org/eclipse/jdt/ls/core/internal/managers/ISourceDownloader
instanceKlass org/eclipse/text/internal/Activator
instanceKlass org/eclipse/text/templates/ContextTypeRegistry
instanceKlass org/eclipse/core/runtime/SubMonitor$RootInfo
instanceKlass org/eclipse/core/runtime/SubMonitor
instanceKlass org/eclipse/jdt/ls/core/internal/preferences/PreferenceManager
instanceKlass org/eclipse/core/resources/team/ResourceRuleFactory
# instanceKlass java/lang/invoke/LambdaForm$MH+0x000001c510221000
# instanceKlass java/lang/invoke/LambdaForm$MH+0x000001c510220c00
# instanceKlass java/lang/invoke/LambdaForm$MH+0x000001c510220800
# instanceKlass java/lang/invoke/LambdaForm$MH+0x000001c510220400
# instanceKlass java/lang/invoke/LambdaForm$DMH+0x000001c510220000
instanceKlass org/eclipse/osgi/framework/util/CaseInsensitiveDictionaryMap$KeyIterator
instanceKlass org/eclipse/core/resources/IResourceChangeEvent
instanceKlass java/util/concurrent/atomic/Striped64$1
instanceKlass jdk/internal/util/random/RandomSupport
instanceKlass  @bci org/apache/felix/scr/impl/manager/ComponentContextImpl createNewFieldHandlerMap ()Ljava/util/Map; 4 <appendix> argL0 ; # org/apache/felix/scr/impl/manager/ComponentContextImpl$$Lambda+0x000001c510213998
instanceKlass  @bci org/eclipse/core/internal/runtime/InternalPlatform getLog (Lorg/osgi/framework/Bundle;)Lorg/eclipse/core/runtime/ILog; 13 <appendix> member <vmtarget> ; # org/eclipse/core/internal/runtime/InternalPlatform$$Lambda+0x000001c510218310
instanceKlass org/eclipse/core/internal/runtime/Log
instanceKlass org/eclipse/core/internal/preferences/BundleStateScope
instanceKlass org/apache/felix/scr/impl/inject/field/FieldHandler$Resolved
instanceKlass org/apache/felix/scr/impl/inject/field/FieldUtils$FieldSearchResult
instanceKlass org/apache/felix/scr/impl/inject/field/FieldUtils$1
instanceKlass org/apache/felix/scr/impl/inject/field/FieldUtils
instanceKlass org/apache/felix/scr/impl/inject/field/FieldHandler$1
instanceKlass org/apache/felix/scr/impl/inject/field/FieldHandler$ReferenceMethodImpl
instanceKlass org/apache/felix/scr/impl/inject/field/FieldHandler$NotResolved
instanceKlass org/apache/felix/scr/impl/inject/field/FieldHandler$State
instanceKlass org/apache/felix/scr/impl/inject/InitReferenceMethod
instanceKlass org/apache/felix/scr/impl/inject/field/FieldHandler
instanceKlass org/apache/felix/scr/impl/inject/field/FieldMethods
instanceKlass org/eclipse/core/internal/resources/CheckMissingNaturesListener
instanceKlass org/eclipse/core/internal/resources/Rules
instanceKlass org/eclipse/core/internal/resources/ResourceChangeListenerRegistrar
instanceKlass  @bci org/eclipse/jdt/internal/compiler/lookup/ReferenceBinding collateFunctionalInterfaceContracts (Lorg/eclipse/jdt/internal/compiler/lookup/Scope;ZLjava/util/Set;)Ljava/util/stream/Stream; 47 <adapter> ; # java/lang/invoke/LambdaForm$MH+0x000001c510211c00
# instanceKlass java/lang/invoke/LambdaForm$DMH+0x000001c510211800
instanceKlass  @bci org/eclipse/jdt/internal/compiler/lookup/ReferenceBinding collateFunctionalInterfaceContracts (Lorg/eclipse/jdt/internal/compiler/lookup/Scope;ZLjava/util/Set;)Ljava/util/stream/Stream; 47 <appendix> form vmentry <vmtarget> ; # java/lang/invoke/LambdaForm$DMH+0x000001c510211400
instanceKlass  @bci org/eclipse/core/internal/jobs/JobManager startJob (Lorg/eclipse/core/internal/jobs/Worker;)Lorg/eclipse/core/runtime/jobs/Job; 45 <appendix> member <vmtarget> ; # org/eclipse/core/internal/jobs/JobManager$$Lambda+0x000001c5101760c0
instanceKlass  @cpi org/eclipse/core/internal/jobs/JobManager 1541 form vmentry <vmtarget> ; # java/lang/invoke/LambdaForm$DMH+0x000001c510211000
instanceKlass  @bci org/eclipse/jdt/ls/core/internal/handlers/DocumentSymbolHandler toDocumentSymbol (Lorg/eclipse/jdt/core/IJavaElement;Lorg/eclipse/jdt/core/ITypeRoot;Lorg/eclipse/core/runtime/IProgressMonitor;ZLjava/util/Set;)Lorg/eclipse/lsp4j/DocumentSymbol; 612 <adapter> ; # java/lang/invoke/LambdaForm$MH+0x000001c510210c00
# instanceKlass java/lang/invoke/LambdaForm$DMH+0x000001c510210800
instanceKlass  @bci org/eclipse/jdt/ls/core/internal/handlers/DocumentSymbolHandler toDocumentSymbol (Lorg/eclipse/jdt/core/IJavaElement;Lorg/eclipse/jdt/core/ITypeRoot;Lorg/eclipse/core/runtime/IProgressMonitor;ZLjava/util/Set;)Lorg/eclipse/lsp4j/DocumentSymbol; 612 <appendix> form vmentry <vmtarget> ; # java/lang/invoke/LambdaForm$DMH+0x000001c510210400
instanceKlass  @bci org/eclipse/core/internal/jobs/JobManager endJob (Lorg/eclipse/core/internal/jobs/InternalJob;Lorg/eclipse/core/runtime/IStatus;ZZ)V 14 <appendix> member <vmtarget> ; # org/eclipse/core/internal/jobs/JobManager$$Lambda+0x000001c510175e78
instanceKlass  @cpi org/eclipse/jdt/ls/core/internal/handlers/DocumentSymbolHandler 749 form vmentry <vmtarget> ; # java/lang/invoke/LambdaForm$DMH+0x000001c510210000
instanceKlass  @bci org/eclipse/core/internal/resources/AliasManager buildAliasedProjectsSet ()V 30 <appendix> member <vmtarget> ; # org/eclipse/core/internal/resources/AliasManager$$Lambda+0x000001c51020e800
instanceKlass org/eclipse/core/internal/filesystem/FileStoreUtil
instanceKlass  @bci org/eclipse/core/internal/resources/AliasManager$HashMapWithSortedKeys <init> ()V 9 <appendix> argL0 ; # org/eclipse/core/internal/resources/AliasManager$HashMapWithSortedKeys$$Lambda+0x000001c51020fc68
instanceKlass org/eclipse/core/internal/resources/AliasManager$HashMapWithSortedKeys
instanceKlass org/eclipse/core/internal/resources/AliasManager$LocationMap
instanceKlass org/eclipse/core/internal/resources/AliasManager
instanceKlass org/eclipse/core/resources/refresh/IRefreshMonitor
instanceKlass org/eclipse/core/internal/refresh/MonitorManager
instanceKlass org/eclipse/core/resources/IResourceDeltaVisitor
instanceKlass org/eclipse/core/resources/IPathVariableChangeListener
instanceKlass org/eclipse/core/internal/refresh/RefreshManager
instanceKlass org/eclipse/core/resources/refresh/IRefreshResult
instanceKlass  @bci org/eclipse/core/internal/resources/ContentDescriptionManager getCurrentPlatformState ()Ljava/lang/String; 39 <appendix> argL0 ; # org/eclipse/core/internal/resources/ContentDescriptionManager$$Lambda+0x000001c51020ad38
instanceKlass  @bci org/eclipse/core/internal/properties/PropertyBucket$PropertyEntry <clinit> ()V 0 <appendix> argL0 ; # org/eclipse/core/internal/properties/PropertyBucket$PropertyEntry$$Lambda+0x000001c51020a710
instanceKlass  @cpi org/eclipse/jdt/internal/launching/StandardVMType 1161 form vmentry <vmtarget> ; # java/lang/invoke/LambdaForm$DMH+0x000001c51020e400
instanceKlass org/eclipse/core/internal/resources/ProjectContentTypes
instanceKlass org/eclipse/core/internal/utils/Cache
instanceKlass org/eclipse/core/internal/resources/ContentDescriptionManager
instanceKlass  @bci org/eclipse/core/internal/resources/CharsetManager initPreferenceChangeListener ()V 2 <appendix> member <vmtarget> ; # org/eclipse/core/internal/resources/CharsetManager$$Lambda+0x000001c510209b10
instanceKlass  @bci org/eclipse/jdt/internal/compiler/ast/ReferenceExpression resolveType (Lorg/eclipse/jdt/internal/compiler/lookup/BlockScope;)Lorg/eclipse/jdt/internal/compiler/lookup/TypeBinding; 651 <appendix> form vmentry <vmtarget> ; # java/lang/invoke/LambdaForm$MH+0x000001c51020e000
instanceKlass  @bci org/eclipse/jdt/internal/compiler/ast/ReferenceExpression resolveType (Lorg/eclipse/jdt/internal/compiler/lookup/BlockScope;)Lorg/eclipse/jdt/internal/compiler/lookup/TypeBinding; 651 <appendix> argL3 form vmentry <vmtarget> ; # java/lang/invoke/LambdaForm$MH+0x000001c51020dc00
# instanceKlass java/lang/invoke/LambdaForm$MH+0x000001c51020d800
# instanceKlass java/lang/invoke/LambdaForm$MH+0x000001c51020d400
# instanceKlass java/lang/invoke/LambdaForm$MH+0x000001c51020d000
instanceKlass  @bci org/eclipse/core/internal/jobs/JobManager now ()J 5 <appendix> member <vmtarget> ; # org/eclipse/core/internal/jobs/JobManager$$Lambda+0x000001c510175c30
instanceKlass java/util/function/LongUnaryOperator
instanceKlass org/eclipse/core/internal/jobs/JobChangeEvent
instanceKlass  @bci org/eclipse/core/internal/jobs/JobManager schedule (Lorg/eclipse/core/internal/jobs/InternalJob;J)V 5 <adapter> ; # java/lang/invoke/LambdaForm$MH+0x000001c51020cc00
# instanceKlass java/lang/invoke/LambdaForm$DMH+0x000001c51020c800
instanceKlass  @bci org/eclipse/core/internal/jobs/JobManager schedule (Lorg/eclipse/core/internal/jobs/InternalJob;J)V 5 <appendix> form vmentry <vmtarget> ; # java/lang/invoke/LambdaForm$DMH+0x000001c51020c400
instanceKlass  @bci org/eclipse/core/internal/jobs/JobManager schedule (Lorg/eclipse/core/internal/jobs/InternalJob;J)V 5 <appendix> member <vmtarget> ; # org/eclipse/core/internal/jobs/JobManager$$Lambda+0x000001c510175780
instanceKlass  @cpi org/eclipse/core/internal/jobs/JobManager 1514 form vmentry <vmtarget> ; # java/lang/invoke/LambdaForm$DMH+0x000001c51020c000
instanceKlass org/eclipse/core/internal/resources/CharsetDeltaJob$ICharsetListenerFilter
instanceKlass  @bci org/osgi/framework/FrameworkUtil lambda$4 (Ljava/lang/Class;)Lorg/osgi/framework/Bundle; 29 <appendix> argL0 ; # org/osgi/framework/FrameworkUtil$$Lambda+0x000001c510133a48
instanceKlass  @bci org/osgi/framework/FrameworkUtil lambda$4 (Ljava/lang/Class;)Lorg/osgi/framework/Bundle; 19 <appendix> argL0 ; # org/osgi/framework/FrameworkUtil$$Lambda+0x000001c5101337f8
instanceKlass  @bci org/osgi/framework/FrameworkUtil lambda$4 (Ljava/lang/Class;)Lorg/osgi/framework/Bundle; 9 <appendix> member <vmtarget> ; # org/osgi/framework/FrameworkUtil$$Lambda+0x000001c5101335b0
instanceKlass org/eclipse/core/runtime/PerformanceStats
instanceKlass org/eclipse/core/internal/events/ResourceStats
instanceKlass org/eclipse/core/internal/events/ResourceChangeListenerList$ListenerEntry
instanceKlass org/eclipse/core/internal/resources/CharsetManager$ResourceChangeListener
instanceKlass org/eclipse/core/resources/IResourceChangeListener
instanceKlass org/eclipse/core/internal/resources/CharsetManager
instanceKlass org/eclipse/core/internal/localstore/Bucket$Entry
instanceKlass org/eclipse/core/internal/localstore/BucketTree
instanceKlass org/eclipse/core/internal/localstore/Bucket$Visitor
instanceKlass org/eclipse/core/internal/localstore/Bucket
instanceKlass org/eclipse/core/internal/properties/PropertyManager2
instanceKlass org/eclipse/core/internal/events/LifecycleEvent
instanceKlass  @bci com/sun/jna/Structure$FFIType storeTypeInfo (Ljava/lang/Class;ILcom/sun/jna/Structure$FFIType;)V 13 <appendix> argL0 ; # com/sun/jna/Structure$FFIType$$Lambda+0x000001c510207c60
instanceKlass  @bci jdk/internal/reflect/MethodHandleBooleanFieldAccessorImpl setBoolean (Ljava/lang/Object;Z)V 41 <adapter> ; # java/lang/invoke/LambdaForm$MH+0x000001c510202000
instanceKlass java/lang/Short$ShortCache
instanceKlass com/sun/jna/NativeMappedConverter
instanceKlass com/sun/jna/Klass
instanceKlass com/sun/jna/Native$Buffers
instanceKlass com/sun/jna/VarArgsChecker
instanceKlass com/sun/jna/NativeLibrary$NativeLibraryDisposer
instanceKlass com/sun/jna/NativeLibrary$1
instanceKlass com/sun/jna/SymbolProvider
instanceKlass com/sun/jna/NativeLibrary
instanceKlass org/eclipse/core/internal/filesystem/local/Win32Handler$FileAPIh
instanceKlass com/sun/jna/Memory$MemoryDisposer
instanceKlass com/sun/jna/internal/Cleaner$Cleanable
instanceKlass com/sun/jna/internal/Cleaner
instanceKlass com/sun/jna/WeakMemoryHolder
instanceKlass org/eclipse/core/filesystem/provider/FileInfo
# instanceKlass java/lang/invoke/LambdaForm$MH+0x000001c510201c00
# instanceKlass java/lang/invoke/LambdaForm$MH+0x000001c510201800
# instanceKlass java/lang/invoke/LambdaForm$MH+0x000001c510201400
instanceKlass  @bci org/eclipse/jdt/internal/core/JrtPackageFragmentRoot$JrtModuleKey hashCode ()I 1 <appendix> argL1 argL1 form vmentry <vmtarget> ; # java/lang/invoke/LambdaForm$MH+0x000001c510201000
instanceKlass  @bci jdk/internal/reflect/MethodHandleBooleanFieldAccessorImpl getBoolean (Ljava/lang/Object;)Z 20 <adapter> ; # java/lang/invoke/LambdaForm$MH+0x000001c510200c00
# instanceKlass java/lang/invoke/LambdaForm$MH+0x000001c510200800
# instanceKlass java/lang/invoke/LambdaForm$BMH+0x000001c510200400
# instanceKlass java/lang/invoke/LambdaForm$DMH+0x000001c510200000
instanceKlass com/sun/jna/Structure$StructField
instanceKlass com/sun/jna/Structure$LayoutInfo
instanceKlass java/lang/Class$AnnotationData
instanceKlass java/lang/annotation/Documented
instanceKlass com/sun/jna/Structure$FieldOrder
instanceKlass  @bci com/sun/jna/Structure fieldOrder ()Ljava/util/List; 84 <appendix> member <vmtarget> ; # com/sun/jna/Structure$$Lambda+0x000001c5101be690
instanceKlass  @bci com/sun/jna/Structure getFieldList ()Ljava/util/List; 84 <appendix> member <vmtarget> ; # com/sun/jna/Structure$$Lambda+0x000001c5101be448
instanceKlass  @bci com/sun/jna/Structure validateFields ()V 75 <appendix> member <vmtarget> ; # com/sun/jna/Structure$$Lambda+0x000001c5101be200
instanceKlass com/sun/jna/platform/win32/WinBase
instanceKlass com/sun/jna/platform/win32/BaseTSD
instanceKlass com/sun/jna/platform/win32/WinDef
instanceKlass com/sun/jna/Library
instanceKlass com/sun/jna/win32/W32APITypeMapper$2
instanceKlass com/sun/jna/DefaultTypeMapper$Entry
instanceKlass com/sun/jna/win32/W32APITypeMapper$1
instanceKlass com/sun/jna/TypeConverter
instanceKlass com/sun/jna/DefaultTypeMapper
instanceKlass com/sun/jna/TypeMapper
instanceKlass com/sun/jna/Structure$ByReference
instanceKlass com/sun/jna/Native$2
instanceKlass com/sun/jna/Structure$FFIType$FFITypes
instanceKlass com/sun/jna/Native$ffi_callback
instanceKlass com/sun/jna/JNIEnv
instanceKlass com/sun/jna/PointerType
instanceKlass com/sun/jna/NativeMapped
instanceKlass com/sun/jna/WString
instanceKlass com/sun/jna/win32/DLLCallback
instanceKlass com/sun/jna/CallbackProxy
instanceKlass com/sun/jna/Callback
instanceKlass com/sun/jna/Structure$ByValue
instanceKlass jdk/internal/loader/NativeLibraries$Unloader
instanceKlass java/io/FileOutputStream$1
instanceKlass sun/security/provider/AbstractDrbg$NonceProvider
instanceKlass  @bci sun/security/provider/AbstractDrbg$SeederHolder <clinit> ()V 42 <appendix> member <vmtarget> ; # sun/security/provider/AbstractDrbg$SeederHolder$$Lambda+0x000001c5101c2160
instanceKlass  @cpi sun/security/provider/AbstractDrbg$SeederHolder 91 form vmentry <vmtarget> ; # java/lang/invoke/LambdaForm$DMH+0x000001c5101bcc00
# instanceKlass java/lang/invoke/LambdaForm$DMH+0x000001c5101bc800
instanceKlass sun/nio/fs/BasicFileAttributesHolder
instanceKlass sun/nio/fs/WindowsDirectoryStream$WindowsDirectoryIterator
instanceKlass sun/nio/fs/WindowsDirectoryStream
instanceKlass java/nio/file/DirectoryStream
instanceKlass java/nio/file/Files$AcceptAllFilter
instanceKlass java/nio/file/DirectoryStream$Filter
instanceKlass java/net/NetworkInterface$1
instanceKlass java/net/DefaultInterface
instanceKlass java/net/Inet6Address$Inet6AddressHolder
instanceKlass java/net/InetAddress$PlatformResolver
instanceKlass java/net/spi/InetAddressResolver
instanceKlass java/net/spi/InetAddressResolver$LookupPolicy
instanceKlass java/net/Inet4AddressImpl
instanceKlass java/net/Inet6AddressImpl
instanceKlass java/net/InetAddressImpl
instanceKlass java/util/concurrent/ConcurrentSkipListMap$Node
instanceKlass java/util/concurrent/ConcurrentSkipListMap$Index
instanceKlass java/util/concurrent/ConcurrentNavigableMap
instanceKlass java/net/InetAddress$InetAddressHolder
instanceKlass java/net/InetAddress$1
instanceKlass jdk/internal/access/JavaNetInetAddressAccess
instanceKlass java/net/InterfaceAddress
instanceKlass java/net/NetworkInterface
instanceKlass sun/security/provider/SeedGenerator$1
instanceKlass sun/security/provider/SeedGenerator
instanceKlass sun/security/provider/AbstractDrbg$SeederHolder
instanceKlass java/security/DrbgParameters$NextBytes
instanceKlass  @bci sun/security/provider/AbstractDrbg <clinit> ()V 12 <appendix> argL0 ; # sun/security/provider/AbstractDrbg$$Lambda+0x000001c5100ff5f8
instanceKlass  @cpi sun/security/provider/AbstractDrbg 383 form vmentry <vmtarget> ; # java/lang/invoke/LambdaForm$DMH+0x000001c5101bc400
# instanceKlass java/lang/invoke/LambdaForm$DMH+0x000001c5101bc000
instanceKlass sun/security/provider/EntropySource
instanceKlass sun/security/provider/AbstractDrbg
instanceKlass java/security/DrbgParameters$Instantiation
instanceKlass java/security/DrbgParameters
instanceKlass sun/security/provider/MoreDrbgParameters
instanceKlass  @bci sun/security/provider/DRBG <init> (Ljava/security/SecureRandomParameters;)V 26 <appendix> argL0 ; # sun/security/provider/DRBG$$Lambda+0x000001c5100fe098
instanceKlass java/security/SecureRandomSpi
instanceKlass java/io/File$TempDirectory
instanceKlass com/sun/jna/Native$5
instanceKlass com/sun/jna/Platform
instanceKlass com/sun/jna/Native$1
instanceKlass com/sun/jna/Callback$UncaughtExceptionHandler
instanceKlass com/sun/jna/Native
instanceKlass com/sun/jna/Version
instanceKlass java/util/logging/Logger$SystemLoggerHelper$1
instanceKlass java/util/logging/Logger$SystemLoggerHelper
instanceKlass java/util/logging/LogManager$4
instanceKlass jdk/internal/logger/BootstrapLogger$BootstrapExecutors
instanceKlass jdk/internal/logger/LoggerFinderLoader
instanceKlass  @bci java/lang/System$LoggerFinder accessProvider ()Ljava/lang/System$LoggerFinder; 8 <appendix> argL0 ; # java/lang/System$LoggerFinder$$Lambda+0x000001c5100fc780
instanceKlass  @bci java/util/logging/Level$KnownLevel findByName (Ljava/lang/String;Ljava/util/function/Function;)Ljava/util/Optional; 29 <appendix> argL0 ; # java/util/logging/Level$KnownLevel$$Lambda+0x800000023
instanceKlass  @bci java/util/logging/Level findLevel (Ljava/lang/String;)Ljava/util/logging/Level; 13 <appendix> argL0 ; # java/util/logging/Level$$Lambda+0x800000011
instanceKlass java/util/logging/LogManager$LoggerContext$1
instanceKlass java/util/logging/LogManager$VisitedLoggers
instanceKlass java/util/logging/LogManager$2
instanceKlass java/util/logging/LogManager$LoggingProviderAccess
instanceKlass java/util/logging/LogManager$LogNode
instanceKlass java/util/logging/LogManager$LoggerContext
instanceKlass java/util/logging/LogManager$1
instanceKlass java/util/logging/LogManager
instanceKlass java/util/logging/Logger$ConfigurationData
instanceKlass java/util/logging/Logger$LoggerBundle
instanceKlass  @bci java/util/logging/Level$KnownLevel add (Ljava/util/logging/Level;)V 49 <appendix> argL0 ; # java/util/logging/Level$KnownLevel$$Lambda+0x800000022
instanceKlass  @bci java/util/logging/Level$KnownLevel add (Ljava/util/logging/Level;)V 19 <appendix> argL0 ; # java/util/logging/Level$KnownLevel$$Lambda+0x800000021
instanceKlass java/util/logging/Level
instanceKlass java/util/logging/Handler
instanceKlass java/util/logging/Logger
instanceKlass com/sun/jna/FromNativeContext
instanceKlass com/sun/jna/FromNativeConverter
instanceKlass com/sun/jna/ToNativeConverter
instanceKlass com/sun/jna/ToNativeContext
instanceKlass com/sun/jna/Structure
instanceKlass com/sun/jna/Pointer
instanceKlass org/eclipse/core/internal/filesystem/local/NativeHandler
instanceKlass org/eclipse/core/internal/filesystem/local/LocalFileNativesManager
instanceKlass org/eclipse/core/internal/resources/LinkDescription
instanceKlass javax/xml/parsers/DocumentBuilder
instanceKlass jdk/xml/internal/XMLSecurityManager
instanceKlass javax/xml/parsers/DocumentBuilderFactory
instanceKlass org/eclipse/core/internal/runtime/XmlProcessorFactory
instanceKlass org/eclipse/core/internal/resources/IModelObjectConstants
instanceKlass java/util/AbstractMap$2$1
instanceKlass  @bci org/eclipse/core/internal/resources/ProjectVariableProviderManager <clinit> ()V 14 <appendix> argL0 ; # org/eclipse/core/internal/resources/ProjectVariableProviderManager$$Lambda+0x000001c5101af388
instanceKlass  @cpi org/eclipse/core/internal/resources/ProjectVariableProviderManager 171 form vmentry <vmtarget> ; # java/lang/invoke/LambdaForm$DMH+0x000001c5101b4000
instanceKlass org/eclipse/core/resources/variableresolvers/PathVariableResolver
instanceKlass org/eclipse/core/internal/resources/ProjectVariableProviderManager$Descriptor
instanceKlass org/eclipse/core/internal/resources/ProjectVariableProviderManager
instanceKlass org/eclipse/core/internal/resources/ProjectPathVariableManager
instanceKlass  @bci org/eclipse/core/internal/filesystem/local/LocalFile createExecutor (I)Ljava/util/concurrent/ForkJoinPool; 15 <appendix> argL0 ; # org/eclipse/core/internal/filesystem/local/LocalFile$$Lambda+0x000001c5101b2000
instanceKlass  @bci org/eclipse/core/internal/filesystem/local/LocalFile createExecutor (I)Ljava/util/concurrent/ForkJoinPool; 5 <appendix> argL0 ; # org/eclipse/core/internal/filesystem/local/LocalFile$$Lambda+0x000001c5101b1be0
instanceKlass java/util/concurrent/ForkJoinPool$2
instanceKlass jdk/internal/access/JavaUtilConcurrentFJPAccess
instanceKlass java/util/concurrent/ForkJoinPool$DefaultForkJoinWorkerThreadFactory
instanceKlass java/util/concurrent/ForkJoinPool$WorkQueue
instanceKlass java/util/concurrent/ForkJoinPool$ForkJoinWorkerThreadFactory
instanceKlass org/eclipse/jdt/ls/core/internal/filesystem/JLSFsUtils
instanceKlass sun/nio/fs/WindowsUriSupport
instanceKlass org/eclipse/core/filesystem/IFileStore
instanceKlass org/eclipse/jdt/ls/core/internal/filesystem/JDTLSFilesystemActivator$1
instanceKlass org/eclipse/jdt/ls/core/internal/filesystem/JDTLSFilesystemActivator
instanceKlass org/eclipse/core/filesystem/IFileSystem
instanceKlass org/eclipse/core/internal/filesystem/InternalFileSystemCore
instanceKlass org/eclipse/core/filesystem/EFS
instanceKlass org/eclipse/core/internal/localstore/FileStoreRoot
instanceKlass org/eclipse/core/filesystem/IFileInfo
instanceKlass org/eclipse/core/filesystem/URIUtil
instanceKlass org/eclipse/core/internal/resources/MarkerAttributeMap
instanceKlass org/eclipse/core/internal/resources/MarkerSet
instanceKlass org/eclipse/core/internal/resources/MarkerReader
instanceKlass org/eclipse/core/internal/watson/ElementTree$ChildIDsCache
instanceKlass  @bci org/eclipse/core/internal/resources/SaveManager initSnap (Lorg/eclipse/core/runtime/IProgressMonitor;)V 67 <appendix> argL0 ; # org/eclipse/core/internal/resources/SaveManager$$Lambda+0x000001c5101a7968
instanceKlass java/io/FilenameFilter
instanceKlass  @bci org/eclipse/lsp4j/jsonrpc/services/GenericEndpoint recursiveFindRpcMethods (Ljava/lang/Object;Ljava/util/Set;Ljava/util/Set;)V 24 <appendix> form vmentry <vmtarget> ; # java/lang/invoke/LambdaForm$DMH+0x000001c5101aac00
instanceKlass  @bci org/eclipse/core/internal/jobs/JobManager cancel (Lorg/eclipse/core/internal/jobs/InternalJob;)Z 15 <appendix> member <vmtarget> ; # org/eclipse/core/internal/jobs/JobManager$$Lambda+0x000001c510175538
instanceKlass org/eclipse/core/internal/utils/ObjectMap
instanceKlass org/eclipse/core/internal/dtree/DataTreeLookup
instanceKlass org/eclipse/core/internal/dtree/DataTreeReader
instanceKlass org/eclipse/core/internal/watson/ElementTreeReader$1
instanceKlass org/eclipse/core/internal/dtree/IDataFlattener
instanceKlass org/eclipse/core/internal/watson/ElementTreeReader
instanceKlass org/eclipse/core/resources/IFileState
instanceKlass org/eclipse/core/internal/events/BuilderPersistentInfo
instanceKlass  @bci org/eclipse/core/internal/resources/LocalMetaArea getSafeTableLocationFor (Ljava/lang/String;)Lorg/eclipse/core/runtime/IPath; 44 <appendix> form vmentry <vmtarget> ; # java/lang/invoke/LambdaForm$MH+0x000001c5101aa800
# instanceKlass java/lang/invoke/LambdaForm$MH+0x000001c5101aa400
instanceKlass  @bci org/eclipse/core/internal/resources/LocalMetaArea getSafeTableLocationFor (Ljava/lang/String;)Lorg/eclipse/core/runtime/IPath; 44 <appendix> argL3 form vmentry <vmtarget> ; # java/lang/invoke/LambdaForm$MH+0x000001c5101aa000
# instanceKlass java/lang/invoke/LambdaForm$MH+0x000001c5101a9c00
# instanceKlass java/lang/invoke/LambdaForm$MH+0x000001c5101a9800
# instanceKlass java/lang/invoke/LambdaForm$MH+0x000001c5101a9400
# instanceKlass java/lang/invoke/LambdaForm$MH+0x000001c5101a9000
instanceKlass  @bci org/eclipse/core/internal/resources/LocalMetaArea getSafeTableLocationFor (Ljava/lang/String;)Lorg/eclipse/core/runtime/IPath; 44 <appendix> argL1 form vmentry <vmtarget> ; # java/lang/invoke/LambdaForm$MH+0x000001c5101a8c00
# instanceKlass java/lang/invoke/LambdaForm$MH+0x000001c5101a8800
# instanceKlass java/lang/invoke/LambdaForm$MH+0x000001c5101a8400
# instanceKlass java/lang/invoke/LambdaForm$MH+0x000001c5101a8000
instanceKlass org/eclipse/core/internal/resources/SafeFileTable
instanceKlass org/eclipse/core/internal/resources/SavedState
instanceKlass org/eclipse/core/internal/resources/SyncInfoReader
instanceKlass org/eclipse/core/internal/resources/WorkspaceTreeReader
instanceKlass org/eclipse/core/resources/ISavedState
instanceKlass org/eclipse/core/resources/ISaveContext
instanceKlass org/eclipse/core/internal/resources/SaveManager
instanceKlass org/eclipse/core/internal/watson/IElementInfoFlattener
instanceKlass org/eclipse/core/internal/resources/SyncInfoWriter
instanceKlass org/eclipse/core/internal/resources/Synchronizer
instanceKlass org/eclipse/core/internal/resources/MarkerWriter
instanceKlass org/eclipse/core/internal/resources/MarkerDeltaManager
instanceKlass org/eclipse/core/internal/resources/MarkerTypeDefinitionCache$MarkerTypeDefinition
instanceKlass org/eclipse/core/internal/resources/MarkerTypeDefinitionCache
instanceKlass org/eclipse/core/internal/resources/MarkerInfo
instanceKlass org/eclipse/core/internal/resources/IMarkerSetElement
instanceKlass org/eclipse/core/internal/resources/MarkerManager
instanceKlass  @bci org/eclipse/core/internal/events/NotificationManager$NotifyJob <init> (Lorg/eclipse/core/internal/events/NotificationManager;)V 13 <appendix> argL0 ; # org/eclipse/core/internal/events/NotificationManager$NotifyJob$$Lambda+0x000001c5101a0868
instanceKlass org/eclipse/core/internal/events/ResourceChangeListenerList
instanceKlass org/eclipse/core/internal/events/NotificationManager
instanceKlass java/util/stream/SortedOps
instanceKlass  @bci org/eclipse/core/internal/runtime/InternalPlatform getBundles0 (Ljava/lang/String;Ljava/lang/String;)Ljava/util/stream/Stream; 90 <appendix> argL0 ; # org/eclipse/core/internal/runtime/InternalPlatform$$Lambda+0x000001c51019d800
instanceKlass  @bci org/eclipse/core/internal/runtime/InternalPlatform getBundles0 (Ljava/lang/String;Ljava/lang/String;)Ljava/util/stream/Stream; 80 <appendix> argL0 ; # org/eclipse/core/internal/runtime/InternalPlatform$$Lambda+0x000001c510181d48
instanceKlass org/eclipse/core/internal/events/BuildManager$DeltaCache
instanceKlass org/eclipse/core/resources/ICommand
instanceKlass org/eclipse/core/internal/events/InternalBuilder
instanceKlass org/eclipse/core/resources/IResourceDelta
instanceKlass org/eclipse/core/resources/IBuildContext
instanceKlass org/eclipse/core/internal/events/BuildManager
instanceKlass org/eclipse/core/internal/resources/FilterTypeManager$1
instanceKlass org/eclipse/core/internal/resources/FilterDescriptor
instanceKlass org/eclipse/core/resources/IFilterMatcherDescriptor
instanceKlass org/eclipse/core/internal/resources/FilterTypeManager
instanceKlass org/eclipse/core/resources/IProjectNatureDescriptor
instanceKlass org/eclipse/core/internal/resources/NatureManager
instanceKlass org/eclipse/core/internal/events/ILifecycleListener
instanceKlass org/eclipse/core/internal/resources/PathVariableManager
instanceKlass  @bci org/eclipse/core/internal/resources/WorkspaceRoot getProject (Ljava/lang/String;)Lorg/eclipse/core/resources/IProject; 95 <appendix> member <vmtarget> ; # org/eclipse/core/internal/resources/WorkspaceRoot$$Lambda+0x000001c510196a88
instanceKlass java/text/AttributedCharacterIterator$Attribute
instanceKlass java/text/FieldPosition$Delegate
instanceKlass java/text/Format$FieldDelegate
instanceKlass java/text/DigitList
instanceKlass  @bci sun/util/locale/provider/JRELocaleProviderAdapter getDecimalFormatSymbolsProvider ()Ljava/text/spi/DecimalFormatSymbolsProvider; 8 <appendix> member <vmtarget> ; # sun/util/locale/provider/JRELocaleProviderAdapter$$Lambda+0x800000066
instanceKlass java/text/DecimalFormatSymbols
instanceKlass sun/util/resources/Bundles$2
instanceKlass sun/util/resources/Bundles$CacheKeyReference
instanceKlass  @bci java/util/ResourceBundle$ResourceBundleProviderHelper newResourceBundle (Ljava/lang/Class;)Ljava/util/ResourceBundle; 22 <appendix> member <vmtarget> ; # java/util/ResourceBundle$ResourceBundleProviderHelper$$Lambda+0x800000010
instanceKlass java/util/ResourceBundle$ResourceBundleProviderHelper
instanceKlass  @bci sun/util/cldr/CLDRLocaleProviderAdapter applyAliases (Ljava/util/Locale;)Ljava/util/Locale; 4 <appendix> argL0 ; # sun/util/cldr/CLDRLocaleProviderAdapter$$Lambda+0x80000005f
instanceKlass sun/util/resources/LocaleData$LocaleDataResourceBundleProvider
instanceKlass java/util/spi/ResourceBundleProvider
instanceKlass sun/util/resources/Bundles$CacheKey
instanceKlass sun/util/resources/Bundles
instanceKlass sun/util/resources/LocaleData$LocaleDataStrategy
instanceKlass sun/util/resources/Bundles$Strategy
instanceKlass sun/util/resources/LocaleData$1
instanceKlass java/util/ResourceBundle$Control
instanceKlass sun/util/resources/LocaleData
instanceKlass sun/util/locale/provider/LocaleResources
instanceKlass java/util/Locale$Builder
instanceKlass sun/util/locale/provider/CalendarDataUtility
instanceKlass sun/util/locale/provider/AvailableLanguageTags
instanceKlass  @bci sun/util/locale/provider/JRELocaleProviderAdapter getNumberFormatProvider ()Ljava/text/spi/NumberFormatProvider; 8 <appendix> member <vmtarget> ; # sun/util/locale/provider/JRELocaleProviderAdapter$$Lambda+0x800000067
instanceKlass  @bci org/eclipse/jdt/internal/compiler/lookup/BoundSet incorporate (Lorg/eclipse/jdt/internal/compiler/lookup/InferenceContext18;[Lorg/eclipse/jdt/internal/compiler/lookup/TypeBound;[Lorg/eclipse/jdt/internal/compiler/lookup/TypeBound;)Z 1338 <bsm> form vmentry <vmtarget> ; # java/lang/invoke/LambdaForm$DMH+0x000001c51019c800
instanceKlass sun/util/resources/cldr/provider/CLDRLocaleDataMetaInfo
instanceKlass jdk/internal/module/ModulePatcher$PatchedModuleReader
instanceKlass  @bci sun/util/cldr/CLDRLocaleProviderAdapter <init> ()V 4 <appendix> argL0 ; # sun/util/cldr/CLDRLocaleProviderAdapter$$Lambda+0x800000061
instanceKlass sun/util/locale/InternalLocaleBuilder$CaseInsensitiveChar
instanceKlass sun/util/locale/InternalLocaleBuilder
instanceKlass sun/util/locale/StringTokenIterator
instanceKlass sun/util/locale/ParseStatus
instanceKlass sun/util/locale/LanguageTag
instanceKlass sun/util/cldr/CLDRBaseLocaleDataMetaInfo
instanceKlass sun/util/locale/provider/LocaleDataMetaInfo
instanceKlass sun/util/locale/provider/ResourceBundleBasedAdapter
instanceKlass sun/util/locale/provider/LocaleProviderAdapter
instanceKlass java/util/spi/LocaleServiceProvider
instanceKlass java/text/FieldPosition
instanceKlass java/text/Format
instanceKlass org/eclipse/core/internal/preferences/PreferencesService$1
instanceKlass  @bci org/eclipse/core/internal/preferences/PreferencesService getLookupOrder (Ljava/lang/String;Ljava/lang/String;)[Ljava/lang/String; 29 <appendix> argL0 ; # org/eclipse/core/internal/preferences/PreferencesService$$Lambda+0x000001c510188da0
instanceKlass  @bci org/eclipse/core/internal/localstore/FileSystemResourceManager <init> (Lorg/eclipse/core/internal/resources/Workspace;)V 6 <appendix> member <vmtarget> ; # org/eclipse/core/internal/localstore/FileSystemResourceManager$$Lambda+0x000001c510195698
instanceKlass org/eclipse/core/internal/localstore/RefreshLocalVisitor
instanceKlass org/eclipse/core/internal/localstore/ILocalStoreConstants
instanceKlass org/eclipse/core/internal/localstore/IHistoryStore
instanceKlass org/eclipse/core/internal/localstore/IUnifiedTreeVisitor
instanceKlass org/eclipse/core/internal/localstore/FileSystemResourceManager
instanceKlass org/eclipse/core/runtime/jobs/MultiRule
instanceKlass org/eclipse/core/internal/jobs/OrderedLock
instanceKlass java/lang/invoke/DirectMethodHandle$1
instanceKlass org/eclipse/core/internal/runtime/LocalizationUtils
instanceKlass org/eclipse/core/runtime/Status
instanceKlass org/eclipse/core/internal/resources/WorkManager$NotifyRule
instanceKlass org/eclipse/core/internal/resources/WorkManager
instanceKlass org/eclipse/core/runtime/NullProgressMonitor
instanceKlass org/eclipse/core/runtime/preferences/IExportedPreferences
instanceKlass  @bci org/eclipse/core/internal/resources/WorkspacePreferences <init> ()V 189 <appendix> member <vmtarget> ; # org/eclipse/core/internal/resources/WorkspacePreferences$$Lambda+0x000001c510187880
instanceKlass org/eclipse/core/runtime/Preferences$IPropertyChangeListener
instanceKlass org/eclipse/core/runtime/preferences/IEclipsePreferences$INodeChangeListener
instanceKlass org/eclipse/core/runtime/preferences/IEclipsePreferences$IPreferenceChangeListener
instanceKlass  @bci org/eclipse/core/runtime/Plugin getPluginPreferences ()Lorg/eclipse/core/runtime/Preferences; 65 <appendix> member <vmtarget> ; # org/eclipse/core/runtime/Plugin$$Lambda+0x000001c510181370
instanceKlass org/eclipse/core/runtime/Preferences
# instanceKlass java/lang/invoke/LambdaForm$MH+0x000001c510193800
instanceKlass lombok/eclipse/agent/PatchFixesShadowLoaded
instanceKlass lombok/core/LombokNode
instanceKlass lombok/core/DiagnosticsReceiver
instanceKlass lombok/launch/PatchFixesHider$Util
instanceKlass lombok/launch/PatchFixesHider$LombokDeps
instanceKlass lombok/launch/ClassFileMetaData
instanceKlass  @bci jdk/internal/reflect/MethodHandleObjectFieldAccessorImpl set (Ljava/lang/Object;Ljava/lang/Object;)V 41 <adapter> ; # java/lang/invoke/LambdaForm$MH+0x000001c510192400
instanceKlass lombok/launch/PackageShader
# instanceKlass java/lang/invoke/LambdaForm$MH+0x000001c510192000
# instanceKlass java/lang/invoke/LambdaForm$MH+0x000001c510191c00
# instanceKlass java/lang/invoke/LambdaForm$MH+0x000001c510191800
# instanceKlass java/lang/invoke/LambdaForm$MH+0x000001c510191400
instanceKlass  @bci org/eclipse/core/internal/events/BuildManager getDeltaCached (Lorg/eclipse/core/resources/IProject;Lorg/eclipse/core/internal/watson/ElementTree;Lorg/eclipse/core/internal/watson/ElementTree;)Lorg/eclipse/core/resources/IResourceDelta; 22 <appendix> form vmentry <vmtarget> ; # java/lang/invoke/LambdaForm$DMH+0x000001c510191000
# instanceKlass java/lang/invoke/LambdaForm$MH+0x000001c51018f400
# instanceKlass java/lang/invoke/LambdaForm$MH+0x000001c51018f000
# instanceKlass java/lang/invoke/LambdaForm$MH+0x000001c51018ec00
# instanceKlass java/lang/invoke/LambdaForm$DMH+0x000001c51018e800
# instanceKlass java/lang/invoke/LambdaForm$MH+0x000001c51018e000
# instanceKlass java/lang/invoke/LambdaForm$MH+0x000001c51018dc00
# instanceKlass java/lang/invoke/LambdaForm$MH+0x000001c51018d800
# instanceKlass java/lang/invoke/LambdaForm$MH+0x000001c51018d400
instanceKlass jdk/internal/vm/annotation/ForceInline
instanceKlass java/lang/constant/ClassDesc
instanceKlass java/io/ObjectOutput
instanceKlass java/io/ObjectStreamConstants
instanceKlass java/io/ObjectInput
instanceKlass java/lang/foreign/ValueLayout
instanceKlass java/lang/foreign/MemoryLayout
# instanceKlass java/lang/invoke/LambdaForm$MH+0x000001c51018d000
# instanceKlass java/lang/invoke/LambdaForm$MH+0x000001c51018cc00
# instanceKlass java/lang/invoke/LambdaForm$MH+0x000001c51018c800
# instanceKlass java/lang/invoke/LambdaForm$MH+0x000001c51018c400
# instanceKlass java/lang/invoke/LambdaForm$MH+0x000001c51018c000
instanceKlass org/eclipse/core/internal/runtime/Product
instanceKlass org/eclipse/core/runtime/IProduct
instanceKlass lombok/patcher/scripts/WrapReturnValuesScript$1
instanceKlass org/eclipse/equinox/internal/app/ProductExtensionBranding
instanceKlass org/eclipse/core/internal/runtime/FindSupport
instanceKlass org/eclipse/core/runtime/FileLocator
instanceKlass  @bci org/eclipse/osgi/internal/framework/legacy/PackageAdminImpl getBundles (Ljava/lang/String;Ljava/lang/String;)[Lorg/osgi/framework/Bundle; 281 <appendix> argL0 ; # org/eclipse/osgi/internal/framework/legacy/PackageAdminImpl$$Lambda+0x000001c510133370
instanceKlass org/eclipse/core/runtime/SafeRunner
instanceKlass  @bci org/eclipse/core/internal/preferences/PreferenceServiceRegistryHelper runInitializer (Lorg/eclipse/core/runtime/IConfigurationElement;)V 18 <appendix> member <vmtarget> ; # org/eclipse/core/internal/preferences/PreferenceServiceRegistryHelper$$Lambda+0x000001c510182c00
instanceKlass org/eclipse/core/runtime/IExecutableExtensionFactory
instanceKlass org/eclipse/core/runtime/IExecutableExtension
instanceKlass org/eclipse/core/runtime/preferences/AbstractPreferenceInitializer
instanceKlass org/eclipse/core/internal/dtree/AbstractDataTree
instanceKlass org/eclipse/core/internal/dtree/AbstractDataTreeNode
instanceKlass org/eclipse/core/internal/watson/ElementTree
instanceKlass org/eclipse/core/internal/runtime/DataArea
instanceKlass org/eclipse/core/internal/runtime/MetaDataKeeper
instanceKlass org/eclipse/core/internal/resources/LocalMetaArea
instanceKlass org/eclipse/core/internal/resources/LocationValidator
instanceKlass org/eclipse/core/runtime/Platform$OS
instanceKlass org/eclipse/core/internal/utils/FileUtil
instanceKlass org/eclipse/core/internal/watson/IElementContentVisitor
instanceKlass org/eclipse/core/resources/IResourceFilterDescription
instanceKlass org/eclipse/core/resources/IMarker
instanceKlass org/eclipse/core/resources/team/IResourceTree
instanceKlass org/eclipse/core/resources/IResourceProxy
instanceKlass  @bci jdk/internal/reflect/MethodHandleObjectFieldAccessorImpl set (Ljava/lang/Object;Ljava/lang/Object;)V 29 <adapter> ; # java/lang/invoke/LambdaForm$MH+0x000001c510182800
# instanceKlass java/lang/invoke/LambdaForm$MH+0x000001c510182400
# instanceKlass java/lang/invoke/LambdaForm$MH+0x000001c510182000
instanceKlass java/util/ResourceBundle$1
instanceKlass jdk/internal/access/JavaUtilResourceBundleAccess
instanceKlass java/util/ResourceBundle
instanceKlass  @bci org/eclipse/osgi/util/NLS <clinit> ()V 7 <appendix> argL0 ; # org/eclipse/osgi/util/NLS$$Lambda+0x000001c510132ce8
instanceKlass org/eclipse/osgi/util/NLS
instanceKlass org/eclipse/core/runtime/Platform
instanceKlass org/eclipse/core/resources/team/FileModificationValidationContext
instanceKlass org/eclipse/core/internal/resources/InternalTeamHook
instanceKlass org/eclipse/core/internal/watson/IElementComparator
instanceKlass org/eclipse/core/internal/dtree/IComparator
instanceKlass org/eclipse/core/resources/IBuildConfiguration
instanceKlass org/eclipse/core/resources/ISynchronizer
instanceKlass org/eclipse/core/resources/IResourceRuleFactory
instanceKlass org/eclipse/core/internal/properties/IPropertyManager
instanceKlass org/eclipse/core/internal/resources/IManager
instanceKlass org/eclipse/core/resources/team/IMoveDeleteHook
instanceKlass org/eclipse/core/resources/IProject
instanceKlass org/eclipse/core/internal/resources/ModelObject
instanceKlass org/eclipse/core/resources/IWorkspaceDescription
instanceKlass org/eclipse/core/resources/IPathVariableManager
instanceKlass org/eclipse/core/resources/IProjectDescription
instanceKlass org/eclipse/core/resources/IFile
instanceKlass org/eclipse/core/resources/IEncodedStorage
instanceKlass org/eclipse/core/resources/IStorage
instanceKlass org/eclipse/core/resources/IFolder
instanceKlass org/eclipse/core/internal/watson/IPathRequestor
instanceKlass org/eclipse/core/internal/resources/ResourceInfo
instanceKlass org/eclipse/core/internal/utils/IStringPoolParticipant
instanceKlass org/eclipse/core/runtime/ICoreRunnable
instanceKlass org/eclipse/core/internal/watson/IElementTreeData
instanceKlass org/eclipse/core/internal/jobs/WorkerPool
instanceKlass org/eclipse/core/internal/jobs/JobQueue
instanceKlass org/eclipse/core/internal/jobs/DeadlockDetector
instanceKlass org/eclipse/core/internal/jobs/LockManager
instanceKlass org/eclipse/core/runtime/jobs/JobChangeAdapter
instanceKlass  @bci org/eclipse/core/internal/jobs/JobManager <init> ()V 52 <appendix> member <vmtarget> ; # org/eclipse/core/internal/jobs/JobManager$$Lambda+0x000001c510172cc0
instanceKlass  @bci org/eclipse/core/internal/jobs/JobListeners <init> ()V 50 <appendix> argL0 ; # org/eclipse/core/internal/jobs/JobListeners$$Lambda+0x000001c510172aa0
instanceKlass  @bci org/eclipse/core/internal/jobs/JobListeners <init> ()V 41 <appendix> argL0 ; # org/eclipse/core/internal/jobs/JobListeners$$Lambda+0x000001c510172880
instanceKlass  @bci org/eclipse/core/internal/jobs/JobListeners <init> ()V 32 <appendix> argL0 ; # org/eclipse/core/internal/jobs/JobListeners$$Lambda+0x000001c510172660
instanceKlass  @bci org/eclipse/core/internal/jobs/JobListeners <init> ()V 23 <appendix> argL0 ; # org/eclipse/core/internal/jobs/JobListeners$$Lambda+0x000001c510172440
instanceKlass  @bci org/eclipse/core/internal/jobs/JobListeners <init> ()V 14 <appendix> argL0 ; # org/eclipse/core/internal/jobs/JobListeners$$Lambda+0x000001c510172220
instanceKlass  @bci org/eclipse/core/internal/jobs/JobListeners <init> ()V 5 <appendix> argL0 ; # org/eclipse/core/internal/jobs/JobListeners$$Lambda+0x000001c510172000
instanceKlass  @cpi org/eclipse/core/internal/jobs/JobListeners 385 form vmentry <vmtarget> ; # java/lang/invoke/LambdaForm$DMH+0x000001c510171000
instanceKlass org/eclipse/core/internal/jobs/JobListeners$IListenerDoit
instanceKlass org/eclipse/core/runtime/jobs/IJobChangeEvent
instanceKlass org/eclipse/core/internal/jobs/JobListeners
instanceKlass org/eclipse/core/internal/jobs/ImplicitJobs
instanceKlass org/eclipse/core/internal/jobs/JobManager$1
instanceKlass org/eclipse/core/internal/jobs/InternalJobGroup
instanceKlass org/eclipse/core/runtime/ProgressMonitorWrapper
instanceKlass org/eclipse/core/runtime/IProgressMonitorWithBlocking
instanceKlass org/eclipse/core/runtime/jobs/ILock
instanceKlass org/eclipse/core/runtime/jobs/IJobChangeListener
instanceKlass org/eclipse/core/internal/jobs/JobManager
instanceKlass org/eclipse/core/runtime/jobs/IJobManager
instanceKlass org/eclipse/core/internal/jobs/JobOSGiUtils
instanceKlass org/eclipse/core/internal/jobs/JobActivator
instanceKlass org/eclipse/core/resources/IWorkspaceRoot
instanceKlass org/eclipse/core/resources/IContainer
instanceKlass org/eclipse/core/resources/IResource
instanceKlass org/eclipse/core/runtime/jobs/ISchedulingRule
instanceKlass org/eclipse/core/runtime/PlatformObject
instanceKlass org/eclipse/core/internal/resources/ICoreConstants
instanceKlass java/util/Formatter$Flags
instanceKlass java/util/Formattable
instanceKlass java/util/Formatter$FormatSpecifier
instanceKlass java/util/Formatter$Conversion
instanceKlass java/util/Formatter$FixedString
instanceKlass java/util/Formatter$FormatString
instanceKlass  @bci java/util/regex/Pattern union (Ljava/util/regex/Pattern$CharPredicate;Ljava/util/regex/Pattern$CharPredicate;Z)Ljava/util/regex/Pattern$CharPredicate; 6 <appendix> member <vmtarget> ; # java/util/regex/Pattern$$Lambda+0x800000032
instanceKlass  @bci java/util/regex/Pattern Range (II)Ljava/util/regex/Pattern$CharPredicate; 23 <appendix> member <vmtarget> ; # java/util/regex/Pattern$$Lambda+0x80000002a
instanceKlass java/util/Formatter
instanceKlass java/time/zone/Ser
instanceKlass java/io/Externalizable
instanceKlass java/time/zone/ZoneRulesProvider$1
instanceKlass java/time/zone/ZoneRulesProvider
instanceKlass sun/util/calendar/ZoneInfoFile$ZoneOffsetTransitionRule
instanceKlass sun/util/calendar/ZoneInfoFile$1
instanceKlass sun/util/calendar/ZoneInfoFile
instanceKlass java/util/TimeZone
instanceKlass  @bci java/time/format/DateTimeFormatter <clinit> ()V 1075 <appendix> argL0 ; # java/time/format/DateTimeFormatter$$Lambda+0x80000000e
instanceKlass  @bci java/time/format/DateTimeFormatter <clinit> ()V 1067 <appendix> argL0 ; # java/time/format/DateTimeFormatter$$Lambda+0x80000000d
instanceKlass java/time/Period
instanceKlass java/time/chrono/ChronoPeriod
instanceKlass java/time/format/DateTimeFormatterBuilder$TextPrinterParser
instanceKlass java/time/format/DateTimeTextProvider$1
instanceKlass java/time/format/DateTimeTextProvider
instanceKlass java/util/AbstractMap$SimpleImmutableEntry
instanceKlass java/time/format/DateTimeTextProvider$LocaleStore
instanceKlass java/time/format/DateTimeFormatterBuilder$InstantPrinterParser
instanceKlass java/time/format/DateTimeFormatterBuilder$StringLiteralPrinterParser
instanceKlass java/time/format/DateTimeFormatterBuilder$ZoneIdPrinterParser
instanceKlass java/time/format/DateTimeFormatterBuilder$OffsetIdPrinterParser
instanceKlass java/time/format/DecimalStyle
instanceKlass java/time/format/DateTimeFormatterBuilder$CompositePrinterParser
instanceKlass java/time/chrono/AbstractChronology
instanceKlass java/time/chrono/Chronology
instanceKlass java/time/format/DateTimeFormatterBuilder$CharLiteralPrinterParser
instanceKlass java/time/format/DateTimeFormatterBuilder$NumberPrinterParser
instanceKlass java/time/format/DateTimeFormatterBuilder$DateTimePrinterParser
instanceKlass java/time/temporal/JulianFields
instanceKlass java/time/temporal/IsoFields
instanceKlass  @bci java/time/format/DateTimeFormatterBuilder <clinit> ()V 0 <appendix> argL0 ; # java/time/format/DateTimeFormatterBuilder$$Lambda+0x80000000f
instanceKlass java/time/temporal/TemporalQuery
instanceKlass java/time/format/DateTimeFormatterBuilder
instanceKlass java/time/format/DateTimeFormatter
instanceKlass org/eclipse/osgi/internal/debug/EclipseDebugTrace
instanceKlass org/eclipse/core/internal/utils/Policy$1
instanceKlass org/eclipse/core/runtime/IProgressMonitor
instanceKlass org/eclipse/core/internal/utils/Policy
instanceKlass org/eclipse/core/resources/ResourcesPlugin$WorkspaceInitCustomizer
instanceKlass org/eclipse/core/resources/IWorkspace
instanceKlass org/eclipse/core/runtime/IAdaptable
instanceKlass org/eclipse/jdt/ls/core/internal/managers/ProjectsManager
instanceKlass org/eclipse/jdt/ls/core/internal/managers/IProjectsManager
instanceKlass org/eclipse/core/resources/ISaveParticipant
instanceKlass org/eclipse/core/internal/runtime/LogServiceFactory
instanceKlass org/eclipse/equinox/internal/app/AppCommands
instanceKlass  @bci org/eclipse/equinox/internal/app/EclipseAppDescriptor getInstanceID ()Ljava/lang/String; 31 <adapter> ; # java/lang/invoke/LambdaForm$MH+0x000001c51016a400
instanceKlass  @bci org/eclipse/equinox/internal/app/EclipseAppDescriptor getInstanceID ()Ljava/lang/String; 31 <appendix> form vmentry <vmtarget> ; # java/lang/invoke/LambdaForm$MH+0x000001c51016a000
# instanceKlass java/lang/invoke/LambdaForm$MH+0x000001c510169c00
instanceKlass  @bci org/eclipse/equinox/internal/app/EclipseAppDescriptor getInstanceID ()Ljava/lang/String; 31 <appendix> form names 6 function resolvedHandle form vmentry <vmtarget> ; # java/lang/invoke/LambdaForm$DMH+0x000001c510169800
instanceKlass  @bci org/eclipse/equinox/internal/app/EclipseAppDescriptor getInstanceID ()Ljava/lang/String; 31 <appendix> argL3 form vmentry <vmtarget> ; # java/lang/invoke/LambdaForm$MH+0x000001c510169400
# instanceKlass java/lang/invoke/LambdaForm$MH+0x000001c510169000
# instanceKlass java/lang/invoke/LambdaForm$MH+0x000001c510168c00
# instanceKlass java/lang/invoke/LambdaForm$MH+0x000001c510168800
# instanceKlass java/lang/invoke/LambdaForm$MH+0x000001c510168400
instanceKlass  @bci org/eclipse/equinox/internal/app/EclipseAppDescriptor getInstanceID ()Ljava/lang/String; 31 <appendix> form names 10 function resolvedHandle form vmentry <vmtarget> ; # java/lang/invoke/LambdaForm$DMH+0x000001c510168000
instanceKlass  @bci org/eclipse/equinox/internal/app/EclipseAppDescriptor getInstanceID ()Ljava/lang/String; 31 <appendix> argL1 form vmentry <vmtarget> ; # java/lang/invoke/LambdaForm$MH+0x000001c510167c00
# instanceKlass java/lang/invoke/LambdaForm$MH+0x000001c510167800
# instanceKlass java/lang/invoke/LambdaForm$MH+0x000001c510167400
# instanceKlass java/lang/invoke/LambdaForm$MH+0x000001c510167000
instanceKlass org/eclipse/equinox/internal/app/EclipseAppContainer$RegisterService
instanceKlass org/eclipse/core/runtime/spi/RegistryContributor
instanceKlass org/eclipse/equinox/app/IApplicationContext
instanceKlass org/osgi/service/application/ApplicationHandle
instanceKlass org/osgi/service/application/ApplicationDescriptor
instanceKlass org/eclipse/osgi/service/runnable/ApplicationLauncher
instanceKlass org/eclipse/equinox/internal/app/IBranding
instanceKlass org/eclipse/osgi/service/runnable/ApplicationRunnable
instanceKlass org/eclipse/osgi/service/runnable/ParameterizedRunnable
instanceKlass org/eclipse/equinox/internal/app/EclipseAppContainer
instanceKlass org/osgi/service/application/ScheduledApplication
instanceKlass org/eclipse/equinox/internal/app/AppPersistence
instanceKlass org/eclipse/equinox/internal/app/Activator
instanceKlass org/eclipse/equinox/internal/app/CommandLineArgs
instanceKlass org/eclipse/core/internal/preferences/legacy/InitLegacyPreferences
instanceKlass org/eclipse/core/internal/preferences/legacy/ProductPreferencesService
instanceKlass org/eclipse/core/internal/preferences/exchange/IProductPreferencesService
instanceKlass org/eclipse/core/internal/runtime/KeyStoreUtil
instanceKlass org/eclipse/core/internal/runtime/AuthorizationHandler
instanceKlass org/eclipse/core/runtime/IBundleGroupProvider
instanceKlass java/util/Collections$ReverseComparator2
instanceKlass  @bci org/eclipse/core/internal/runtime/InternalPlatform <clinit> ()V 98 <appendix> argL0 ; # org/eclipse/core/internal/runtime/InternalPlatform$$Lambda+0x000001c510161000
instanceKlass org/eclipse/core/runtime/ILog
instanceKlass org/eclipse/core/internal/runtime/InternalPlatform
instanceKlass org/eclipse/core/runtime/Plugin
instanceKlass org/eclipse/osgi/internal/loader/buddy/PolicyHandler
instanceKlass org/osgi/util/promise/DeferredPromiseImpl$ResolveWith
instanceKlass  @bci org/osgi/util/promise/PromiseFactory$All run ()V 81 <appendix> member <vmtarget> ; # org/osgi/util/promise/PromiseFactory$All$$Lambda+0x000001c510162000
instanceKlass  @cpi org/osgi/util/promise/PromiseFactory$All 144 form vmentry <vmtarget> ; # java/lang/invoke/LambdaForm$DMH+0x000001c510160000
instanceKlass org/osgi/util/promise/PromiseImpl$Result
instanceKlass org/osgi/util/promise/PromiseFactory$All
instanceKlass org/osgi/util/promise/PromiseImpl$InlineCallback
instanceKlass org/eclipse/core/runtime/QualifiedName
instanceKlass org/eclipse/core/internal/content/ContentTypeHandler
instanceKlass org/apache/felix/scr/impl/inject/methods/ActivateMethod$1
instanceKlass org/apache/felix/scr/impl/inject/MethodResult
instanceKlass org/eclipse/core/internal/content/ContentTypeManager$ContentTypeRegistryChangeListener
instanceKlass org/apache/felix/scr/impl/manager/DependencyManager$OpenStatusImpl
instanceKlass org/apache/felix/scr/impl/manager/SingleComponentManager$1
instanceKlass org/apache/felix/scr/impl/inject/ReferenceMethod$1
instanceKlass org/apache/felix/scr/impl/inject/methods/BaseMethod$Resolved
instanceKlass org/apache/felix/scr/impl/inject/methods/BaseMethod$MethodInfo
instanceKlass org/apache/felix/scr/impl/inject/methods/BaseMethod$1
instanceKlass  @bci java/util/stream/Collectors joining (Ljava/lang/CharSequence;Ljava/lang/CharSequence;Ljava/lang/CharSequence;)Ljava/util/stream/Collector; 22 <appendix> argL0 ; # java/util/stream/Collectors$$Lambda+0x800000043
instanceKlass  @bci java/util/stream/Collectors joining (Ljava/lang/CharSequence;Ljava/lang/CharSequence;Ljava/lang/CharSequence;)Ljava/util/stream/Collector; 17 <appendix> argL0 ; # java/util/stream/Collectors$$Lambda+0x800000041
instanceKlass  @bci java/util/stream/Collectors joining (Ljava/lang/CharSequence;Ljava/lang/CharSequence;Ljava/lang/CharSequence;)Ljava/util/stream/Collector; 12 <appendix> argL0 ; # java/util/stream/Collectors$$Lambda+0x80000003e
instanceKlass  @bci java/util/stream/Collectors joining (Ljava/lang/CharSequence;Ljava/lang/CharSequence;Ljava/lang/CharSequence;)Ljava/util/stream/Collector; 7 <appendix> member <vmtarget> ; # java/util/stream/Collectors$$Lambda+0x800000046
instanceKlass  @bci java/lang/Class methodToString (Ljava/lang/String;[Ljava/lang/Class;)Ljava/lang/String; 42 <appendix> argL0 ; # java/lang/Class$$Lambda+0x000001c5100ed720
instanceKlass org/eclipse/core/internal/content/ContentTypeBuilder
instanceKlass org/eclipse/core/runtime/content/IContentTypeManager$IContentTypeChangeListener
instanceKlass org/eclipse/core/internal/content/BasicDescription
instanceKlass org/eclipse/core/internal/preferences/BundleStateScopeServiceFactory
instanceKlass org/eclipse/core/internal/preferences/Activator$1
instanceKlass  @bci org/eclipse/jdt/internal/compiler/ClassFile addProblemConstructor (Lorg/eclipse/jdt/internal/compiler/ast/AbstractMethodDeclaration;Lorg/eclipse/jdt/internal/compiler/lookup/MethodBinding;[Lorg/eclipse/jdt/core/compiler/CategorizedProblem;)V 127 <appendix> form vmentry <vmtarget> ; # java/lang/invoke/LambdaForm$MH+0x000001c51015d400
# instanceKlass java/lang/invoke/LambdaForm$MH+0x000001c51015d000
instanceKlass  @bci org/eclipse/jdt/internal/compiler/ClassFile addProblemConstructor (Lorg/eclipse/jdt/internal/compiler/ast/AbstractMethodDeclaration;Lorg/eclipse/jdt/internal/compiler/lookup/MethodBinding;[Lorg/eclipse/jdt/core/compiler/CategorizedProblem;)V 127 <appendix> argL3 form vmentry <vmtarget> ; # java/lang/invoke/LambdaForm$MH+0x000001c51015cc00
# instanceKlass java/lang/invoke/LambdaForm$MH+0x000001c51015c800
# instanceKlass java/lang/invoke/LambdaForm$MH+0x000001c51015c400
# instanceKlass java/lang/invoke/LambdaForm$MH+0x000001c51015c000
instanceKlass org/eclipse/core/internal/registry/ExtensionRegistry$ListenerInfo
instanceKlass org/eclipse/core/runtime/IContributor
instanceKlass org/eclipse/core/internal/preferences/PreferenceServiceRegistryHelper
instanceKlass  @bci org/eclipse/jdt/ls/core/internal/JavaLanguageServerPlugin$1 run (Lorg/eclipse/core/runtime/IProgressMonitor;)Lorg/eclipse/core/runtime/IStatus; 22 <appendix> form vmentry <vmtarget> ; # java/lang/invoke/LambdaForm$MH+0x000001c510157400
instanceKlass  @bci org/eclipse/jdt/ls/core/internal/JavaLanguageServerPlugin$1 run (Lorg/eclipse/core/runtime/IProgressMonitor;)Lorg/eclipse/core/runtime/IStatus; 22 <appendix> argL3 form vmentry <vmtarget> ; # java/lang/invoke/LambdaForm$MH+0x000001c510157000
# instanceKlass java/lang/invoke/LambdaForm$MH+0x000001c510156c00
# instanceKlass java/lang/invoke/LambdaForm$MH+0x000001c510156800
instanceKlass  @bci org/eclipse/jdt/ls/core/internal/handlers/BaseDocumentLifeCycleHandler performValidation (Lorg/eclipse/core/runtime/IProgressMonitor;)Lorg/eclipse/core/runtime/IStatus; 209 <appendix> argL1 argL1 form vmentry <vmtarget> ; # java/lang/invoke/LambdaForm$MH+0x000001c510156400
# instanceKlass java/lang/invoke/LambdaForm$MH+0x000001c510156000
instanceKlass org/eclipse/core/runtime/ListenerList$ListenerListIterator
instanceKlass org/eclipse/core/internal/preferences/OSGiPreferencesServiceManager
instanceKlass org/osgi/service/prefs/PreferencesService
instanceKlass org/eclipse/core/runtime/preferences/AbstractScope
instanceKlass org/eclipse/core/runtime/Assert
instanceKlass org/eclipse/core/runtime/Path
instanceKlass org/eclipse/core/runtime/Path$Constants
instanceKlass org/eclipse/core/runtime/IPath
instanceKlass org/eclipse/core/internal/preferences/ImmutableMap
instanceKlass org/eclipse/core/internal/preferences/EclipsePreferences
instanceKlass org/eclipse/core/runtime/preferences/IScope
instanceKlass org/eclipse/core/runtime/preferences/IEclipsePreferences
instanceKlass org/eclipse/core/internal/preferences/PreferencesService
instanceKlass org/eclipse/core/runtime/preferences/IPreferencesService
instanceKlass org/eclipse/core/internal/preferences/exchange/ILegacyPreferences
instanceKlass org/eclipse/core/internal/preferences/PreferencesOSGiUtils
instanceKlass org/eclipse/core/internal/preferences/Activator
instanceKlass org/eclipse/core/runtime/preferences/IScopeContext
instanceKlass org/eclipse/core/runtime/content/IContentTypeManager$ISelectionPolicy
instanceKlass org/eclipse/core/internal/content/ContentTypeCatalog
instanceKlass org/apache/felix/scr/impl/inject/ValueUtils
instanceKlass org/eclipse/core/internal/content/ILazySource
instanceKlass org/eclipse/core/internal/adapter/AdapterManagerListener
instanceKlass org/eclipse/core/internal/runtime/IAdapterManagerProvider
instanceKlass org/eclipse/core/runtime/IRegistryEventListener
instanceKlass org/eclipse/core/internal/registry/osgi/RegistryCommandProvider
instanceKlass org/eclipse/osgi/framework/console/CommandProvider
instanceKlass org/eclipse/core/internal/registry/RegistryProviderFactory
instanceKlass org/eclipse/core/internal/registry/osgi/RegistryProviderOSGI
instanceKlass org/eclipse/core/internal/registry/osgi/EclipseBundleListener
instanceKlass org/eclipse/core/internal/registry/OffsetTable
instanceKlass java/util/stream/ReduceOps$8ReducingSink
instanceKlass java/util/stream/Sink$OfLong
instanceKlass java/util/function/LongConsumer
instanceKlass  @bci java/util/stream/LongPipeline sum ()J 2 <appendix> argL0 ; # java/util/stream/LongPipeline$$Lambda+0x000001c5100ec550
instanceKlass java/util/function/LongBinaryOperator
instanceKlass java/util/stream/LongStream
instanceKlass  @bci org/eclipse/core/internal/registry/osgi/EquinoxRegistryStrategy getContainerTimestamp ()J 59 <appendix> argL0 ; # org/eclipse/core/internal/registry/osgi/EquinoxRegistryStrategy$$Lambda+0x000001c51014d0f0
instanceKlass  @cpi org/eclipse/core/internal/registry/osgi/EquinoxRegistryStrategy 203 form vmentry <vmtarget> ; # java/lang/invoke/LambdaForm$DMH+0x000001c51014e000
instanceKlass java/util/function/ToLongFunction
instanceKlass  @bci org/eclipse/core/internal/registry/osgi/EquinoxRegistryStrategy getContainerTimestamp ()J 49 <appendix> argL0 ; # org/eclipse/core/internal/registry/osgi/EquinoxRegistryStrategy$$Lambda+0x000001c51014cea0
instanceKlass  @bci org/eclipse/core/internal/registry/osgi/EquinoxRegistryStrategy getContainerTimestamp ()J 39 <appendix> argL0 ; # org/eclipse/core/internal/registry/osgi/EquinoxRegistryStrategy$$Lambda+0x000001c51014cc60
instanceKlass org/eclipse/core/internal/registry/HashtableOfStringAndInt
instanceKlass org/eclipse/core/internal/registry/KeyedHashSet
instanceKlass org/eclipse/core/runtime/IConfigurationElement
instanceKlass org/eclipse/core/internal/registry/Handle
instanceKlass org/eclipse/core/internal/registry/RegistryObjectManager
instanceKlass org/eclipse/core/internal/registry/IObjectManager
instanceKlass  @bci org/eclipse/core/internal/registry/RegistryProperties getContextProperty (Ljava/lang/String;)Ljava/lang/String; 18 <appendix> member <vmtarget> ; # org/eclipse/core/internal/registry/RegistryProperties$$Lambda+0x000001c510149d90
instanceKlass org/eclipse/core/internal/registry/RegistryTimestamp
instanceKlass org/eclipse/core/internal/registry/TableReader
instanceKlass org/eclipse/core/runtime/ListenerList
instanceKlass org/eclipse/core/internal/registry/ReadWriteMonitor
instanceKlass org/eclipse/core/internal/registry/RegistryObjectFactory
instanceKlass org/eclipse/core/runtime/IExtensionDelta
instanceKlass org/eclipse/core/runtime/ISafeRunnable
instanceKlass org/eclipse/core/runtime/IExtensionPoint
instanceKlass org/eclipse/core/runtime/IExtension
instanceKlass org/eclipse/core/internal/registry/RegistryObject
instanceKlass org/eclipse/core/internal/registry/KeyedElement
instanceKlass org/eclipse/core/internal/registry/ExtensionRegistry
instanceKlass org/eclipse/core/runtime/spi/IDynamicExtensionRegistry
instanceKlass org/eclipse/core/runtime/IExtensionRegistry
instanceKlass org/eclipse/core/runtime/RegistryFactory
instanceKlass org/eclipse/core/internal/registry/ReferenceMap$IEntry
instanceKlass org/eclipse/core/internal/registry/ReferenceMap
instanceKlass org/eclipse/core/internal/registry/osgi/OSGIUtils
instanceKlass org/eclipse/core/internal/registry/osgi/EquinoxUtils
instanceKlass org/eclipse/core/internal/registry/RegistryProperties
instanceKlass org/eclipse/core/runtime/spi/IRegistryProvider
instanceKlass org/eclipse/core/runtime/spi/RegistryStrategy
instanceKlass org/eclipse/core/internal/registry/osgi/Activator
instanceKlass org/eclipse/core/runtime/IRegistryChangeListener
instanceKlass org/eclipse/core/runtime/content/IContentType
instanceKlass org/eclipse/core/runtime/content/IContentTypeSettings
instanceKlass org/osgi/service/prefs/Preferences
instanceKlass org/eclipse/core/internal/content/IContentTypeInfo
instanceKlass org/eclipse/core/runtime/content/IContentDescription
instanceKlass org/apache/felix/scr/impl/inject/internal/ComponentConstructorImpl
instanceKlass org/apache/felix/scr/impl/inject/ReferenceMethods$1
instanceKlass org/apache/felix/scr/impl/inject/ReferenceMethod
instanceKlass org/apache/felix/scr/impl/inject/methods/BindMethods
instanceKlass org/apache/felix/scr/impl/inject/ReferenceMethods
instanceKlass org/apache/felix/scr/impl/inject/methods/BaseMethod$NotApplicable
instanceKlass org/apache/felix/scr/impl/inject/methods/BaseMethod$NotResolved
instanceKlass org/apache/felix/scr/impl/inject/methods/BaseMethod$State
instanceKlass org/apache/felix/scr/impl/inject/BaseParameter
instanceKlass org/apache/felix/scr/impl/inject/methods/BaseMethod
instanceKlass org/eclipse/core/internal/content/ContentTypeMatcher
instanceKlass org/eclipse/core/runtime/content/IContentTypeManager
instanceKlass org/eclipse/core/runtime/content/IContentTypeMatcher
instanceKlass org/eclipse/osgi/internal/framework/EquinoxBundle$ResolvedModuleClassLoader
instanceKlass org/eclipse/osgi/internal/framework/EquinoxBundle$1
instanceKlass org/apache/felix/scr/impl/helper/ComponentServiceObjectsHelper
instanceKlass org/apache/felix/scr/impl/manager/EdgeInfo
instanceKlass org/apache/felix/scr/impl/manager/ComponentContextImpl$ComponentInstanceImpl
instanceKlass org/osgi/service/component/ComponentInstance
instanceKlass org/apache/felix/scr/impl/manager/ComponentContextImpl
instanceKlass org/apache/felix/scr/impl/manager/RegistrationManager$RegStateWrapper
instanceKlass org/apache/felix/scr/impl/BundleComponentActivator$ListenerInfo
instanceKlass org/apache/felix/scr/impl/manager/ServiceTracker$AbstractTracked
instanceKlass org/apache/felix/scr/impl/manager/ExtendedServiceListener
instanceKlass org/apache/felix/scr/impl/manager/ServiceTracker
instanceKlass java/util/Collections$ReverseComparator
instanceKlass org/apache/felix/scr/impl/helper/Coercions
instanceKlass org/apache/felix/scr/impl/manager/DependencyManager$AbstractCustomizer
instanceKlass org/apache/felix/scr/impl/manager/DependencyManager$Customizer
instanceKlass org/apache/felix/scr/impl/manager/ServiceTrackerCustomizer
instanceKlass org/apache/felix/scr/impl/inject/RefPair
instanceKlass org/apache/felix/scr/impl/inject/OpenStatus
instanceKlass org/apache/felix/scr/impl/manager/DependencyManager
instanceKlass org/apache/felix/scr/impl/manager/ReferenceManager
instanceKlass org/osgi/util/promise/Deferred
instanceKlass org/apache/felix/scr/impl/manager/SingleComponentManager$SetImplementationObject
instanceKlass org/apache/felix/scr/impl/inject/ScrComponentContext
instanceKlass org/apache/felix/scr/component/ExtComponentContext
instanceKlass org/apache/felix/scr/impl/manager/RegistrationManager
instanceKlass org/apache/felix/scr/impl/helper/ConfigAdminTracker$1
instanceKlass org/apache/felix/scr/impl/helper/ConfigAdminTracker
instanceKlass org/apache/felix/scr/impl/ComponentRegistry$4
instanceKlass org/apache/felix/scr/impl/inject/ComponentConstructor
instanceKlass org/apache/felix/scr/impl/inject/LifecycleMethod
instanceKlass org/apache/felix/scr/impl/inject/internal/ComponentMethodsImpl
instanceKlass org/apache/felix/scr/impl/metadata/TargetedPID
instanceKlass java/util/concurrent/CompletionStage
instanceKlass org/osgi/util/promise/PromiseImpl
instanceKlass org/osgi/util/promise/Promise
instanceKlass org/osgi/util/promise/PromiseFactory
instanceKlass org/osgi/util/promise/Promises
instanceKlass org/apache/felix/scr/impl/inject/ComponentMethods
instanceKlass org/osgi/service/component/ComponentFactory
instanceKlass org/apache/felix/scr/impl/manager/AbstractComponentManager
instanceKlass org/apache/felix/scr/impl/manager/ComponentManager
instanceKlass org/apache/felix/scr/impl/manager/ConfigurableComponentHolder
instanceKlass org/apache/felix/scr/impl/manager/ComponentContainer
instanceKlass org/apache/felix/scr/impl/ComponentRegistryKey
instanceKlass org/apache/felix/scr/impl/metadata/PropertyMetadata
instanceKlass org/apache/felix/scr/impl/metadata/ReferenceMetadata
instanceKlass org/apache/felix/scr/impl/metadata/ServiceMetadata
instanceKlass org/apache/felix/scr/impl/metadata/ComponentMetadata
instanceKlass org/apache/felix/scr/impl/xml/XmlConstants
instanceKlass com/sun/org/apache/xerces/internal/impl/Constants$ArrayEnumeration
instanceKlass com/sun/org/apache/xerces/internal/impl/Constants
instanceKlass com/sun/org/apache/xerces/internal/parsers/AbstractSAXParser$LocatorProxy
instanceKlass org/xml/sax/ext/Locator2
instanceKlass org/xml/sax/Locator
instanceKlass com/sun/org/apache/xerces/internal/util/XMLSymbols
instanceKlass com/sun/org/apache/xerces/internal/util/XMLChar
instanceKlass com/sun/xml/internal/stream/Entity
instanceKlass com/sun/xml/internal/stream/util/BufferAllocator
instanceKlass com/sun/xml/internal/stream/util/ThreadLocalBufferAllocator
instanceKlass com/sun/org/apache/xerces/internal/impl/XMLEntityManager$EncodingInfo
instanceKlass com/sun/org/apache/xerces/internal/utils/XMLLimitAnalyzer
instanceKlass com/sun/org/apache/xerces/internal/xni/parser/XMLInputSource
instanceKlass com/sun/org/apache/xerces/internal/util/ErrorHandlerWrapper
instanceKlass com/sun/org/apache/xerces/internal/xni/parser/XMLErrorHandler
instanceKlass com/sun/org/apache/xerces/internal/impl/ExternalSubsetResolver
instanceKlass com/sun/org/apache/xerces/internal/util/EntityResolverWrapper
instanceKlass org/xml/sax/ext/EntityResolver2
instanceKlass org/xml/sax/InputSource
instanceKlass com/sun/org/apache/xerces/internal/parsers/AbstractSAXParser$AttributesProxy
instanceKlass org/xml/sax/ext/Attributes2
instanceKlass org/xml/sax/Attributes
instanceKlass org/xml/sax/AttributeList
instanceKlass com/sun/org/apache/xerces/internal/util/FeatureState
instanceKlass com/sun/org/apache/xerces/internal/util/PropertyState
instanceKlass com/sun/org/apache/xerces/internal/impl/msg/XMLMessageFormatter
instanceKlass com/sun/org/apache/xerces/internal/util/MessageFormatter
instanceKlass com/sun/org/apache/xerces/internal/impl/XMLVersionDetector
instanceKlass com/sun/org/apache/xerces/internal/impl/validation/ValidationManager
instanceKlass com/sun/org/apache/xerces/internal/impl/dv/dtd/NMTOKENDatatypeValidator
instanceKlass com/sun/org/apache/xerces/internal/impl/dv/dtd/NOTATIONDatatypeValidator
instanceKlass com/sun/org/apache/xerces/internal/impl/dv/dtd/ENTITYDatatypeValidator
instanceKlass com/sun/org/apache/xerces/internal/impl/dv/dtd/ListDatatypeValidator
instanceKlass com/sun/org/apache/xerces/internal/impl/dv/dtd/IDREFDatatypeValidator
instanceKlass com/sun/org/apache/xerces/internal/impl/dv/dtd/IDDatatypeValidator
instanceKlass com/sun/org/apache/xerces/internal/impl/dv/dtd/StringDatatypeValidator
instanceKlass com/sun/org/apache/xerces/internal/impl/dv/DatatypeValidator
instanceKlass com/sun/org/apache/xerces/internal/impl/dv/DTDDVFactory
instanceKlass com/sun/org/apache/xerces/internal/impl/dtd/DTDGrammarBucket
instanceKlass com/sun/org/apache/xerces/internal/impl/dtd/XMLAttributeDecl
instanceKlass com/sun/org/apache/xerces/internal/impl/dtd/XMLSimpleType
instanceKlass com/sun/org/apache/xerces/internal/impl/dtd/XMLElementDecl
instanceKlass com/sun/org/apache/xerces/internal/impl/validation/ValidationState
instanceKlass com/sun/org/apache/xerces/internal/impl/dv/ValidationContext
instanceKlass com/sun/org/apache/xerces/internal/impl/dtd/XMLDTDValidator
instanceKlass com/sun/org/apache/xerces/internal/impl/RevalidationHandler
instanceKlass com/sun/org/apache/xerces/internal/impl/dtd/XMLDTDValidatorFilter
instanceKlass com/sun/org/apache/xerces/internal/xni/parser/XMLDocumentFilter
instanceKlass com/sun/org/apache/xerces/internal/impl/dtd/XMLEntityDecl
instanceKlass com/sun/org/apache/xerces/internal/impl/dtd/XMLDTDProcessor
instanceKlass com/sun/org/apache/xerces/internal/xni/parser/XMLDTDContentModelFilter
instanceKlass com/sun/org/apache/xerces/internal/xni/parser/XMLDTDFilter
instanceKlass com/sun/org/apache/xerces/internal/xni/parser/XMLDTDScanner
instanceKlass com/sun/org/apache/xerces/internal/xni/parser/XMLDTDContentModelSource
instanceKlass com/sun/org/apache/xerces/internal/xni/parser/XMLDTDSource
instanceKlass com/sun/org/apache/xerces/internal/xni/grammars/XMLDTDDescription
instanceKlass com/sun/org/apache/xerces/internal/xni/grammars/XMLGrammarDescription
instanceKlass com/sun/org/apache/xerces/internal/impl/XMLDocumentScannerImpl$TrailingMiscDriver
instanceKlass com/sun/org/apache/xerces/internal/impl/XMLDocumentScannerImpl$PrologDriver
instanceKlass com/sun/org/apache/xerces/internal/impl/XMLDocumentScannerImpl$XMLDeclDriver
instanceKlass com/sun/org/apache/xerces/internal/util/NamespaceSupport
instanceKlass com/sun/org/apache/xerces/internal/xni/NamespaceContext
instanceKlass com/sun/org/apache/xerces/internal/util/XMLAttributesImpl$Attribute
instanceKlass com/sun/org/apache/xerces/internal/util/XMLAttributesImpl
instanceKlass com/sun/org/apache/xerces/internal/xni/XMLAttributes
instanceKlass com/sun/org/apache/xerces/internal/impl/XMLDocumentFragmentScannerImpl$FragmentContentDriver
instanceKlass com/sun/org/apache/xerces/internal/impl/XMLDocumentFragmentScannerImpl$Driver
instanceKlass com/sun/org/apache/xerces/internal/impl/XMLDocumentFragmentScannerImpl$ElementStack2
instanceKlass com/sun/org/apache/xerces/internal/xni/QName
instanceKlass com/sun/org/apache/xerces/internal/impl/XMLDocumentFragmentScannerImpl$ElementStack
instanceKlass com/sun/org/apache/xerces/internal/xni/XMLString
instanceKlass com/sun/org/apache/xerces/internal/impl/XMLScanner
instanceKlass com/sun/xml/internal/stream/XMLBufferListener
instanceKlass com/sun/org/apache/xerces/internal/impl/XMLEntityHandler
instanceKlass com/sun/org/apache/xerces/internal/xni/parser/XMLDocumentScanner
instanceKlass com/sun/org/apache/xerces/internal/xni/parser/XMLDocumentSource
instanceKlass com/sun/org/apache/xerces/internal/impl/XMLErrorReporter
instanceKlass com/sun/org/apache/xerces/internal/impl/XMLEntityScanner
instanceKlass com/sun/org/apache/xerces/internal/xni/XMLLocator
instanceKlass com/sun/xml/internal/stream/XMLEntityStorage
instanceKlass com/sun/org/apache/xerces/internal/util/AugmentationsImpl$AugmentationsItemsContainer
instanceKlass com/sun/org/apache/xerces/internal/util/AugmentationsImpl
instanceKlass com/sun/org/apache/xerces/internal/xni/Augmentations
instanceKlass com/sun/org/apache/xerces/internal/util/XMLResourceIdentifierImpl
instanceKlass com/sun/org/apache/xerces/internal/xni/XMLResourceIdentifier
instanceKlass com/sun/org/apache/xerces/internal/impl/XMLEntityManager
instanceKlass com/sun/org/apache/xerces/internal/xni/parser/XMLEntityResolver
instanceKlass com/sun/org/apache/xerces/internal/xni/parser/XMLComponent
instanceKlass com/sun/org/apache/xerces/internal/util/SymbolTable$Entry
instanceKlass com/sun/org/apache/xerces/internal/util/SymbolTable
instanceKlass jdk/xml/internal/JdkConstants
instanceKlass jdk/xml/internal/JdkXmlUtils
instanceKlass com/sun/org/apache/xerces/internal/util/ParserConfigurationSettings
instanceKlass com/sun/org/apache/xerces/internal/parsers/XML11Configurable
instanceKlass com/sun/org/apache/xerces/internal/xni/parser/XMLPullParserConfiguration
instanceKlass com/sun/org/apache/xerces/internal/xni/parser/XMLParserConfiguration
instanceKlass com/sun/org/apache/xerces/internal/xni/parser/XMLComponentManager
instanceKlass com/sun/org/apache/xerces/internal/parsers/XMLParser
instanceKlass com/sun/org/apache/xerces/internal/xni/XMLDTDContentModelHandler
instanceKlass com/sun/org/apache/xerces/internal/xni/XMLDTDHandler
instanceKlass com/sun/org/apache/xerces/internal/xni/XMLDocumentHandler
instanceKlass org/xml/sax/XMLReader
instanceKlass org/xml/sax/Parser
instanceKlass com/sun/org/apache/xerces/internal/utils/XMLSecurityPropertyManager
instanceKlass com/sun/org/apache/xerces/internal/utils/XMLSecurityManager
instanceKlass javax/xml/parsers/SAXParser
instanceKlass com/sun/org/apache/xerces/internal/xs/PSVIProvider
instanceKlass com/sun/org/apache/xerces/internal/jaxp/JAXPConstants
instanceKlass  @bci javax/xml/parsers/FactoryFinder newInstance (Ljava/lang/Class;Ljava/lang/String;Ljava/lang/ClassLoader;ZZ)Ljava/lang/Object; 104 <appendix> member <vmtarget> ; # javax/xml/parsers/FactoryFinder$$Lambda+0x000001c5100d1708
instanceKlass  @bci jdk/xml/internal/SecuritySupport getContextClassLoader ()Ljava/lang/ClassLoader; 0 <appendix> argL0 ; # jdk/xml/internal/SecuritySupport$$Lambda+0x000001c5100d1280
instanceKlass  @bci javax/xml/parsers/FactoryFinder find (Ljava/lang/Class;Ljava/lang/String;)Ljava/lang/Object; 104 <appendix> member <vmtarget> ; # javax/xml/parsers/FactoryFinder$$Lambda+0x000001c5100d1058
instanceKlass javax/xml/parsers/FactoryFinder$1
instanceKlass  @bci jdk/xml/internal/SecuritySupport getFileInputStream (Ljava/io/File;)Ljava/io/FileInputStream; 1 <appendix> member <vmtarget> ; # jdk/xml/internal/SecuritySupport$$Lambda+0x000001c5100d0c00
instanceKlass  @bci jdk/xml/internal/SecuritySupport doesFileExist (Ljava/io/File;)Z 1 <appendix> member <vmtarget> ; # jdk/xml/internal/SecuritySupport$$Lambda+0x000001c5100d09d8
instanceKlass  @bci javax/xml/parsers/FactoryFinder find (Ljava/lang/Class;Ljava/lang/String;)Ljava/lang/Object; 6 <appendix> member <vmtarget> ; # javax/xml/parsers/FactoryFinder$$Lambda+0x000001c5100d07b0
instanceKlass  @bci jdk/xml/internal/SecuritySupport getSystemProperty (Ljava/lang/String;)Ljava/lang/String; 1 <appendix> member <vmtarget> ; # jdk/xml/internal/SecuritySupport$$Lambda+0x000001c5100d0588
instanceKlass jdk/xml/internal/SecuritySupport
instanceKlass javax/xml/parsers/FactoryFinder
instanceKlass javax/xml/parsers/SAXParserFactory
instanceKlass  @bci org/eclipse/osgi/storage/Storage lambda$7 (Ljava/util/List;Ljava/lang/String;)Ljava/util/stream/Stream; 7 <appendix> member <vmtarget> ; # org/eclipse/osgi/storage/Storage$$Lambda+0x000001c5101304a0
instanceKlass org/eclipse/osgi/internal/container/InternalUtils$1
instanceKlass  @bci org/eclipse/osgi/storage/Storage findEntries (Ljava/util/List;Ljava/lang/String;Ljava/lang/String;I)Ljava/util/Enumeration; 101 <appendix> argL0 ; # org/eclipse/osgi/storage/Storage$$Lambda+0x000001c510130000
instanceKlass  @bci org/eclipse/osgi/storage/Storage findEntries (Ljava/util/List;Ljava/lang/String;Ljava/lang/String;I)Ljava/util/Enumeration; 91 <appendix> member <vmtarget> ; # org/eclipse/osgi/storage/Storage$$Lambda+0x000001c51012a400
instanceKlass org/xml/sax/helpers/DefaultHandler
instanceKlass org/xml/sax/ErrorHandler
instanceKlass org/xml/sax/ContentHandler
instanceKlass org/xml/sax/DTDHandler
instanceKlass org/xml/sax/EntityResolver
instanceKlass org/apache/felix/scr/impl/BundleComponentActivator
instanceKlass org/apache/felix/scr/impl/manager/ComponentActivator
instanceKlass org/apache/felix/scr/impl/manager/ExtendedServiceListenerContext
instanceKlass java/util/AbstractList$Itr
instanceKlass org/eclipse/core/internal/runtime/IAdapterFactoryExt
instanceKlass org/eclipse/core/internal/runtime/AdapterFactoryBridge$LazyAdapterFactory
instanceKlass org/eclipse/core/internal/runtime/AdapterFactoryBridge
instanceKlass org/eclipse/core/runtime/IAdapterFactory
instanceKlass org/eclipse/core/internal/runtime/TracingOptions$1
instanceKlass org/eclipse/core/internal/runtime/TracingOptions
instanceKlass java/util/AbstractMap$1$1
instanceKlass org/osgi/service/url/URLStreamHandlerService
instanceKlass  @bci org/eclipse/core/runtime/ServiceCaller current ()Ljava/util/Optional; 4 <appendix> argL0 ; # org/eclipse/core/runtime/ServiceCaller$$Lambda+0x000001c510129928
instanceKlass  @bci org/eclipse/jdt/internal/compiler/ClassFile addProblemConstructor (Lorg/eclipse/jdt/internal/compiler/ast/AbstractMethodDeclaration;Lorg/eclipse/jdt/internal/compiler/lookup/MethodBinding;[Lorg/eclipse/jdt/core/compiler/CategorizedProblem;)V 127 <appendix> argL2 form vmentry <vmtarget> ; # java/lang/invoke/LambdaForm$MH+0x000001c51012a000
instanceKlass  @bci org/eclipse/core/runtime/ServiceCaller trackCurrent ()Ljava/util/Optional; 19 <appendix> member <vmtarget> ; # org/eclipse/core/runtime/ServiceCaller$$Lambda+0x000001c5101296e0
instanceKlass  @bci org/eclipse/core/runtime/ServiceCaller getCurrent ()Ljava/util/Optional; 12 <appendix> member <vmtarget> ; # org/eclipse/core/runtime/ServiceCaller$$Lambda+0x000001c510129498
instanceKlass sun/invoke/util/VerifyAccess$1
instanceKlass org/eclipse/core/runtime/ServiceCaller$ReferenceAndService
instanceKlass java/util/concurrent/ConcurrentLinkedQueue$Node
instanceKlass org/eclipse/core/internal/runtime/AdapterManager
instanceKlass org/eclipse/core/runtime/IAdapterManager
instanceKlass org/eclipse/core/internal/runtime/PlatformURLConverter
instanceKlass org/eclipse/core/internal/runtime/RuntimeLog
instanceKlass org/eclipse/core/runtime/IStatus
instanceKlass org/eclipse/core/internal/runtime/PlatformLogWriter
instanceKlass org/eclipse/osgi/internal/log/ExtendedLogReaderServiceImpl
instanceKlass  @bci org/eclipse/core/runtime/ServiceCaller <init> (Ljava/lang/Class;Ljava/lang/Class;Ljava/lang/String;)V 39 <appendix> argL0 ; # org/eclipse/core/runtime/ServiceCaller$$Lambda+0x000001c510123000
instanceKlass  @bci org/osgi/framework/FrameworkUtil getBundle (Ljava/lang/Class;)Lorg/osgi/framework/Bundle; 26 <appendix> member <vmtarget> ; # org/osgi/framework/FrameworkUtil$$Lambda+0x000001c51011bca8
instanceKlass  @bci org/osgi/framework/FrameworkUtil getBundle (Ljava/lang/Class;)Lorg/osgi/framework/Bundle; 17 <appendix> argL0 ; # org/osgi/framework/FrameworkUtil$$Lambda+0x000001c51011ba68
instanceKlass  @bci org/osgi/framework/FrameworkUtil getBundle (Ljava/lang/Class;)Lorg/osgi/framework/Bundle; 1 <appendix> member <vmtarget> ; # org/osgi/framework/FrameworkUtil$$Lambda+0x000001c51011b840
instanceKlass  @bci org/osgi/framework/FrameworkUtil <clinit> ()V 27 <appendix> member <vmtarget> ; # org/osgi/framework/FrameworkUtil$$Lambda+0x000001c51011b608
instanceKlass org/osgi/framework/connect/FrameworkUtilHelper
instanceKlass  @bci org/osgi/framework/FrameworkUtil <clinit> ()V 8 <appendix> argL0 ; # org/osgi/framework/FrameworkUtil$$Lambda+0x000001c51011b1e8
instanceKlass  @bci org/eclipse/core/runtime/ServiceCaller <init> (Ljava/lang/Class;Ljava/lang/Class;Ljava/lang/String;)V 31 <appendix> argL0 ; # org/eclipse/core/runtime/ServiceCaller$$Lambda+0x000001c510122ca8
instanceKlass org/osgi/framework/FrameworkUtil
instanceKlass org/eclipse/core/runtime/ServiceCaller
instanceKlass org/eclipse/core/internal/runtime/Activator
instanceKlass org/apache/felix/scr/impl/config/ScrMetaTypeProviderServiceFactory
instanceKlass org/apache/felix/scr/impl/config/ScrManagedServiceServiceFactory
instanceKlass org/apache/felix/scr/impl/ComponentCommands$2
instanceKlass org/apache/felix/scr/impl/ComponentCommands$1
instanceKlass org/apache/felix/scr/impl/ComponentCommands
instanceKlass org/eclipse/osgi/storage/ManifestLocalization$BundleResourceBundle
instanceKlass org/eclipse/osgi/storage/ManifestLocalization
instanceKlass org/apache/felix/scr/impl/Activator$ScrExtension
instanceKlass org/apache/felix/scr/impl/runtime/ServiceComponentRuntimeImpl
instanceKlass org/apache/felix/scr/impl/manager/RegionConfigurationSupport
instanceKlass org/apache/felix/scr/impl/manager/ComponentHolder
instanceKlass org/apache/felix/scr/impl/ComponentRegistry
instanceKlass org/apache/felix/scr/impl/ComponentActorExecutor$1
instanceKlass org/osgi/util/tracker/BundleTracker
instanceKlass org/apache/felix/scr/impl/logger/ScrLogManager$1
instanceKlass org/apache/felix/scr/impl/logger/LogManager$LogDomain
instanceKlass org/apache/felix/scr/impl/logger/LogManager$Lock
instanceKlass org/apache/felix/scr/impl/logger/LogManager$LoggerFacade
instanceKlass org/apache/felix/scr/impl/logger/BundleLogger
instanceKlass org/apache/felix/scr/impl/logger/ComponentLogger
instanceKlass org/apache/felix/scr/impl/logger/ScrLogger
instanceKlass org/apache/felix/scr/impl/logger/InternalLogger
instanceKlass org/apache/felix/scr/impl/logger/ScrLoggerFactory
instanceKlass org/osgi/service/component/ComponentContext
instanceKlass org/osgi/service/component/ComponentServiceObjects
instanceKlass org/apache/felix/scr/impl/inject/internal/ClassUtils
instanceKlass org/apache/felix/scr/impl/config/ScrConfigurationImpl
instanceKlass org/osgi/service/component/runtime/ServiceComponentRuntime
instanceKlass org/apache/felix/scr/impl/manager/ScrConfiguration
instanceKlass org/apache/felix/scr/impl/logger/LogConfiguration
instanceKlass org/eclipse/osgi/internal/loader/ModuleClassLoader$DefineClassResult
instanceKlass org/apache/felix/scr/impl/AbstractExtender
instanceKlass org/osgi/util/tracker/BundleTrackerCustomizer
instanceKlass org/eclipse/osgi/internal/weaving/WeavingHookConfigurator$WovenClassContext
instanceKlass org/eclipse/osgi/internal/weaving/WovenClassImpl
instanceKlass org/osgi/framework/hooks/weaving/WovenClass
instanceKlass org/eclipse/osgi/internal/loader/classpath/ClasspathManager$DefineContext
instanceKlass org/eclipse/osgi/internal/loader/BundleLoader$3
instanceKlass org/eclipse/osgi/container/ModuleContainer$ContainerStartLevel$2
# instanceKlass java/lang/invoke/LambdaForm$MH+0x000001c51011c400
instanceKlass java/util/concurrent/CountDownLatch
instanceKlass org/eclipse/osgi/internal/framework/EquinoxContainerAdaptor$1$1
# instanceKlass java/lang/invoke/LambdaForm$MH+0x000001c51011c000
instanceKlass org/osgi/dto/DTO
instanceKlass org/eclipse/osgi/framework/eventmgr/EventManager$EventThread$Queued
instanceKlass  @bci org/eclipse/osgi/framework/eventmgr/EventManager getEventThread ()Lorg/eclipse/osgi/framework/eventmgr/EventManager$EventThread; 24 <appendix> member <vmtarget> ; # org/eclipse/osgi/framework/eventmgr/EventManager$$Lambda+0x000001c5101161a0
instanceKlass  @bci org/eclipse/osgi/internal/framework/EquinoxEventPublisher notifyEventHooksPrivileged (Lorg/osgi/framework/BundleEvent;Ljava/util/Collection;)V 98 <appendix> member <vmtarget> ; # org/eclipse/osgi/internal/framework/EquinoxEventPublisher$$Lambda+0x000001c510115c38
instanceKlass  @bci org/eclipse/osgi/internal/framework/BundleContextImpl notifyFindHooksPriviledged (Lorg/eclipse/osgi/internal/framework/BundleContextImpl;Ljava/util/Collection;)V 73 <appendix> member <vmtarget> ; # org/eclipse/osgi/internal/framework/BundleContextImpl$$Lambda+0x000001c5101153c8
instanceKlass org/eclipse/osgi/framework/util/FilePath
instanceKlass sun/nio/ch/FileChannelImpl$Closer
instanceKlass sun/nio/fs/WindowsChannelFactory$Flags
instanceKlass sun/nio/fs/WindowsChannelFactory$1
instanceKlass sun/nio/fs/WindowsChannelFactory
instanceKlass org/eclipse/core/runtime/internal/adaptor/ConsoleManager
instanceKlass org/eclipse/core/runtime/internal/adaptor/DefaultStartupMonitor
instanceKlass org/eclipse/osgi/service/runnable/StartupMonitor
instanceKlass java/lang/Thread$Builder$OfVirtual
instanceKlass java/lang/Thread$Builder$OfPlatform
instanceKlass java/lang/Thread$Builder
instanceKlass org/eclipse/osgi/internal/serviceregistry/ServiceFactoryUse$1
instanceKlass java/util/LinkedList$ListItr
instanceKlass java/util/LinkedList$Node
instanceKlass org/eclipse/osgi/service/resolver/NativeCodeSpecification
instanceKlass org/eclipse/osgi/service/resolver/ExportPackageDescription
instanceKlass org/eclipse/osgi/service/resolver/ImportPackageSpecification
instanceKlass org/eclipse/osgi/service/resolver/NativeCodeDescription
instanceKlass org/eclipse/osgi/internal/resolver/StateImpl
instanceKlass org/eclipse/osgi/service/resolver/BundleDescription
instanceKlass org/eclipse/osgi/service/resolver/BundleSpecification
instanceKlass org/eclipse/osgi/service/resolver/GenericSpecification
instanceKlass org/eclipse/osgi/service/resolver/GenericDescription
instanceKlass org/eclipse/osgi/service/resolver/BaseDescription
instanceKlass org/eclipse/osgi/service/resolver/HostSpecification
instanceKlass org/eclipse/osgi/service/resolver/VersionConstraint
instanceKlass org/eclipse/osgi/internal/resolver/StateObjectFactoryImpl
instanceKlass org/eclipse/osgi/service/resolver/Resolver
instanceKlass org/eclipse/osgi/service/resolver/State
instanceKlass org/eclipse/osgi/service/resolver/StateObjectFactory
instanceKlass org/eclipse/osgi/compatibility/state/PlatformAdminImpl
instanceKlass org/eclipse/osgi/service/resolver/PlatformAdmin
instanceKlass org/eclipse/osgi/compatibility/state/Activator
instanceKlass org/eclipse/osgi/internal/serviceregistry/ServiceConsumer$2
instanceKlass org/eclipse/osgi/internal/serviceregistry/ServiceConsumer$1
instanceKlass org/eclipse/osgi/internal/serviceregistry/ServiceConsumer
instanceKlass org/eclipse/osgi/service/security/TrustEngine
instanceKlass org/eclipse/osgi/internal/signedcontent/SignedContentConstants
instanceKlass org/eclipse/osgi/internal/signedcontent/SignedBundleHook$1
instanceKlass org/eclipse/osgi/internal/framework/XMLParsingServiceFactory
instanceKlass org/eclipse/osgi/storage/BundleLocalizationImpl
instanceKlass org/eclipse/osgi/service/localization/BundleLocalization
instanceKlass org/eclipse/osgi/storage/url/BundleURLConverter
instanceKlass org/eclipse/osgi/service/urlconversion/URLConverter
instanceKlass org/apache/felix/resolver/Logger
instanceKlass org/apache/felix/resolver/ResolutionError
instanceKlass org/apache/felix/resolver/ResolverImpl
instanceKlass org/osgi/service/resolver/Resolver
instanceKlass org/eclipse/osgi/internal/framework/legacy/StartLevelImpl
instanceKlass org/eclipse/osgi/internal/framework/legacy/PackageAdminImpl
instanceKlass org/osgi/service/condition/ConditionImpl
instanceKlass org/osgi/service/condition/Condition
instanceKlass  @bci org/eclipse/equinox/plurl/impl/PlurlImpl add (Ljava/net/ContentHandlerFactory;)V 13 <appendix> argL0 ; # org/eclipse/equinox/plurl/impl/PlurlImpl$$Lambda+0x000001c51010f6c8
instanceKlass  @bci org/eclipse/equinox/plurl/impl/PlurlImpl$5 getContent ()Ljava/util/function/Consumer; 155 <appendix> member <vmtarget> ; # org/eclipse/equinox/plurl/impl/PlurlImpl$5$$Lambda+0x000001c51010f230
instanceKlass  @bci org/eclipse/equinox/plurl/impl/PlurlImpl add (Ljava/net/URLStreamHandlerFactory;)V 13 <appendix> argL0 ; # org/eclipse/equinox/plurl/impl/PlurlImpl$$Lambda+0x000001c51010efe0
instanceKlass org/eclipse/equinox/plurl/impl/PlurlImpl$PlurlFactoryHolder
instanceKlass  @bci org/eclipse/equinox/plurl/impl/PlurlImpl$5 getContent ()Ljava/util/function/Consumer; 141 <appendix> member <vmtarget> ; # org/eclipse/equinox/plurl/impl/PlurlImpl$5$$Lambda+0x000001c51010e8f8
instanceKlass org/eclipse/osgi/internal/url/ContentHandlerFactoryImpl
instanceKlass org/eclipse/osgi/internal/url/URLStreamHandlerFactoryImpl
instanceKlass org/eclipse/equinox/plurl/impl/PlurlImpl$PlurlContentHandlerFactory
instanceKlass org/eclipse/equinox/plurl/impl/PlurlImpl$LegacyFactory
# instanceKlass java/lang/invoke/LambdaForm$MH+0x000001c510109000
# instanceKlass java/lang/invoke/LambdaForm$MH+0x000001c510108c00
instanceKlass org/eclipse/equinox/plurl/impl/StackWalkerCallStack
instanceKlass org/eclipse/equinox/plurl/impl/URLToHandler
instanceKlass java/net/UrlDeserializedState
instanceKlass java/net/InetAddress
instanceKlass org/eclipse/equinox/plurl/impl/CallStack
instanceKlass org/eclipse/equinox/plurl/PlurlStreamHandler$PlurlSetter
instanceKlass java/net/ContentHandler
instanceKlass org/eclipse/equinox/plurl/impl/PlurlImpl
instanceKlass org/eclipse/osgi/internal/log/ConfigAdminListener
instanceKlass  @bci org/eclipse/jdt/ls/core/internal/handlers/DocumentSymbolHandler getHierarchicalOutline (Lorg/eclipse/jdt/core/ITypeRoot;Lorg/eclipse/core/runtime/IProgressMonitor;Z)Ljava/util/List; 149 <adapter> ; # java/lang/invoke/LambdaForm$MH+0x000001c510108800
# instanceKlass java/lang/invoke/LambdaForm$DMH+0x000001c510108400
instanceKlass  @bci org/eclipse/jdt/ls/core/internal/handlers/DocumentSymbolHandler getHierarchicalOutline (Lorg/eclipse/jdt/core/ITypeRoot;Lorg/eclipse/core/runtime/IProgressMonitor;Z)Ljava/util/List; 149 <appendix> form vmentry <vmtarget> ; # java/lang/invoke/LambdaForm$DMH+0x000001c510108000
instanceKlass  @bci org/eclipse/osgi/internal/serviceregistry/ServiceRegistry notifyFindHooksPrivileged (Lorg/eclipse/osgi/internal/framework/BundleContextImpl;Ljava/lang/String;Ljava/lang/String;ZLjava/util/Collection;)V 101 <appendix> member <vmtarget> ; # org/eclipse/osgi/internal/serviceregistry/ServiceRegistry$$Lambda+0x000001c510100800
instanceKlass  @cpi org/eclipse/osgi/internal/serviceregistry/ServiceRegistry 1105 form vmentry <vmtarget> ; # java/lang/invoke/LambdaForm$DMH+0x000001c510100400
instanceKlass org/eclipse/osgi/internal/serviceregistry/ShrinkableCollection
instanceKlass org/eclipse/osgi/internal/framework/FilterImpl$Parser
instanceKlass org/eclipse/osgi/internal/framework/FilterImpl
instanceKlass org/osgi/util/tracker/AbstractTracked
instanceKlass org/osgi/util/tracker/ServiceTracker
instanceKlass org/eclipse/osgi/internal/log/EventAdminAdapter
instanceKlass org/eclipse/osgi/internal/serviceregistry/ServiceRegistry$2
instanceKlass org/eclipse/osgi/framework/eventmgr/CopyOnWriteIdentityMap$Snapshot$SnapshotIterator
instanceKlass org/eclipse/osgi/framework/eventmgr/ListenerQueue
instanceKlass  @bci org/eclipse/osgi/internal/serviceregistry/ServiceRegistry notifyEventListenerHooksPrivileged (Lorg/osgi/framework/ServiceEvent;Ljava/util/Map;)V 77 <appendix> member <vmtarget> ; # org/eclipse/osgi/internal/serviceregistry/ServiceRegistry$$Lambda+0x000001c510106c28
instanceKlass  @bci org/eclipse/osgi/internal/serviceregistry/ServiceRegistry notifyEventHooksPrivileged (Lorg/osgi/framework/ServiceEvent;Ljava/util/Collection;)V 77 <appendix> member <vmtarget> ; # org/eclipse/osgi/internal/serviceregistry/ServiceRegistry$$Lambda+0x000001c510106640
instanceKlass org/eclipse/osgi/framework/eventmgr/CopyOnWriteIdentityMap$Snapshot
instanceKlass org/osgi/framework/PrototypeServiceFactory
instanceKlass org/eclipse/osgi/framework/util/CaseInsensitiveDictionaryMap$CaseInsensitiveKey
instanceKlass org/eclipse/osgi/internal/serviceregistry/ServiceReferenceImpl
instanceKlass org/eclipse/osgi/internal/serviceregistry/ServiceUse
instanceKlass  @bci org/eclipse/osgi/internal/serviceregistry/ServiceRegistry notifyListenerHooksPrivileged (Ljava/util/Collection;Z)V 106 <appendix> form vmentry <vmtarget> ; # java/lang/invoke/LambdaForm$DMH+0x000001c510100000
instanceKlass  @bci org/eclipse/osgi/internal/serviceregistry/ServiceRegistry notifyListenerHooksPrivileged (Ljava/util/Collection;Z)V 106 <appendix> member <vmtarget> ; # org/eclipse/osgi/internal/serviceregistry/ServiceRegistry$$Lambda+0x000001c5100bdcc8
instanceKlass  @cpi org/eclipse/osgi/internal/serviceregistry/ServiceRegistry 1128 form vmentry <vmtarget> ; # java/lang/invoke/LambdaForm$DMH+0x000001c5100bcc00
instanceKlass org/eclipse/osgi/internal/serviceregistry/HookContext
instanceKlass org/osgi/framework/UnfilteredServiceListener
instanceKlass org/eclipse/osgi/internal/serviceregistry/FilteredServiceListener
instanceKlass org/osgi/framework/hooks/service/ListenerHook$ListenerInfo
instanceKlass org/eclipse/osgi/framework/eventmgr/CopyOnWriteIdentityMap$Entry
instanceKlass org/eclipse/osgi/framework/eventmgr/CopyOnWriteIdentityMap
instanceKlass org/eclipse/osgi/internal/log/OrderedExecutor
instanceKlass org/eclipse/osgi/internal/framework/BundleContextImpl$2
instanceKlass org/osgi/service/startlevel/StartLevel
instanceKlass org/osgi/service/packageadmin/PackageAdmin
instanceKlass org/eclipse/equinox/plurl/PlurlContentHandlerFactory
instanceKlass java/net/ContentHandlerFactory
instanceKlass org/eclipse/equinox/plurl/PlurlStreamHandlerFactory
instanceKlass org/eclipse/equinox/plurl/PlurlFactory
instanceKlass org/eclipse/equinox/plurl/Plurl
instanceKlass org/eclipse/osgi/internal/framework/SystemBundleActivator
instanceKlass org/eclipse/osgi/internal/loader/classpath/TitleVersionVendor
instanceKlass org/eclipse/osgi/internal/loader/classpath/ManifestPackageAttributes
instanceKlass org/eclipse/osgi/internal/loader/classpath/ClasspathEntry$PDEData
instanceKlass org/eclipse/osgi/internal/loader/classpath/ClasspathEntry
instanceKlass org/eclipse/osgi/internal/loader/classpath/FragmentClasspath
instanceKlass org/eclipse/osgi/internal/loader/classpath/ClasspathManager
instanceKlass org/eclipse/osgi/internal/loader/ModuleClassLoader$ClassNameLock$1
instanceKlass org/eclipse/osgi/internal/loader/ModuleClassLoader$ClassNameLock
instanceKlass org/eclipse/osgi/internal/container/KeyBasedLockStore
instanceKlass org/eclipse/osgi/internal/loader/BundleLoaderSources
instanceKlass org/eclipse/osgi/internal/loader/BundleLoader$1
instanceKlass org/eclipse/osgi/internal/loader/sources/PackageSource
instanceKlass java/lang/ApplicationShutdownHooks$1
instanceKlass java/lang/ApplicationShutdownHooks
instanceKlass org/eclipse/osgi/internal/framework/StorageSaver$StorageSaverTask
instanceKlass org/eclipse/osgi/internal/framework/StorageSaver
instanceKlass java/util/concurrent/Executors$RunnableAdapter
instanceKlass java/util/concurrent/FutureTask$WaitNode
instanceKlass java/util/concurrent/FutureTask
instanceKlass jdk/internal/vm/ThreadContainers
instanceKlass jdk/internal/vm/StackableScope
instanceKlass java/util/concurrent/RunnableScheduledFuture
instanceKlass java/util/concurrent/ScheduledFuture
instanceKlass java/util/concurrent/Delayed
instanceKlass java/util/concurrent/RunnableFuture
instanceKlass java/util/concurrent/Future
instanceKlass java/util/concurrent/ThreadPoolExecutor$AbortPolicy
instanceKlass java/util/concurrent/AbstractExecutorService
instanceKlass java/util/concurrent/ScheduledExecutorService
instanceKlass java/util/concurrent/ExecutorService
instanceKlass java/util/concurrent/Executors
instanceKlass java/util/HashMap$HashMapSpliterator
instanceKlass  @bci java/lang/SecurityManager nonExportedPkgs (Ljava/lang/module/ModuleDescriptor;)Ljava/util/Set; 92 <appendix> member <vmtarget> ; # java/lang/SecurityManager$$Lambda+0x000001c5100c6300
instanceKlass  @bci java/lang/SecurityManager nonExportedPkgs (Ljava/lang/module/ModuleDescriptor;)Ljava/util/Set; 76 <appendix> argL0 ; # java/lang/SecurityManager$$Lambda+0x000001c5100c60c0
instanceKlass  @bci java/lang/SecurityManager nonExportedPkgs (Ljava/lang/module/ModuleDescriptor;)Ljava/util/Set; 66 <appendix> argL0 ; # java/lang/SecurityManager$$Lambda+0x000001c5100c5e70
instanceKlass  @bci java/lang/SecurityManager nonExportedPkgs (Ljava/lang/module/ModuleDescriptor;)Ljava/util/Set; 47 <appendix> member <vmtarget> ; # java/lang/SecurityManager$$Lambda+0x000001c5100c5c38
instanceKlass  @bci java/lang/SecurityManager nonExportedPkgs (Ljava/lang/module/ModuleDescriptor;)Ljava/util/Set; 31 <appendix> argL0 ; # java/lang/SecurityManager$$Lambda+0x000001c5100c59f8
instanceKlass  @bci java/lang/SecurityManager nonExportedPkgs (Ljava/lang/module/ModuleDescriptor;)Ljava/util/Set; 21 <appendix> argL0 ; # java/lang/SecurityManager$$Lambda+0x000001c5100c57a8
instanceKlass  @cpi org/eclipse/core/internal/filesystem/local/LocalFile 768 form vmentry <vmtarget> ; # java/lang/invoke/LambdaForm$DMH+0x000001c5100bc800
instanceKlass  @bci java/lang/SecurityManager addNonExportedPackages (Ljava/lang/ModuleLayer;)V 59 <appendix> argL0 ; # java/lang/SecurityManager$$Lambda+0x000001c5100c5578
instanceKlass  @cpi org/eclipse/core/internal/net/Policy 113 form vmentry <vmtarget> ; # java/lang/invoke/LambdaForm$DMH+0x000001c5100bc400
instanceKlass  @bci java/lang/SecurityManager addNonExportedPackages (Ljava/lang/ModuleLayer;)V 49 <appendix> argL0 ; # java/lang/SecurityManager$$Lambda+0x000001c5100c5338
instanceKlass  @bci java/lang/SecurityManager addNonExportedPackages (Ljava/lang/ModuleLayer;)V 39 <appendix> argL0 ; # java/lang/SecurityManager$$Lambda+0x000001c5100c50f8
instanceKlass  @bci java/lang/SecurityManager addNonExportedPackages (Ljava/lang/ModuleLayer;)V 29 <appendix> member <vmtarget> ; # java/lang/SecurityManager$$Lambda+0x000001c5100c4ea0
instanceKlass  @cpi java/lang/SecurityManager 518 form vmentry <vmtarget> ; # java/lang/invoke/LambdaForm$DMH+0x000001c5100bc000
instanceKlass  @bci java/lang/SecurityManager addNonExportedPackages (Ljava/lang/ModuleLayer;)V 17 <appendix> argL0 ; # java/lang/SecurityManager$$Lambda+0x000001c5100c4c60
instanceKlass org/eclipse/osgi/internal/framework/ContextFinder$1
instanceKlass org/osgi/framework/ServiceObjects
instanceKlass org/eclipse/osgi/internal/framework/BundleContextImpl
instanceKlass org/osgi/framework/hooks/weaving/WovenClassListener
instanceKlass org/osgi/framework/hooks/weaving/WeavingHook
instanceKlass org/osgi/framework/hooks/service/FindHook
instanceKlass org/osgi/framework/hooks/service/EventListenerHook
instanceKlass org/osgi/framework/hooks/service/EventHook
instanceKlass org/osgi/framework/hooks/bundle/FindHook
instanceKlass org/osgi/framework/hooks/bundle/EventHook
instanceKlass org/osgi/framework/hooks/bundle/CollisionHook
instanceKlass org/eclipse/osgi/internal/serviceregistry/ServiceRegistry$FrameworkHookHolder
instanceKlass org/osgi/framework/hooks/service/ListenerHook
instanceKlass org/eclipse/osgi/internal/serviceregistry/ServiceRegistrationImpl
instanceKlass org/osgi/framework/ServiceRegistration
instanceKlass org/eclipse/osgi/internal/serviceregistry/ServiceRegistry
instanceKlass org/eclipse/osgi/framework/eventmgr/EventManager
instanceKlass org/eclipse/osgi/internal/framework/EquinoxEventPublisher
# instanceKlass java/lang/invoke/LambdaForm$MH+0x000001c5100b5c00
# instanceKlass java/lang/invoke/LambdaForm$MH+0x000001c5100b5800
# instanceKlass java/lang/invoke/LambdaForm$MH+0x000001c5100b5400
instanceKlass org/eclipse/osgi/storage/bundlefile/BundleEntry
instanceKlass org/eclipse/osgi/container/ModuleDatabase$2
instanceKlass java/util/ArrayList$SubList$1
# instanceKlass java/lang/invoke/LambdaForm$MH+0x000001c5100b5000
# instanceKlass java/lang/invoke/LambdaForm$MH+0x000001c5100b4c00
# instanceKlass java/lang/invoke/LambdaForm$MH+0x000001c5100b4800
instanceKlass  @bci org/eclipse/jdt/internal/core/JrtPackageFragmentRoot$JrtModuleKey hashCode ()I 1 <appendix> argL1 form vmentry <vmtarget> ; # java/lang/invoke/LambdaForm$MH+0x000001c5100b4400
instanceKlass  @cpi org/eclipse/jdt/internal/compiler/lookup/ParameterizedTypeBinding 1238 form vmentry <vmtarget> ; # java/lang/invoke/LambdaForm$DMH+0x000001c5100b4000
instanceKlass java/lang/reflect/AnnotatedType
instanceKlass java/lang/reflect/TypeVariable
instanceKlass org/eclipse/osgi/container/ModuleWiring$LoaderInitializer
instanceKlass org/eclipse/osgi/container/ModuleWiring
instanceKlass org/eclipse/osgi/container/ModuleWire
instanceKlass org/osgi/framework/wiring/BundleWire
instanceKlass java/util/Collections$UnmodifiableMap$UnmodifiableEntrySet$UnmodifiableEntry
instanceKlass java/util/Collections$UnmodifiableMap$UnmodifiableEntrySet$1
instanceKlass org/eclipse/osgi/internal/container/Capabilities$NamespaceSet
instanceKlass org/eclipse/osgi/container/ModuleRequirement
instanceKlass org/osgi/framework/wiring/BundleRequirement
instanceKlass org/eclipse/osgi/container/ModuleRevision$2
instanceKlass org/eclipse/osgi/internal/container/NamespaceList$Builder$8
instanceKlass org/eclipse/osgi/container/ModuleCapability
instanceKlass org/osgi/framework/wiring/BundleCapability
instanceKlass org/osgi/resource/Capability
instanceKlass org/eclipse/osgi/internal/container/NamespaceList$3
instanceKlass org/eclipse/osgi/internal/container/NamespaceList$2
instanceKlass org/eclipse/osgi/internal/container/NamespaceList$1
instanceKlass org/eclipse/osgi/internal/container/NamespaceList
instanceKlass org/eclipse/osgi/container/ModuleRevision$1
instanceKlass org/osgi/framework/wiring/BundleWiring
instanceKlass org/osgi/resource/Wiring
instanceKlass org/eclipse/osgi/container/ModuleRevision
instanceKlass org/eclipse/osgi/container/ModuleRevisions
instanceKlass org/osgi/framework/wiring/BundleRevisions
instanceKlass org/lombokweb/asm/Opcodes
instanceKlass org/lombokweb/asm/Handler
instanceKlass lombok/patcher/MethodLogistics
instanceKlass org/lombokweb/asm/Label
instanceKlass org/lombokweb/asm/Type
instanceKlass org/lombokweb/asm/Frame
instanceKlass org/lombokweb/asm/Context
instanceKlass org/lombokweb/asm/Attribute
instanceKlass lombok/patcher/scripts/ExitFromMethodEarlyScript$1
instanceKlass org/lombokweb/asm/ByteVector
instanceKlass org/lombokweb/asm/Symbol
instanceKlass org/lombokweb/asm/SymbolTable
instanceKlass org/lombokweb/asm/FieldVisitor
instanceKlass org/lombokweb/asm/MethodVisitor
instanceKlass org/lombokweb/asm/AnnotationVisitor
instanceKlass org/lombokweb/asm/ModuleVisitor
instanceKlass org/lombokweb/asm/RecordComponentVisitor
instanceKlass org/lombokweb/asm/ClassReader
instanceKlass org/eclipse/osgi/internal/framework/EquinoxBundle
instanceKlass org/eclipse/osgi/internal/container/NamespaceList$Builder$2
instanceKlass org/eclipse/osgi/container/ModuleRevisionBuilder$GenericInfo$1
instanceKlass org/eclipse/osgi/container/ModuleRevisionBuilder$GenericInfo
instanceKlass org/eclipse/osgi/container/ModuleRevisionBuilder
instanceKlass org/osgi/resource/Wire
instanceKlass org/eclipse/osgi/container/ModuleDatabase$Persistence
instanceKlass org/eclipse/osgi/container/ModuleContainer$ContainerStartLevel
instanceKlass org/eclipse/osgi/container/ModuleContainer$ContainerWiring
instanceKlass org/eclipse/osgi/container/ModuleResolver
instanceKlass org/eclipse/osgi/container/ModuleContainer$ResolutionLock
instanceKlass org/eclipse/osgi/internal/container/LockSet
instanceKlass org/osgi/framework/startlevel/FrameworkStartLevel
instanceKlass org/osgi/resource/Requirement
instanceKlass org/osgi/framework/wiring/FrameworkWiring
instanceKlass org/eclipse/osgi/report/resolution/ResolutionReport
instanceKlass org/eclipse/osgi/container/ModuleContainer
instanceKlass org/eclipse/osgi/internal/container/Capabilities
instanceKlass org/eclipse/osgi/container/Module
instanceKlass org/osgi/framework/startlevel/BundleStartLevel
instanceKlass org/eclipse/osgi/container/ModuleDatabase
instanceKlass java/util/concurrent/LinkedBlockingQueue$Node
instanceKlass java/util/concurrent/RejectedExecutionHandler
instanceKlass org/eclipse/osgi/internal/framework/EquinoxContainerAdaptor$1
instanceKlass java/util/concurrent/LinkedTransferQueue$DualNode
instanceKlass java/util/concurrent/TransferQueue
instanceKlass java/util/concurrent/atomic/AtomicReference
instanceKlass org/eclipse/osgi/internal/container/AtomicLazyInitializer
instanceKlass org/eclipse/osgi/internal/framework/OSGiFrameworkHooks$BundleCollisionHook
instanceKlass org/osgi/framework/ServiceReference
instanceKlass org/osgi/framework/hooks/resolver/ResolverHook
instanceKlass org/eclipse/osgi/internal/framework/OSGiFrameworkHooks$CoreResolverHookFactory
instanceKlass org/osgi/framework/hooks/resolver/ResolverHookFactory
instanceKlass org/eclipse/osgi/container/ModuleCollisionHook
instanceKlass org/eclipse/osgi/internal/framework/OSGiFrameworkHooks
instanceKlass org/eclipse/osgi/container/ModuleContainerAdaptor$1
instanceKlass java/util/concurrent/Callable
instanceKlass org/eclipse/osgi/container/ModuleLoader
instanceKlass java/util/concurrent/BlockingQueue
instanceKlass java/util/concurrent/Executor
instanceKlass org/eclipse/osgi/internal/permadmin/SecurityRow
instanceKlass org/eclipse/osgi/internal/permadmin/PermissionAdminTable
instanceKlass org/osgi/service/permissionadmin/PermissionInfo
instanceKlass org/osgi/service/condpermadmin/ConditionalPermissionUpdate
instanceKlass org/osgi/service/condpermadmin/ConditionalPermissionInfo
instanceKlass org/eclipse/osgi/internal/permadmin/SecurityAdmin
instanceKlass org/osgi/service/condpermadmin/ConditionalPermissionAdmin
instanceKlass org/osgi/service/permissionadmin/PermissionAdmin
instanceKlass org/eclipse/osgi/storage/PermissionData
instanceKlass  @bci org/eclipse/osgi/storage/Storage connectPersistentBundles (Ljava/util/List;)V 2 <appendix> member <vmtarget> ; # org/eclipse/osgi/storage/Storage$$Lambda+0x000001c5100a0c30
instanceKlass  @cpi org/eclipse/jdt/internal/compiler/lookup/BoundSet 953 form vmentry <vmtarget> ; # java/lang/invoke/LambdaForm$DMH+0x000001c5100a4000
instanceKlass org/eclipse/osgi/storage/BundleInfo$Generation
instanceKlass org/eclipse/osgi/storage/BundleInfo
instanceKlass org/eclipse/osgi/framework/util/ObjectPool
instanceKlass jdk/internal/util/ByteArray
instanceKlass org/eclipse/osgi/storagemanager/StorageManager$Entry
instanceKlass org/eclipse/osgi/framework/internal/reliablefile/ReliableFile$CacheInfo
instanceKlass java/util/ComparableTimSort
instanceKlass java/lang/Shutdown$Lock
instanceKlass java/lang/Shutdown
instanceKlass java/io/DeleteOnExitHook$1
instanceKlass java/io/DeleteOnExitHook
instanceKlass  @bci org/eclipse/osgi/framework/internal/reliablefile/ReliableFile createTempFile (Ljava/lang/String;Ljava/lang/String;Ljava/io/File;)Ljava/io/File; 61 <appendix> argL0 ; # org/eclipse/osgi/framework/internal/reliablefile/ReliableFile$$Lambda+0x000001c510099270
instanceKlass org/eclipse/osgi/framework/internal/reliablefile/ReliableFile
instanceKlass sun/nio/ch/FileKey
instanceKlass sun/nio/ch/FileLockTable
instanceKlass sun/nio/ch/NativeThread
instanceKlass java/nio/channels/FileLock
instanceKlass sun/nio/ch/NativeThreadSet
instanceKlass sun/nio/ch/IOUtil
instanceKlass sun/nio/ch/NativeDispatcher
instanceKlass java/nio/file/attribute/FileAttribute
instanceKlass java/nio/channels/spi/AbstractInterruptibleChannel
instanceKlass java/nio/channels/InterruptibleChannel
instanceKlass java/nio/channels/ScatteringByteChannel
instanceKlass java/nio/channels/GatheringByteChannel
instanceKlass java/nio/channels/SeekableByteChannel
instanceKlass java/nio/channels/ByteChannel
instanceKlass java/nio/channels/WritableByteChannel
instanceKlass java/nio/channels/ReadableByteChannel
instanceKlass java/nio/channels/Channel
instanceKlass org/eclipse/osgi/internal/location/Locker_JavaNio
instanceKlass org/eclipse/osgi/storagemanager/StorageManager
instanceKlass org/eclipse/osgi/storage/FrameworkExtensionInstaller
instanceKlass org/eclipse/osgi/storage/bundlefile/MRUBundleFileList
instanceKlass org/eclipse/osgi/framework/eventmgr/EventDispatcher
instanceKlass org/osgi/framework/Filter
instanceKlass org/eclipse/osgi/storage/bundlefile/BundleFile
instanceKlass org/eclipse/osgi/storage/ContentProvider
instanceKlass org/eclipse/osgi/container/ModuleContainerAdaptor
instanceKlass org/eclipse/osgi/storage/Storage
instanceKlass  @bci org/eclipse/osgi/internal/cds/CDSHookConfigurator addHooks (Lorg/eclipse/osgi/internal/hookregistry/HookRegistry;)V 77 <appendix> argL0 ; # org/eclipse/osgi/internal/cds/CDSHookConfigurator$$Lambda+0x000001c51009def8
instanceKlass org/eclipse/osgi/signedcontent/SignedContent
# instanceKlass java/lang/invoke/LambdaForm$DMH+0x000001c510098400
instanceKlass java/lang/invoke/MethodHandle$1
instanceKlass org/eclipse/osgi/internal/hookregistry/StorageHookFactory$StorageHook
instanceKlass org/eclipse/osgi/internal/hookregistry/StorageHookFactory
instanceKlass org/osgi/framework/BundleActivator
instanceKlass org/eclipse/osgi/internal/cds/CDSHookConfigurator
instanceKlass org/eclipse/osgi/internal/signedcontent/SignedBundleHook
instanceKlass org/eclipse/osgi/signedcontent/SignedContentFactory
instanceKlass org/eclipse/osgi/internal/hookregistry/ActivatorHookFactory
instanceKlass org/osgi/framework/wiring/BundleRevision
instanceKlass org/osgi/resource/Resource
instanceKlass org/eclipse/osgi/internal/connect/ConnectHookConfigurator
instanceKlass org/eclipse/osgi/internal/hookregistry/HookConfigurator
instanceKlass java/net/URLClassLoader$3$1
instanceKlass java/net/URLClassLoader$3
instanceKlass org/eclipse/osgi/internal/framework/EquinoxContainer$ConnectModules
instanceKlass  @bci org/eclipse/osgi/internal/log/ExtendedLogServiceImpl applyLogLevels (Lorg/eclipse/osgi/internal/log/ExtendedLogServiceFactory$EquinoxLoggerContext;)V 20 <appendix> member <vmtarget> ; # org/eclipse/osgi/internal/log/ExtendedLogServiceImpl$$Lambda+0x000001c510097518
instanceKlass  @bci org/eclipse/osgi/internal/log/ExtendedLogServiceImpl applyLogLevels (Lorg/eclipse/osgi/internal/log/ExtendedLogServiceFactory$EquinoxLoggerContext;)V 5 <appendix> member <vmtarget> ; # org/eclipse/osgi/internal/log/ExtendedLogServiceImpl$$Lambda+0x000001c5100972e0
instanceKlass  @cpi org/eclipse/lsp4j/jsonrpc/services/ServiceEndpoints 160 form vmentry <vmtarget> ; # java/lang/invoke/LambdaForm$DMH+0x000001c510098000
instanceKlass org/eclipse/osgi/internal/log/ExtendedLogServiceFactory$EquinoxLoggerContext
instanceKlass org/eclipse/osgi/internal/log/EquinoxLogFactory$1
instanceKlass org/eclipse/osgi/framework/log/FrameworkLog
instanceKlass org/eclipse/osgi/internal/log/EquinoxLogFactory
instanceKlass org/osgi/service/log/FormatterLogger
instanceKlass org/eclipse/osgi/internal/log/LoggerImpl
instanceKlass org/eclipse/osgi/internal/log/ExtendedLogServiceImpl
instanceKlass org/eclipse/osgi/internal/log/ExtendedLogServiceFactory$EquinoxLoggerAdmin
instanceKlass org/osgi/service/log/admin/LoggerContext
instanceKlass org/eclipse/osgi/internal/log/LoggerContextTargetMap
instanceKlass org/eclipse/osgi/internal/log/LogServiceManager$MockSystemBundle
instanceKlass org/osgi/service/log/admin/LoggerAdmin
instanceKlass org/eclipse/osgi/internal/log/ExtendedLogServiceFactory
instanceKlass org/eclipse/osgi/framework/util/ArrayMap
instanceKlass java/util/concurrent/locks/ReentrantReadWriteLock$WriteLock
instanceKlass java/util/concurrent/locks/ReentrantReadWriteLock$ReadLock
instanceKlass java/util/concurrent/locks/ReentrantReadWriteLock
instanceKlass java/util/concurrent/locks/ReadWriteLock
instanceKlass org/eclipse/osgi/internal/log/ExtendedLogReaderServiceFactory$1
instanceKlass org/osgi/service/log/LogEntry
instanceKlass org/eclipse/osgi/internal/log/ExtendedLogReaderServiceFactory
instanceKlass org/osgi/framework/ServiceFactory
instanceKlass org/eclipse/equinox/log/ExtendedLogReaderService
instanceKlass org/osgi/service/log/LogReaderService
instanceKlass org/eclipse/equinox/log/ExtendedLogService
instanceKlass org/eclipse/equinox/log/Logger
instanceKlass org/osgi/service/log/Logger
instanceKlass org/osgi/service/log/LogService
instanceKlass org/osgi/service/log/LoggerFactory
instanceKlass org/eclipse/osgi/internal/log/LogServiceManager
instanceKlass org/osgi/framework/AllServiceListener
instanceKlass org/osgi/framework/ServiceListener
instanceKlass org/eclipse/osgi/internal/log/EquinoxLogWriter
instanceKlass org/eclipse/equinox/log/LogFilter
instanceKlass org/eclipse/equinox/log/SynchronousLogListener
instanceKlass org/osgi/service/log/LogListener
instanceKlass org/eclipse/osgi/internal/log/EquinoxLogServices
instanceKlass org/eclipse/osgi/util/ManifestElement
instanceKlass org/eclipse/osgi/internal/debug/Debug
instanceKlass org/eclipse/osgi/service/debug/DebugOptionsListener
instanceKlass org/eclipse/osgi/service/debug/DebugTrace
instanceKlass org/eclipse/osgi/internal/debug/FrameworkDebugOptions
instanceKlass org/osgi/util/tracker/ServiceTrackerCustomizer
instanceKlass java/nio/file/FileVisitor
instanceKlass org/eclipse/osgi/storage/StorageUtil
instanceKlass org/eclipse/osgi/internal/location/BasicLocation
instanceKlass org/eclipse/osgi/internal/location/EquinoxLocations
instanceKlass java/util/concurrent/atomic/AtomicBoolean
instanceKlass java/util/UUID
instanceKlass java/util/Random
instanceKlass java/util/random/RandomGenerator
instanceKlass org/eclipse/osgi/internal/container/InternalUtils
instanceKlass org/osgi/framework/Version
instanceKlass org/eclipse/osgi/internal/location/Locker
instanceKlass org/eclipse/osgi/internal/location/LocationHelper
instanceKlass org/eclipse/osgi/internal/framework/EquinoxConfiguration$ConfigValues
instanceKlass org/eclipse/osgi/internal/util/Tokenizer
instanceKlass java/nio/charset/CoderResult
instanceKlass sun/util/logging/PlatformLogger
instanceKlass sun/util/logging/PlatformLogger$ConfigurableBridge$LoggerConfiguration
instanceKlass jdk/internal/logger/BootstrapLogger$RedirectedLoggers
instanceKlass jdk/internal/logger/LazyLoggers$LazyLoggerAccessor
instanceKlass jdk/internal/logger/LazyLoggers$LoggerAccessor
instanceKlass jdk/internal/logger/AbstractLoggerWrapper
instanceKlass java/util/ServiceLoader$ProviderImpl
instanceKlass java/util/ServiceLoader$Provider
instanceKlass java/util/ServiceLoader$1
instanceKlass sun/util/logging/internal/LoggingProviderImpl$LogManagerAccess
instanceKlass java/util/concurrent/CopyOnWriteArrayList$COWIterator
instanceKlass jdk/internal/logger/BootstrapLogger$DetectBackend$1
instanceKlass jdk/internal/logger/BootstrapLogger$DetectBackend
instanceKlass jdk/internal/logger/BootstrapLogger
instanceKlass sun/util/logging/PlatformLogger$ConfigurableBridge
instanceKlass sun/util/logging/PlatformLogger$Bridge
instanceKlass jdk/internal/logger/DefaultLoggerFinder$1
instanceKlass java/lang/System$LoggerFinder
instanceKlass jdk/internal/logger/LazyLoggers$LazyLoggerFactories
instanceKlass jdk/internal/logger/LazyLoggers$1
instanceKlass jdk/internal/logger/LazyLoggers
instanceKlass jdk/internal/event/EventHelper$ThreadTrackHolder
instanceKlass java/net/URLClassLoader$2
instanceKlass org/eclipse/osgi/internal/framework/AliasMapper
instanceKlass org/eclipse/osgi/framework/util/KeyedElement
instanceKlass org/eclipse/osgi/internal/hookregistry/ClassLoaderHook
instanceKlass org/eclipse/osgi/internal/hookregistry/HookRegistry
instanceKlass org/eclipse/osgi/service/datalocation/Location
instanceKlass org/eclipse/osgi/service/debug/DebugOptions
instanceKlass org/eclipse/osgi/internal/framework/EquinoxConfiguration
instanceKlass org/eclipse/osgi/service/environment/EnvironmentInfo
# instanceKlass org/eclipse/osgi/internal/framework/EquinoxContainer$$InjectedInvoker+0x000001c51008c400
instanceKlass java/lang/invoke/MethodHandleImpl$BindCaller$InjectedInvokerHolder
instanceKlass java/lang/invoke/MethodHandleImpl$BindCaller
# instanceKlass java/lang/invoke/LambdaForm$MH+0x000001c51008c000
# instanceKlass java/lang/invoke/LambdaForm$MH+0x000001c51008ac00
instanceKlass java/lang/annotation/Target
instanceKlass java/lang/reflect/Proxy$ProxyBuilder$1
instanceKlass jdk/internal/org/objectweb/asm/Edge
instanceKlass  @bci java/lang/reflect/ProxyGenerator addProxyMethod (Ljava/lang/reflect/Method;Ljava/lang/Class;)V 23 <appendix> argL0 ; # java/lang/reflect/ProxyGenerator$$Lambda+0x000001c510032938
instanceKlass  @bci java/lang/reflect/ProxyGenerator addProxyMethod (Ljava/lang/reflect/ProxyGenerator$ProxyMethod;)V 10 <appendix> argL0 ; # java/lang/reflect/ProxyGenerator$$Lambda+0x000001c5100326f8
instanceKlass java/lang/reflect/ProxyGenerator$ProxyMethod
instanceKlass  @bci java/lang/reflect/Proxy getLoader (Ljava/lang/Module;)Ljava/lang/ClassLoader; 6 <appendix> member <vmtarget> ; # java/lang/reflect/Proxy$$Lambda+0x000001c510031fa0
instanceKlass  @bci java/lang/module/ModuleDescriptor$Builder packages (Ljava/util/Set;)Ljava/lang/module/ModuleDescriptor$Builder; 17 <appendix> argL0 ; # java/lang/module/ModuleDescriptor$Builder$$Lambda+0x800000002
instanceKlass java/lang/module/ModuleDescriptor$Builder
instanceKlass  @bci java/lang/reflect/Proxy$ProxyBuilder getDynamicModule (Ljava/lang/ClassLoader;)Ljava/lang/Module; 4 <appendix> argL0 ; # java/lang/reflect/Proxy$ProxyBuilder$$Lambda+0x000001c510031b60
instanceKlass java/lang/PublicMethods
instanceKlass java/lang/reflect/Proxy$ProxyBuilder
instanceKlass  @bci java/lang/reflect/Proxy getProxyConstructor (Ljava/lang/Class;Ljava/lang/ClassLoader;[Ljava/lang/Class;)Ljava/lang/reflect/Constructor; 35 <appendix> argL0 ; # java/lang/reflect/Proxy$$Lambda+0x000001c5100312c8
instanceKlass java/lang/reflect/Proxy
instanceKlass sun/reflect/annotation/AnnotationInvocationHandler
instanceKlass java/lang/reflect/InvocationHandler
instanceKlass sun/reflect/annotation/AnnotationParser$1
instanceKlass sun/reflect/annotation/ExceptionProxy
instanceKlass java/lang/annotation/Inherited
instanceKlass java/lang/annotation/Retention
instanceKlass sun/reflect/annotation/AnnotationType$1
instanceKlass sun/reflect/annotation/AnnotationType
instanceKlass java/lang/reflect/GenericArrayType
instanceKlass sun/reflect/generics/visitor/Reifier
instanceKlass sun/reflect/generics/visitor/TypeTreeVisitor
instanceKlass sun/reflect/generics/factory/CoreReflectionFactory
instanceKlass sun/reflect/generics/factory/GenericsFactory
instanceKlass sun/reflect/generics/scope/AbstractScope
instanceKlass sun/reflect/generics/scope/Scope
instanceKlass sun/reflect/generics/tree/ClassTypeSignature
instanceKlass sun/reflect/generics/tree/SimpleClassTypeSignature
instanceKlass sun/reflect/generics/tree/FieldTypeSignature
instanceKlass sun/reflect/generics/tree/BaseType
instanceKlass sun/reflect/generics/tree/TypeSignature
instanceKlass sun/reflect/generics/tree/ReturnType
instanceKlass sun/reflect/generics/tree/TypeArgument
instanceKlass sun/reflect/generics/tree/TypeTree
instanceKlass sun/reflect/generics/tree/Tree
instanceKlass sun/reflect/generics/parser/SignatureParser
instanceKlass org/eclipse/osgi/framework/util/SecureAction$1
instanceKlass org/eclipse/osgi/framework/util/SecureAction
instanceKlass org/eclipse/osgi/internal/framework/EquinoxContainer
instanceKlass org/eclipse/osgi/launch/Equinox
# instanceKlass java/lang/invoke/LambdaForm$MH+0x000001c51008a800
# instanceKlass java/lang/invoke/LambdaForm$MH+0x000001c51008a400
# instanceKlass java/lang/invoke/LambdaForm$MH+0x000001c51008a000
instanceKlass org/eclipse/core/runtime/adaptor/EclipseStarter$InitialBundle
instanceKlass org/eclipse/core/runtime/adaptor/EclipseStarter$StartupEventListener
instanceKlass org/osgi/framework/FrameworkListener
instanceKlass org/osgi/framework/SynchronousBundleListener
instanceKlass java/util/concurrent/Semaphore
instanceKlass org/osgi/framework/BundleContext
instanceKlass org/osgi/framework/BundleReference
instanceKlass java/util/EventObject
instanceKlass org/osgi/framework/BundleListener
instanceKlass java/util/EventListener
instanceKlass org/osgi/framework/launch/Framework
instanceKlass org/osgi/framework/Bundle
instanceKlass org/eclipse/equinox/plurl/PlurlStreamHandler
instanceKlass org/eclipse/core/runtime/adaptor/EclipseStarter
instanceKlass  @bci java/io/FilePermissionCollection add (Ljava/security/Permission;)V 68 <appendix> argL0 ; # java/io/FilePermissionCollection$$Lambda+0x000001c51002b2d0
instanceKlass sun/security/util/SecurityProperties
instanceKlass sun/security/util/FilePermCompat
instanceKlass java/io/FilePermission$1
instanceKlass jdk/internal/access/JavaIOFilePermissionAccess
instanceKlass java/net/URLClassLoader$1
instanceKlass  @bci org/eclipse/equinox/launcher/Main basicRun ([Ljava/lang/String;)V 162 <appendix> argL0 ; # org/eclipse/equinox/launcher/Main$$Lambda+0x000001c510084b88
instanceKlass java/nio/file/FileStore
instanceKlass sun/nio/fs/WindowsSecurity
instanceKlass sun/nio/fs/AbstractAclFileAttributeView
instanceKlass java/nio/file/attribute/AclFileAttributeView
instanceKlass java/nio/file/attribute/FileOwnerAttributeView
instanceKlass sun/nio/fs/WindowsLinkSupport
instanceKlass sun/nio/fs/WindowsFileSystemProvider$1
instanceKlass org/eclipse/equinox/launcher/JNIBridge
instanceKlass  @bci java/util/stream/MatchOps makeRef (Ljava/util/function/Predicate;Ljava/util/stream/MatchOps$MatchKind;)Ljava/util/stream/TerminalOp; 20 <appendix> member <vmtarget> ; # java/util/stream/MatchOps$$Lambda+0x000001c510028a20
instanceKlass java/util/stream/MatchOps$BooleanTerminalSink
instanceKlass java/util/stream/MatchOps$MatchOp
instanceKlass java/util/stream/MatchOps
instanceKlass  @bci org/eclipse/equinox/launcher/Main extractFromJAR (Ljava/lang/String;Ljava/lang/String;)Ljava/lang/String; 146 <appendix> member <vmtarget> ; # org/eclipse/equinox/launcher/Main$$Lambda+0x000001c5100846e0
instanceKlass java/util/AbstractList$RandomAccessSpliterator
instanceKlass  @bci org/eclipse/equinox/launcher/Main getLibraryFromFragment (Ljava/lang/String;Ljava/lang/String;)Ljava/lang/String; 96 <appendix> argL0 ; # org/eclipse/equinox/launcher/Main$$Lambda+0x000001c510084490
instanceKlass  @bci org/eclipse/equinox/launcher/Main getLibraryFromFragment (Ljava/lang/String;Ljava/lang/String;)Ljava/lang/String; 86 <appendix> argL0 ; # org/eclipse/equinox/launcher/Main$$Lambda+0x000001c510084250
instanceKlass  @bci java/util/zip/ZipFile stream ()Ljava/util/stream/Stream; 25 <appendix> member <vmtarget> ; # java/util/zip/ZipFile$$Lambda+0x000001c510027cb8
instanceKlass java/util/Spliterators$AbstractSpliterator
instanceKlass  @bci java/util/stream/StreamSpliterators$WrappingSpliterator initPartialTraversalState ()V 37 <appendix> member <vmtarget> ; # java/util/stream/StreamSpliterators$WrappingSpliterator$$Lambda+0x000001c510027a90
instanceKlass java/util/function/BooleanSupplier
instanceKlass java/util/stream/Sink$ChainedInt
instanceKlass java/util/stream/Sink$OfInt
instanceKlass java/util/function/IntConsumer
instanceKlass  @bci java/util/stream/StreamSpliterators$WrappingSpliterator initPartialTraversalState ()V 24 <appendix> member <vmtarget> ; # java/util/stream/StreamSpliterators$WrappingSpliterator$$Lambda+0x000001c510026ab0
instanceKlass java/util/stream/StreamSpliterators
instanceKlass  @bci org/eclipse/equinox/launcher/Main getLibraryPath (Ljava/lang/String;Ljava/util/List;)Ljava/lang/String; 190 <appendix> argL0 ; # org/eclipse/equinox/launcher/Main$$Lambda+0x000001c510084000
instanceKlass  @bci org/eclipse/equinox/launcher/Main getLibraryPath (Ljava/lang/String;Ljava/util/List;)Ljava/lang/String; 180 <appendix> member <vmtarget> ; # org/eclipse/equinox/launcher/Main$$Lambda+0x000001c51001bcc0
instanceKlass java/util/stream/Stream$Builder
instanceKlass java/util/stream/Streams$AbstractStreamBuilderImpl
instanceKlass java/util/stream/Streams$2
instanceKlass java/util/stream/Streams
instanceKlass java/util/stream/StreamSpliterators$AbstractWrappingSpliterator
instanceKlass  @bci java/util/stream/AbstractPipeline spliterator ()Ljava/util/Spliterator; 103 <appendix> member <vmtarget> ; # java/util/stream/AbstractPipeline$$Lambda+0x000001c510025f20
instanceKlass java/util/stream/Streams$ConcatSpliterator
instanceKlass  @bci org/eclipse/equinox/launcher/Main getLibraryPath (Ljava/lang/String;Ljava/util/List;)Ljava/lang/String; 143 <appendix> argL0 ; # org/eclipse/equinox/launcher/Main$$Lambda+0x000001c51001ba80
instanceKlass  @bci org/eclipse/equinox/launcher/Main getLibraryPath (Ljava/lang/String;Ljava/util/List;)Ljava/lang/String; 133 <appendix> member <vmtarget> ; # org/eclipse/equinox/launcher/Main$$Lambda+0x000001c51001b858
instanceKlass  @cpi org/eclipse/equinox/launcher/Main 2078 form vmentry <vmtarget> ; # java/lang/invoke/LambdaForm$DMH+0x000001c510082c00
instanceKlass  @bci org/eclipse/equinox/launcher/Main getLibraryPath (Ljava/lang/String;Ljava/util/List;)Ljava/lang/String; 117 <appendix> member <vmtarget> ; # org/eclipse/equinox/launcher/Main$$Lambda+0x000001c51001b610
instanceKlass java/util/function/IntUnaryOperator
instanceKlass java/util/stream/Streams$RangeIntSpliterator
instanceKlass java/util/stream/IntStream
instanceKlass  @bci org/eclipse/core/internal/preferences/EclipsePreferences absolutePath ()Ljava/lang/String; 66 <appendix> form vmentry <vmtarget> ; # java/lang/invoke/LambdaForm$MH+0x000001c510082800
# instanceKlass java/lang/invoke/LambdaForm$MH+0x000001c510082400
instanceKlass  @bci org/eclipse/core/internal/preferences/EclipsePreferences absolutePath ()Ljava/lang/String; 66 <appendix> argL3 form vmentry <vmtarget> ; # java/lang/invoke/LambdaForm$MH+0x000001c510082000
# instanceKlass java/lang/invoke/LambdaForm$MH+0x000001c510081c00
# instanceKlass java/lang/invoke/LambdaForm$MH+0x000001c510081800
# instanceKlass java/lang/invoke/LambdaForm$MH+0x000001c510081400
# instanceKlass java/lang/invoke/LambdaForm$MH+0x000001c510081000
instanceKlass  @bci org/eclipse/core/internal/preferences/EclipsePreferences absolutePath ()Ljava/lang/String; 66 <appendix> argL1 form vmentry <vmtarget> ; # java/lang/invoke/LambdaForm$MH+0x000001c510080c00
# instanceKlass java/lang/invoke/LambdaForm$MH+0x000001c510080800
# instanceKlass java/lang/invoke/LambdaForm$MH+0x000001c510080400
# instanceKlass java/lang/invoke/LambdaForm$MH+0x000001c510080000
instanceKlass java/io/RandomAccessFile$1
instanceKlass  @bci java/util/logging/SimpleFormatter format (Ljava/util/logging/LogRecord;)Ljava/lang/String; 35 <appendix> form vmentry <vmtarget> ; # java/lang/invoke/LambdaForm$MH+0x000001c51001fc00
instanceKlass java/lang/invoke/LambdaFormEditor$1
# instanceKlass java/lang/invoke/LambdaForm$MH+0x000001c51001f800
instanceKlass  @bci java/util/logging/SimpleFormatter format (Ljava/util/logging/LogRecord;)Ljava/lang/String; 35 <appendix> argL3 form vmentry <vmtarget> ; # java/lang/invoke/LambdaForm$MH+0x000001c51001f400
# instanceKlass java/lang/invoke/LambdaForm$MH+0x000001c51001f000
# instanceKlass java/lang/invoke/LambdaForm$MH+0x000001c51001ec00
# instanceKlass java/lang/invoke/LambdaForm$MH+0x000001c51001e800
# instanceKlass java/lang/invoke/LambdaForm$MH+0x000001c51001e400
instanceKlass  @bci java/util/logging/SimpleFormatter format (Ljava/util/logging/LogRecord;)Ljava/lang/String; 35 <appendix> argL1 form vmentry <vmtarget> ; # java/lang/invoke/LambdaForm$MH+0x000001c51001e000
# instanceKlass java/lang/invoke/LambdaForm$MH+0x000001c51001dc00
# instanceKlass java/lang/invoke/LambdaForm$MH+0x000001c51001d800
# instanceKlass java/lang/invoke/LambdaForm$MH+0x000001c51001d400
instanceKlass  @bci org/eclipse/equinox/launcher/Main searchFor (Ljava/lang/String;Ljava/lang/String;)Ljava/lang/String; 95 <appendix> member <vmtarget> ; # org/eclipse/equinox/launcher/Main$$Lambda+0x000001c51001b3c8
instanceKlass  @bci org/eclipse/equinox/launcher/Main findMax (Ljava/lang/String;Ljava/util/List;)Ljava/util/Optional; 34 <appendix> argL0 ; # org/eclipse/equinox/launcher/Main$$Lambda+0x000001c51001b188
instanceKlass java/util/stream/ReduceOps$2ReducingSink
instanceKlass  @bci java/util/function/BinaryOperator maxBy (Ljava/util/Comparator;)Ljava/util/function/BinaryOperator; 6 <appendix> member <vmtarget> ; # java/util/function/BinaryOperator$$Lambda+0x000001c5100231c8
instanceKlass  @bci java/util/Comparator comparing (Ljava/util/function/Function;Ljava/util/Comparator;)Ljava/util/Comparator; 12 <appendix> member <vmtarget> ; # java/util/Comparator$$Lambda+0x000001c510022f28
instanceKlass  @cpi java/util/Comparator 256 form vmentry <vmtarget> ; # java/lang/invoke/LambdaForm$DMH+0x000001c51001d000
instanceKlass  @bci java/util/Comparator comparing (Ljava/util/function/Function;)Ljava/util/Comparator; 6 <appendix> member <vmtarget> ; # java/util/Comparator$$Lambda+0x000001c510022c88
instanceKlass  @bci org/eclipse/equinox/launcher/Main$Identifier <clinit> ()V 34 <appendix> argL0 ; # org/eclipse/equinox/launcher/Main$Identifier$$Lambda+0x000001c51001af48
instanceKlass  @bci org/eclipse/equinox/launcher/Main$Identifier <clinit> ()V 18 <appendix> argL0 ; # org/eclipse/equinox/launcher/Main$Identifier$$Lambda+0x000001c51001ad28
instanceKlass  @bci java/util/Comparator thenComparing (Ljava/util/Comparator;)Ljava/util/Comparator; 7 <appendix> member <vmtarget> ; # java/util/Comparator$$Lambda+0x000001c5100229e8
instanceKlass  @cpi java/util/Comparator 251 form vmentry <vmtarget> ; # java/lang/invoke/LambdaForm$DMH+0x000001c51001cc00
instanceKlass  @bci org/eclipse/equinox/launcher/Main$Identifier <clinit> ()V 8 <appendix> argL0 ; # org/eclipse/equinox/launcher/Main$Identifier$$Lambda+0x000001c51001ab08
instanceKlass  @bci java/util/Comparator comparingInt (Ljava/util/function/ToIntFunction;)Ljava/util/Comparator; 6 <appendix> member <vmtarget> ; # java/util/Comparator$$Lambda+0x000001c510022748
instanceKlass  @bci java/lang/invoke/BootstrapMethodInvoker invoke (Ljava/lang/Class;Ljava/lang/invoke/MethodHandle;Ljava/lang/String;Ljava/lang/Object;Ljava/lang/Object;Ljava/lang/Class;)Ljava/lang/Object; 462 <adapter> ; # java/lang/invoke/LambdaForm$MH+0x000001c51001c800
instanceKlass  @cpi org/eclipse/jdt/internal/compiler/lookup/InferenceContext18 1774 form vmentry <vmtarget> ; # java/lang/invoke/LambdaForm$DMH+0x000001c51001c400
instanceKlass  @bci org/eclipse/equinox/launcher/Main$Identifier <clinit> ()V 0 <appendix> argL0 ; # org/eclipse/equinox/launcher/Main$Identifier$$Lambda+0x000001c51001a8e8
instanceKlass java/util/function/ToIntFunction
instanceKlass  @bci org/eclipse/equinox/launcher/Main findMax (Ljava/lang/String;Ljava/util/List;)Ljava/util/Optional; 18 <appendix> argL0 ; # org/eclipse/equinox/launcher/Main$$Lambda+0x000001c51001a6a8
instanceKlass  @cpi java/util/ResourceBundle$ResourceBundleControlProviderHolder 125 form vmentry <vmtarget> ; # java/lang/invoke/LambdaForm$DMH+0x000001c51001c000
instanceKlass  @bci org/eclipse/equinox/launcher/Main findMax (Ljava/lang/String;Ljava/util/List;)Ljava/util/Optional; 8 <appendix> member <vmtarget> ; # org/eclipse/equinox/launcher/Main$$Lambda+0x000001c51001a250
instanceKlass java/util/ArrayList$ArrayListSpliterator
instanceKlass  @bci org/eclipse/jdt/internal/core/manipulation/util/Strings <clinit> ()V 22 <appendix> form vmentry <vmtarget> ; # java/lang/invoke/LambdaForm$MH+0x000001c510019c00
instanceKlass java/util/stream/AbstractSpinedBuffer
instanceKlass java/util/stream/Node$Builder
instanceKlass java/util/stream/Node$OfDouble
instanceKlass java/util/stream/Node$OfLong
instanceKlass java/util/stream/Node$OfInt
instanceKlass java/util/stream/Node$OfPrimitive
instanceKlass java/util/stream/Nodes$EmptyNode
instanceKlass java/util/stream/Node
instanceKlass java/util/stream/Nodes
instanceKlass  @bci java/util/stream/ReferencePipeline toArray ()[Ljava/lang/Object; 1 <appendix> argL0 ; # java/util/stream/ReferencePipeline$$Lambda+0x000001c5100218c8
instanceKlass java/util/ImmutableCollections$Access$1
instanceKlass jdk/internal/access/JavaUtilCollectionAccess
instanceKlass java/util/ImmutableCollections$Access
instanceKlass  @bci org/eclipse/equinox/launcher/Main getArrayFromList (Ljava/lang/String;)Ljava/util/List; 32 <appendix> argL0 ; # org/eclipse/equinox/launcher/Main$$Lambda+0x000001c51001a000
instanceKlass  @bci org/eclipse/equinox/launcher/Main getArrayFromList (Ljava/lang/String;)Ljava/util/List; 22 <appendix> argL0 ; # org/eclipse/equinox/launcher/Main$$Lambda+0x000001c510015d00
instanceKlass java/util/regex/Pattern$1MatcherIterator
instanceKlass sun/net/www/MimeEntry
instanceKlass java/util/Hashtable$Enumerator
instanceKlass java/util/Collections$SynchronizedCollection
instanceKlass java/util/Properties$EntrySet
instanceKlass sun/net/www/MimeTable$DefaultInstanceHolder$1
instanceKlass sun/net/www/MimeTable$DefaultInstanceHolder
instanceKlass sun/net/www/MimeTable$2
instanceKlass sun/net/www/MimeTable$1
instanceKlass sun/net/www/MimeTable
instanceKlass java/net/URLConnection$1
instanceKlass java/net/FileNameMap
instanceKlass  @bci org/eclipse/jdt/ls/core/internal/handlers/BaseDiagnosticsHandler endReporting ()V 44 <appendix> form vmentry <vmtarget> ; # java/lang/invoke/LambdaForm$MH+0x000001c510019800
# instanceKlass java/lang/invoke/LambdaForm$MH+0x000001c510019400
instanceKlass  @bci org/eclipse/jdt/ls/core/internal/handlers/BaseDiagnosticsHandler endReporting ()V 44 <appendix> argL3 form vmentry <vmtarget> ; # java/lang/invoke/LambdaForm$MH+0x000001c510019000
# instanceKlass java/lang/invoke/LambdaForm$MH+0x000001c510018c00
# instanceKlass java/lang/invoke/LambdaForm$MH+0x000001c510018800
# instanceKlass java/lang/invoke/LambdaForm$MH+0x000001c510018400
# instanceKlass java/lang/invoke/LambdaForm$MH+0x000001c510018000
instanceKlass  @bci org/eclipse/jdt/ls/core/internal/handlers/BaseDiagnosticsHandler endReporting ()V 44 <appendix> argL1 form vmentry <vmtarget> ; # java/lang/invoke/LambdaForm$MH+0x000001c510017c00
instanceKlass  @bci java/util/logging/SimpleFormatter format (Ljava/util/logging/LogRecord;)Ljava/lang/String; 35 <appendix> argL1 argL0 form vmentry <vmtarget> ; # java/lang/invoke/LambdaForm$MH+0x000001c510017800
# instanceKlass java/lang/invoke/LambdaForm$MH+0x000001c510017400
instanceKlass  @bci org/eclipse/jdt/ls/core/internal/handlers/BaseDiagnosticsHandler endReporting ()V 44 <appendix> argL1 argL0 form vmentry <vmtarget> ; # java/lang/invoke/LambdaForm$MH+0x000001c510017000
# instanceKlass java/lang/invoke/LambdaForm$MH+0x000001c510016c00
# instanceKlass java/lang/invoke/LambdaForm$MH+0x000001c510016800
instanceKlass java/lang/Long$LongCache
# instanceKlass java/lang/invoke/LambdaForm$MH+0x000001c510016400
instanceKlass java/util/Collections$3
instanceKlass jdk/internal/loader/URLClassPath$1
instanceKlass java/lang/CompoundEnumeration
instanceKlass jdk/internal/loader/BuiltinClassLoader$1
instanceKlass java/util/Collections$EmptyEnumeration
instanceKlass java/util/ServiceLoader$3
instanceKlass java/util/ServiceLoader$2
instanceKlass java/util/ServiceLoader$LazyClassPathLookupIterator
instanceKlass java/util/Spliterators$1Adapter
instanceKlass java/util/Spliterators$ArraySpliterator
instanceKlass java/util/ServiceLoader$ModuleServicesLookupIterator
instanceKlass java/util/ServiceLoader
instanceKlass java/net/spi/URLStreamHandlerProvider
instanceKlass java/net/URL$1
instanceKlass java/net/URL$2
instanceKlass java/net/URL$ThreadTrackHolder
instanceKlass  @bci org/eclipse/equinox/launcher/Main basicRun ([Ljava/lang/String;)V 29 <appendix> argL0 ; # org/eclipse/equinox/launcher/Main$$Lambda+0x000001c510015ae0
instanceKlass java/util/function/IntFunction
instanceKlass  @bci org/eclipse/equinox/launcher/Main processCommandLine (Ljava/util/List;)Ljava/util/List; 832 <appendix> argL0 ; # org/eclipse/equinox/launcher/Main$$Lambda+0x000001c5100158b0
instanceKlass  @cpi org/eclipse/core/internal/events/NotificationManager$NotifyJob 101 form vmentry <vmtarget> ; # java/lang/invoke/LambdaForm$DMH+0x000001c510016000
instanceKlass  @bci java/util/ArrayDeque copyElements (Ljava/util/Collection;)V 2 <appendix> member <vmtarget> ; # java/util/ArrayDeque$$Lambda+0x000001c51007ef20
instanceKlass java/lang/Thread$ThreadNumbering
instanceKlass java/nio/file/attribute/PosixFilePermissions
instanceKlass java/security/Policy
instanceKlass jdk/internal/misc/PreviewFeatures
instanceKlass jdk/internal/misc/MainMethodFinder
instanceKlass org/eclipse/equinox/launcher/Main
instanceKlass sun/security/util/ManifestEntryVerifier$SunProviderHolder
instanceKlass java/util/Base64$Encoder
instanceKlass java/util/Base64$Decoder
instanceKlass java/util/Base64
instanceKlass javax/crypto/SecretKey
instanceKlass sun/security/util/Length
instanceKlass sun/security/util/KeyUtil
instanceKlass java/security/interfaces/XECKey
instanceKlass java/security/interfaces/ECKey
instanceKlass sun/security/util/JarConstraintsParameters
instanceKlass sun/security/util/ConstraintsParameters
instanceKlass java/security/CodeSigner
instanceKlass java/security/Timestamp
instanceKlass sun/security/timestamp/TimestampToken
instanceKlass java/security/cert/CertPath
# instanceKlass java/lang/invoke/LambdaForm$MH+0x000001c510014c00
instanceKlass java/math/MutableBigInteger
instanceKlass sun/security/rsa/RSAPadding
instanceKlass sun/security/rsa/RSACore
instanceKlass java/security/interfaces/RSAPrivateCrtKey
instanceKlass sun/security/pkcs/PKCS8Key
instanceKlass sun/security/util/InternalPrivateKey
instanceKlass java/security/interfaces/RSAPrivateKey
instanceKlass java/security/PrivateKey
instanceKlass javax/security/auth/Destroyable
instanceKlass jdk/internal/icu/util/CodePointTrie$Data
instanceKlass jdk/internal/icu/util/CodePointMap
instanceKlass jdk/internal/icu/util/VersionInfo
instanceKlass  @bci jdk/internal/module/SystemModuleFinders$SystemModuleReader open (Ljava/lang/String;)Ljava/util/Optional; 6 <appendix> member <vmtarget> ; # jdk/internal/module/SystemModuleFinders$SystemModuleReader$$Lambda+0x000001c510076f30
instanceKlass jdk/internal/jimage/decompressor/ZipDecompressor
instanceKlass jdk/internal/jimage/decompressor/ResourceDecompressor
instanceKlass jdk/internal/jimage/decompressor/ResourceDecompressorFactory
instanceKlass jdk/internal/jimage/decompressor/ResourceDecompressorRepository
instanceKlass jdk/internal/jimage/decompressor/CompressedResourceHeader
instanceKlass  @bci jdk/internal/jimage/BasicImageReader getResourceBuffer (Ljdk/internal/jimage/ImageLocation;)Ljava/nio/ByteBuffer; 168 <appendix> member <vmtarget> ; # jdk/internal/jimage/BasicImageReader$$Lambda+0x000001c510075e70
instanceKlass jdk/internal/jimage/decompressor/ResourceDecompressor$StringsProvider
instanceKlass java/util/TimSort
instanceKlass java/util/Arrays$LegacyMergeSort
instanceKlass java/util/AbstractMap$SimpleEntry
instanceKlass jdk/internal/jimage/ImageBufferCache$2
instanceKlass jdk/internal/jimage/ImageBufferCache
instanceKlass jdk/internal/module/Checks
instanceKlass jdk/internal/icu/impl/ICUBinary$1
instanceKlass jdk/internal/icu/impl/ICUBinary
instanceKlass jdk/internal/icu/impl/NormalizerImpl$IsAcceptable
instanceKlass jdk/internal/icu/impl/ICUBinary$Authenticate
instanceKlass jdk/internal/icu/impl/NormalizerImpl
instanceKlass jdk/internal/icu/impl/Norm2AllModes$Norm2AllModesSingleton
instanceKlass jdk/internal/icu/impl/Norm2AllModes$NFKCSingleton
instanceKlass jdk/internal/icu/impl/Norm2AllModes
instanceKlass jdk/internal/icu/text/Normalizer2
instanceKlass jdk/internal/icu/text/NormalizerBase$ModeImpl
instanceKlass jdk/internal/icu/text/NormalizerBase$NFKDModeImpl
instanceKlass jdk/internal/icu/text/NormalizerBase$1
instanceKlass jdk/internal/icu/text/NormalizerBase$Mode
instanceKlass jdk/internal/icu/text/NormalizerBase
instanceKlass java/text/Normalizer
instanceKlass sun/security/x509/AVAKeyword
instanceKlass java/util/StringJoiner
instanceKlass sun/security/jca/ServiceId
instanceKlass java/security/Signature$1
instanceKlass jdk/internal/access/JavaSecuritySignatureAccess
instanceKlass java/security/SignatureSpi
instanceKlass sun/security/util/SignatureUtil
instanceKlass java/lang/invoke/VarHandle$AccessDescriptor
instanceKlass sun/security/provider/ByteArrayAccess$BE
instanceKlass sun/security/provider/ByteArrayAccess
instanceKlass sun/security/util/MessageDigestSpi2
instanceKlass java/security/MessageDigestSpi
instanceKlass sun/security/pkcs/SigningCertificateInfo$ESSCertId
instanceKlass sun/security/pkcs/SigningCertificateInfo
instanceKlass sun/security/pkcs/PKCS9Attribute
instanceKlass sun/security/pkcs/PKCS9Attributes
instanceKlass java/time/Instant
instanceKlass java/time/zone/ZoneOffsetTransition
instanceKlass java/time/LocalTime
instanceKlass java/time/temporal/ValueRange
instanceKlass java/time/Duration
instanceKlass java/time/temporal/TemporalAmount
instanceKlass java/time/temporal/TemporalUnit
instanceKlass java/time/temporal/TemporalField
instanceKlass java/time/LocalDate
instanceKlass java/time/chrono/ChronoLocalDate
instanceKlass java/time/ZonedDateTime
instanceKlass java/time/chrono/ChronoZonedDateTime
instanceKlass java/time/LocalDateTime
instanceKlass java/time/chrono/ChronoLocalDateTime
instanceKlass java/time/temporal/Temporal
instanceKlass java/time/zone/ZoneOffsetTransitionRule
instanceKlass java/time/zone/ZoneRules
instanceKlass  @bci java/time/ZoneOffset ofTotalSeconds (I)Ljava/time/ZoneOffset; 37 <appendix> argL0 ; # java/time/ZoneOffset$$Lambda+0x80000000c
instanceKlass java/time/temporal/TemporalAdjuster
instanceKlass java/time/temporal/TemporalAccessor
instanceKlass java/time/ZoneId
instanceKlass  @bci java/util/regex/CharPredicates ASCII_DIGIT ()Ljava/util/regex/Pattern$BmpCharPredicate; 0 <appendix> argL0 ; # java/util/regex/CharPredicates$$Lambda+0x800000025
instanceKlass  @bci java/util/regex/CharPredicates ASCII_SPACE ()Ljava/util/regex/Pattern$BmpCharPredicate; 0 <appendix> argL0 ; # java/util/regex/CharPredicates$$Lambda+0x800000026
instanceKlass java/util/regex/CharPredicates
instanceKlass sun/security/util/DisabledAlgorithmConstraints$Constraints$Holder
instanceKlass sun/security/util/DisabledAlgorithmConstraints$Constraint
instanceKlass java/util/StringTokenizer
instanceKlass java/security/spec/ECFieldF2m
instanceKlass java/security/spec/ECParameterSpec
instanceKlass java/security/spec/ECPoint
instanceKlass java/security/spec/EllipticCurve
instanceKlass java/security/spec/ECFieldFp
instanceKlass java/security/spec/ECField
instanceKlass sun/security/util/CurveDB
instanceKlass sun/security/util/DisabledAlgorithmConstraints$Constraints
instanceKlass java/util/TreeMap$PrivateEntryIterator
instanceKlass java/util/NavigableSet
instanceKlass java/util/SortedSet
instanceKlass sun/security/util/AbstractAlgorithmConstraints$1
instanceKlass sun/security/util/AlgorithmDecomposer
instanceKlass sun/security/util/DisabledAlgorithmConstraints$JarHolder
instanceKlass  @bci java/util/regex/Pattern DOT ()Ljava/util/regex/Pattern$CharPredicate; 0 <appendix> argL0 ; # java/util/regex/Pattern$$Lambda+0x000001c510068548
instanceKlass java/util/regex/ASCII
instanceKlass sun/security/util/AbstractAlgorithmConstraints
instanceKlass java/security/AlgorithmConstraints
instanceKlass sun/security/pkcs/SignerInfo
instanceKlass java/security/cert/PolicyQualifierInfo
instanceKlass sun/security/x509/CertificatePolicyId
instanceKlass sun/security/x509/PolicyInformation
instanceKlass sun/security/x509/DistributionPoint
instanceKlass sun/security/x509/DNSName
instanceKlass sun/security/x509/URIName
instanceKlass sun/security/x509/GeneralName
instanceKlass sun/security/x509/AccessDescription
instanceKlass sun/security/x509/GeneralNames
instanceKlass java/lang/invoke/VarForm
instanceKlass java/lang/invoke/VarHandleGuards
instanceKlass java/lang/invoke/VarHandles
instanceKlass java/lang/System$Logger
instanceKlass jdk/internal/event/EventHelper
instanceKlass sun/security/jca/JCAUtil
instanceKlass sun/security/util/MemoryCache$CacheEntry
instanceKlass sun/security/x509/KeyIdentifier
instanceKlass java/util/TreeMap$Entry
# instanceKlass java/lang/invoke/LambdaForm$MH+0x000001c510014800
instanceKlass sun/security/x509/OIDMap$OIDInfo
instanceKlass sun/security/x509/PKIXExtensions
instanceKlass sun/security/x509/OIDMap
instanceKlass sun/security/x509/Extension
instanceKlass java/security/cert/Extension
instanceKlass java/util/Collections$SynchronizedMap
instanceKlass java/util/NavigableMap
instanceKlass java/util/SortedMap
instanceKlass sun/security/x509/CertificateExtensions
instanceKlass sun/security/rsa/RSAUtil
instanceKlass java/security/interfaces/RSAPublicKey
instanceKlass java/security/interfaces/RSAKey
instanceKlass java/security/spec/PSSParameterSpec
instanceKlass java/security/spec/AlgorithmParameterSpec
instanceKlass java/security/spec/RSAPrivateKeySpec
instanceKlass java/security/spec/RSAPublicKeySpec
instanceKlass java/security/KeyFactorySpi
instanceKlass sun/security/rsa/SunRsaSignEntries
instanceKlass sun/security/jca/ProviderList$ServiceList$1
instanceKlass java/security/KeyFactory
instanceKlass  @bci java/security/spec/EncodedKeySpec <clinit> ()V 0 <appendix> argL0 ; # java/security/spec/EncodedKeySpec$$Lambda+0x000001c51005eb40
instanceKlass  @cpi org/eclipse/jdt/internal/core/search/processing/JobManager 551 form vmentry <vmtarget> ; # java/lang/invoke/LambdaForm$DMH+0x000001c510014400
instanceKlass jdk/internal/access/JavaSecuritySpecAccess
instanceKlass java/security/spec/EncodedKeySpec
instanceKlass java/security/spec/KeySpec
instanceKlass sun/security/util/BitArray
instanceKlass sun/security/x509/X509Key
instanceKlass java/security/PublicKey
instanceKlass java/security/Key
instanceKlass sun/security/x509/CertificateX509Key
instanceKlass java/util/Date
instanceKlass sun/util/calendar/CalendarUtils
instanceKlass sun/util/calendar/CalendarDate
instanceKlass sun/util/calendar/CalendarSystem$GregorianHolder
instanceKlass sun/util/calendar/CalendarSystem
instanceKlass sun/security/x509/CertificateValidity
instanceKlass sun/security/x509/AVA
instanceKlass sun/security/x509/RDN
instanceKlass javax/security/auth/x500/X500Principal
instanceKlass  @bci sun/security/x509/X500Name <clinit> ()V 153 <appendix> argL0 ; # sun/security/x509/X500Name$$Lambda+0x000001c51005c638
instanceKlass sun/security/x509/X500Name
instanceKlass sun/security/x509/GeneralNameInterface
instanceKlass sun/security/x509/CertificateAlgorithmId
instanceKlass sun/security/x509/SerialNumber
instanceKlass sun/security/x509/CertificateSerialNumber
instanceKlass sun/security/x509/CertificateVersion
instanceKlass sun/security/x509/X509CertInfo
instanceKlass sun/security/util/Cache$EqualByteArray
instanceKlass java/security/cert/X509Extension
instanceKlass java/lang/Byte$ByteCache
instanceKlass  @bci sun/security/util/DerInputStream seeOptionalContextSpecific (I)Z 2 <appendix> member <vmtarget> ; # sun/security/util/DerInputStream$$Lambda+0x000001c510059f68
instanceKlass  @cpi org/eclipse/jdt/internal/compiler/ClassFile 3307 form vmentry <vmtarget> ; # java/lang/invoke/LambdaForm$DMH+0x000001c510014000
instanceKlass sun/security/jca/GetInstance$Instance
instanceKlass sun/security/util/Cache
instanceKlass jdk/internal/event/Event
instanceKlass sun/security/jca/GetInstance
instanceKlass java/security/cert/CertificateFactorySpi
instanceKlass java/security/cert/CertificateFactory
instanceKlass sun/security/x509/AlgorithmId
instanceKlass sun/security/util/ByteArrayTagOrder
instanceKlass sun/security/util/ByteArrayLexOrder
instanceKlass sun/security/util/DerValue
instanceKlass sun/security/util/ObjectIdentifier
instanceKlass sun/security/pkcs/ContentInfo
instanceKlass sun/security/util/DerEncoder
instanceKlass sun/security/util/DerInputStream
instanceKlass sun/security/pkcs/PKCS7
instanceKlass java/util/Collections$EmptyIterator
instanceKlass java/util/LinkedHashMap$LinkedHashIterator
instanceKlass sun/security/util/SecurityProviderConstants
instanceKlass java/security/Provider$UString
instanceKlass java/security/Provider$Service
instanceKlass sun/security/provider/NativePRNG$NonBlocking
instanceKlass sun/security/provider/NativePRNG$Blocking
instanceKlass sun/security/provider/NativePRNG
instanceKlass sun/security/provider/SunEntries$1
instanceKlass sun/security/provider/SunEntries
instanceKlass sun/security/util/SecurityConstants
instanceKlass java/security/Security$1
instanceKlass jdk/internal/access/JavaSecurityPropertiesAccess
instanceKlass java/util/concurrent/ConcurrentHashMap$MapEntry
instanceKlass java/io/FileInputStream$1
instanceKlass java/util/Properties$LineReader
instanceKlass  @bci java/security/Security <clinit> ()V 9 <appendix> argL0 ; # java/security/Security$$Lambda+0x80000000b
instanceKlass java/security/Security
instanceKlass sun/security/jca/ProviderList$2
instanceKlass jdk/internal/math/FloatingDecimal$ASCIIToBinaryBuffer
instanceKlass jdk/internal/math/FloatingDecimal$PreparedASCIIToBinaryBuffer
instanceKlass jdk/internal/math/FloatingDecimal$ASCIIToBinaryConverter
instanceKlass jdk/internal/math/FloatingDecimal$BinaryToASCIIBuffer
instanceKlass jdk/internal/math/FloatingDecimal$ExceptionalBinaryToASCIIBuffer
instanceKlass jdk/internal/math/FloatingDecimal$BinaryToASCIIConverter
instanceKlass jdk/internal/math/FloatingDecimal
instanceKlass javax/security/auth/login/Configuration$Parameters
instanceKlass java/security/Policy$Parameters
instanceKlass java/security/cert/CertStoreParameters
instanceKlass java/security/SecureRandomParameters
instanceKlass java/security/Provider$EngineDescription
instanceKlass java/security/Provider$ServiceKey
instanceKlass sun/security/jca/ProviderConfig
instanceKlass sun/security/jca/ProviderList
instanceKlass sun/security/jca/Providers
instanceKlass  @bci sun/security/util/ManifestDigester <init> ([B)V 350 <appendix> argL0 ; # sun/security/util/ManifestDigester$$Lambda+0x000001c51004d980
instanceKlass sun/security/util/ManifestDigester$Section
instanceKlass sun/security/util/ManifestDigester$Entry
instanceKlass sun/security/util/ManifestDigester$Position
instanceKlass sun/security/util/ManifestDigester
instanceKlass sun/security/util/ManifestEntryVerifier
instanceKlass jdk/internal/misc/ThreadTracker
instanceKlass java/util/jar/JarFile$ThreadTrackHolder
instanceKlass java/util/jar/JarVerifier
instanceKlass sun/nio/cs/ArrayDecoder
instanceKlass java/nio/charset/CharsetDecoder
instanceKlass sun/launcher/LauncherHelper
instanceKlass lombok/patcher/scripts/ScriptBuilder$SetSymbolDuringMethodCallBuilder
instanceKlass lombok/patcher/scripts/ScriptBuilder$ReplaceMethodCallBuilder
instanceKlass lombok/eclipse/agent/EclipsePatcher$4
instanceKlass lombok/eclipse/agent/EclipsePatcher$3
instanceKlass lombok/patcher/scripts/ScriptBuilder$WrapMethodCallBuilder
instanceKlass lombok/patcher/ScriptManager$WitnessAction
instanceKlass lombok/patcher/scripts/ScriptBuilder$WrapReturnValueBuilder
instanceKlass lombok/patcher/ClassRootFinder
instanceKlass lombok/patcher/scripts/ScriptBuilder$AddFieldBuilder
instanceKlass java/util/Collections$1
instanceKlass lombok/patcher/PatchScript$MethodPatcherFactory
instanceKlass org/lombokweb/asm/ClassVisitor
instanceKlass lombok/patcher/Hook
instanceKlass  @bci java/util/regex/Pattern negate (Ljava/util/regex/Pattern$CharPredicate;)Ljava/util/regex/Pattern$CharPredicate; 1 <appendix> member <vmtarget> ; # java/util/regex/Pattern$$Lambda+0x800000031
instanceKlass java/util/regex/Pattern$BitClass
instanceKlass lombok/patcher/MethodTarget
instanceKlass lombok/patcher/scripts/ScriptBuilder$ExitEarlyBuilder
instanceKlass lombok/patcher/scripts/ScriptBuilder
instanceKlass lombok/eclipse/agent/EclipseLoaderPatcher
instanceKlass lombok/eclipse/agent/EclipsePatcher$2
instanceKlass lombok/eclipse/agent/EclipsePatcher$1
# instanceKlass java/lang/invoke/LambdaForm$MH+0x000001c51000d800
# instanceKlass java/lang/invoke/LambdaForm$MH+0x000001c51000d400
# instanceKlass java/lang/invoke/LambdaForm$MH+0x000001c51000d000
# instanceKlass java/lang/invoke/LambdaForm$MH+0x000001c51000cc00
# instanceKlass java/lang/invoke/LambdaForm$BMH+0x000001c51000c800
# instanceKlass java/lang/invoke/LambdaForm$DMH+0x000001c51000c400
# instanceKlass java/lang/invoke/LambdaForm$DMH+0x000001c51000c000
instanceKlass java/lang/instrument/ClassDefinition
instanceKlass lombok/patcher/ScriptManager$OurClassFileTransformer
instanceKlass lombok/patcher/Filter$1
instanceKlass lombok/patcher/TransplantMapper$1
instanceKlass java/lang/instrument/ClassFileTransformer
instanceKlass lombok/patcher/ScriptManager
instanceKlass lombok/patcher/TransplantMapper
instanceKlass lombok/patcher/Filter
instanceKlass lombok/patcher/PatchScript
instanceKlass lombok/patcher/TargetMatcher
instanceKlass lombok/eclipse/agent/EclipsePatcher
instanceKlass lombok/core/AgentLauncher$AgentLaunchable
# instanceKlass java/lang/invoke/LambdaForm$MH+0x000001c510008c00
# instanceKlass java/lang/invoke/LambdaForm$MH+0x000001c510008800
# instanceKlass java/lang/invoke/LambdaForm$MH+0x000001c510008400
# instanceKlass java/lang/invoke/LambdaForm$MH+0x000001c510008000
# instanceKlass java/lang/invoke/LambdaForm$DMH+0x000001c510007c00
# instanceKlass java/lang/invoke/LambdaForm$DMH+0x000001c510007800
# instanceKlass java/lang/invoke/LambdaForm$DMH+0x000001c510007400
instanceKlass java/lang/ClassValue$Version
instanceKlass java/lang/ClassValue$Identity
instanceKlass java/lang/ClassValue
instanceKlass java/lang/invoke/MethodHandleImpl$ArrayAccessor
instanceKlass java/lang/invoke/MethodHandleImpl$LoopClauses
instanceKlass java/lang/invoke/MethodHandleImpl$CasesHolder
# instanceKlass java/lang/invoke/LambdaForm$MH+0x000001c510007000
instanceKlass  @cpi org/eclipse/jdt/internal/compiler/lookup/InferenceContext18 1750 form vmentry <vmtarget> ; # java/lang/invoke/LambdaForm$DMH+0x000001c510006c00
# instanceKlass java/lang/invoke/LambdaForm$MH+0x000001c510006800
# instanceKlass java/lang/invoke/LambdaForm$MH+0x000001c510006400
# instanceKlass java/lang/invoke/LambdaForm$MH+0x000001c510006000
# instanceKlass java/lang/invoke/LambdaForm$BMH+0x000001c510005c00
# instanceKlass java/lang/invoke/LambdaForm$DMH+0x000001c510005800
# instanceKlass java/lang/invoke/LambdaForm$MH+0x000001c510005400
# instanceKlass java/lang/invoke/LambdaForm$DMH+0x000001c510005000
instanceKlass java/lang/invoke/ClassSpecializer$Factory$1Var
instanceKlass java/lang/invoke/MethodHandles$1
# instanceKlass java/lang/invoke/LambdaForm$DMH+0x000001c510004c00
instanceKlass sun/invoke/util/ValueConversions$1
instanceKlass sun/invoke/util/ValueConversions$WrapperCache
# instanceKlass java/lang/invoke/LambdaForm$DMH+0x000001c510004800
instanceKlass jdk/internal/foreign/MemorySessionImpl
instanceKlass java/lang/foreign/MemorySegment$Scope
instanceKlass lombok/core/AgentLauncher$AgentInfo
instanceKlass lombok/core/AgentLauncher
instanceKlass java/util/IdentityHashMap$IdentityHashMapIterator
instanceKlass lombok/launch/ClassFileMetaData
instanceKlass sun/net/www/MessageHeader
instanceKlass sun/net/www/protocol/jar/JarFileFactory
instanceKlass sun/net/www/protocol/jar/URLJarFile$URLJarFileCloseController
instanceKlass java/net/URLConnection
instanceKlass java/util/zip/ZipFile$ZipEntryIterator
instanceKlass java/util/WeakHashMap$HashIterator
instanceKlass java/net/URLDecoder
instanceKlass java/util/regex/IntHashSet
instanceKlass java/util/regex/Matcher
instanceKlass java/util/regex/MatchResult
instanceKlass java/util/regex/Pattern$TreeInfo
instanceKlass  @bci java/util/regex/Pattern Single (I)Ljava/util/regex/Pattern$BmpCharPredicate; 1 <appendix> member <vmtarget> ; # java/util/regex/Pattern$$Lambda+0x800000029
instanceKlass java/util/regex/Pattern$BmpCharPredicate
instanceKlass java/util/regex/Pattern$CharPredicate
instanceKlass java/util/regex/Pattern$Node
instanceKlass java/util/regex/Pattern
instanceKlass jdk/internal/jimage/ImageLocation
instanceKlass jdk/internal/jimage/decompressor/Decompressor
instanceKlass jdk/internal/jimage/ImageStringsReader
instanceKlass jdk/internal/jimage/ImageStrings
instanceKlass jdk/internal/jimage/ImageHeader
instanceKlass jdk/internal/jimage/NativeImageBuffer$1
instanceKlass jdk/internal/jimage/NativeImageBuffer
instanceKlass jdk/internal/jimage/BasicImageReader$1
instanceKlass jdk/internal/jimage/BasicImageReader
instanceKlass jdk/internal/jimage/ImageReader
instanceKlass jdk/internal/jimage/ImageReaderFactory$1
instanceKlass java/net/URI$Parser
instanceKlass java/nio/file/FileSystems$DefaultFileSystemHolder$1
instanceKlass java/nio/file/FileSystems$DefaultFileSystemHolder
instanceKlass java/nio/file/FileSystems
instanceKlass java/nio/file/Paths
instanceKlass jdk/internal/jimage/ImageReaderFactory
instanceKlass jdk/internal/module/SystemModuleFinders$SystemImage
instanceKlass jdk/internal/module/SystemModuleFinders$SystemModuleReader
instanceKlass java/lang/module/ModuleReader
instanceKlass jdk/internal/loader/BuiltinClassLoader$5
instanceKlass jdk/internal/loader/BuiltinClassLoader$2
instanceKlass jdk/internal/module/Resources
instanceKlass java/util/Arrays$ArrayItr
instanceKlass lombok/launch/PackageShader
instanceKlass java/io/Reader
instanceKlass java/lang/Readable
instanceKlass lombok/launch/Main
instanceKlass  @bci jdk/internal/reflect/DirectMethodHandleAccessor invokeImpl (Ljava/lang/Object;[Ljava/lang/Object;Ljava/lang/Class;)Ljava/lang/Object; 136 <adapter> ; # java/lang/invoke/LambdaForm$MH+0x000001c510002c00
# instanceKlass java/lang/invoke/LambdaForm$MH+0x000001c510002800
# instanceKlass java/lang/invoke/LambdaForm$MH+0x000001c510002400
# instanceKlass java/lang/invoke/LambdaForm$MH+0x000001c510002000
instanceKlass  @bci org/eclipse/jdt/internal/compiler/lookup/LookupEnvironment isNonNullByDefaultSimpleName ([C)Z 27 <appendix> form vmentry <vmtarget> ; # java/lang/invoke/LambdaForm$MH+0x000001c510001c00
# instanceKlass java/lang/invoke/LambdaForm$MH+0x000001c510001800
instanceKlass sun/instrument/InstrumentationImpl$1
instanceKlass lombok/launch/Agent
instanceKlass java/security/SecureClassLoader$DebugHolder
instanceKlass java/security/Permission
instanceKlass java/security/Guard
instanceKlass java/security/PermissionCollection
instanceKlass java/security/SecureClassLoader$1
instanceKlass java/util/zip/Checksum$1
instanceKlass java/util/zip/CRC32
instanceKlass java/util/zip/Checksum
instanceKlass sun/nio/ByteBuffered
instanceKlass java/lang/Package$VersionInfo
instanceKlass java/lang/NamedPackage
instanceKlass java/util/jar/Attributes$Name
instanceKlass java/util/jar/Attributes
instanceKlass jdk/internal/loader/Resource
instanceKlass sun/security/action/GetIntegerAction
instanceKlass sun/security/util/Debug
instanceKlass sun/security/util/SignatureFileVerifier
instanceKlass java/util/zip/ZipFile$InflaterCleanupAction
instanceKlass java/util/zip/Inflater$InflaterZStreamRef
instanceKlass java/util/zip/Inflater
instanceKlass java/util/zip/ZipEntry
instanceKlass java/util/zip/ZipFile$2
instanceKlass java/nio/Bits$1
instanceKlass jdk/internal/misc/VM$BufferPool
instanceKlass java/nio/Bits
instanceKlass sun/nio/ch/DirectBuffer
instanceKlass jdk/internal/perf/PerfCounter$CoreCounters
instanceKlass jdk/internal/perf/Perf
instanceKlass jdk/internal/perf/Perf$GetPerfAction
instanceKlass jdk/internal/perf/PerfCounter
instanceKlass sun/util/locale/LocaleObjectCache
instanceKlass sun/util/locale/BaseLocale$Key
instanceKlass sun/util/locale/LocaleUtils
instanceKlass sun/util/locale/BaseLocale
instanceKlass java/util/Locale
instanceKlass java/nio/file/attribute/FileTime
instanceKlass java/lang/StringCoding
instanceKlass java/util/zip/ZipUtils
instanceKlass java/util/zip/ZipFile$Source$End
instanceKlass java/io/RandomAccessFile$2
instanceKlass jdk/internal/access/JavaIORandomAccessFileAccess
instanceKlass java/io/RandomAccessFile
instanceKlass java/io/DataInput
instanceKlass java/io/DataOutput
instanceKlass sun/nio/fs/WindowsNativeDispatcher$CompletionStatus
instanceKlass sun/nio/fs/WindowsNativeDispatcher$AclInformation
instanceKlass sun/nio/fs/WindowsNativeDispatcher$Account
instanceKlass sun/nio/fs/WindowsNativeDispatcher$DiskFreeSpace
instanceKlass sun/nio/fs/WindowsNativeDispatcher$VolumeInformation
instanceKlass sun/nio/fs/WindowsNativeDispatcher$FirstStream
instanceKlass sun/nio/fs/WindowsNativeDispatcher$FirstFile
instanceKlass java/util/Enumeration
instanceKlass java/util/concurrent/ConcurrentHashMap$Traverser
instanceKlass sun/nio/fs/WindowsNativeDispatcher
instanceKlass sun/nio/fs/NativeBuffer$Deallocator
instanceKlass sun/nio/fs/NativeBuffer
instanceKlass java/lang/ThreadLocal$ThreadLocalMap
instanceKlass java/lang/ThreadLocal
instanceKlass sun/nio/fs/NativeBuffers
instanceKlass sun/nio/fs/WindowsFileAttributes
instanceKlass java/nio/file/attribute/DosFileAttributes
instanceKlass sun/nio/fs/AbstractBasicFileAttributeView
instanceKlass sun/nio/fs/DynamicFileAttributeView
instanceKlass sun/nio/fs/WindowsFileAttributeViews
instanceKlass sun/nio/fs/Util
instanceKlass java/nio/file/attribute/BasicFileAttributeView
instanceKlass java/nio/file/attribute/FileAttributeView
instanceKlass java/nio/file/attribute/AttributeView
instanceKlass java/nio/file/Files
instanceKlass java/nio/file/CopyOption
instanceKlass java/nio/file/attribute/BasicFileAttributes
instanceKlass sun/nio/fs/WindowsPath
instanceKlass java/util/zip/ZipFile$Source$Key
instanceKlass sun/nio/fs/WindowsPathParser$Result
instanceKlass java/util/concurrent/ForkJoinPool$ManagedBlocker
instanceKlass sun/nio/fs/WindowsPathParser
instanceKlass java/util/concurrent/locks/AbstractQueuedSynchronizer$Node
instanceKlass java/nio/file/FileSystem
instanceKlass java/nio/file/OpenOption
instanceKlass java/nio/file/spi/FileSystemProvider
instanceKlass sun/nio/fs/DefaultFileSystemProvider
instanceKlass java/util/zip/ZipFile$Source
instanceKlass java/lang/ref/Cleaner$Cleanable
instanceKlass jdk/internal/ref/CleanerImpl
instanceKlass java/lang/ref/Cleaner$1
instanceKlass java/lang/ref/Cleaner
instanceKlass jdk/internal/ref/CleanerFactory$1
instanceKlass java/util/concurrent/ThreadFactory
instanceKlass jdk/internal/ref/CleanerFactory
instanceKlass java/util/zip/ZipCoder
instanceKlass java/util/zip/ZipFile$CleanableResource
instanceKlass java/lang/Runtime$Version
instanceKlass java/util/jar/JavaUtilJarAccessImpl
instanceKlass jdk/internal/access/JavaUtilJarAccess
instanceKlass jdk/internal/loader/FileURLMapper
instanceKlass jdk/internal/loader/URLClassPath$JarLoader$1
instanceKlass java/util/zip/ZipFile$1
instanceKlass jdk/internal/access/JavaUtilZipFileAccess
instanceKlass java/util/zip/ZipFile
instanceKlass java/util/zip/ZipConstants
instanceKlass jdk/internal/loader/URLClassPath$Loader
instanceKlass jdk/internal/loader/URLClassPath$3
instanceKlass java/security/PrivilegedExceptionAction
instanceKlass sun/net/util/URLUtil
instanceKlass sun/instrument/TransformerManager$TransformerInfo
instanceKlass sun/instrument/TransformerManager
instanceKlass jdk/internal/loader/NativeLibraries$3
instanceKlass jdk/internal/loader/NativeLibrary
instanceKlass java/util/ArrayDeque$DeqIterator
instanceKlass jdk/internal/loader/NativeLibraries$NativeLibraryContext$1
instanceKlass jdk/internal/loader/NativeLibraries$NativeLibraryContext
instanceKlass jdk/internal/loader/NativeLibraries$2
instanceKlass jdk/internal/loader/NativeLibraries$1
instanceKlass jdk/internal/loader/NativeLibraries$LibraryPaths
instanceKlass  @bci sun/instrument/InstrumentationImpl <clinit> ()V 16 <appendix> argL0 ; # sun/instrument/InstrumentationImpl$$Lambda+0x000001c510042df0
instanceKlass sun/instrument/InstrumentationImpl
instanceKlass java/lang/instrument/Instrumentation
instanceKlass java/lang/invoke/StringConcatFactory
instanceKlass jdk/internal/module/ModuleBootstrap$SafeModuleFinder
instanceKlass  @bci java/lang/WeakPairMap computeIfAbsent (Ljava/lang/Object;Ljava/lang/Object;Ljava/util/function/BiFunction;)Ljava/lang/Object; 18 <appendix> member <vmtarget> ; # java/lang/WeakPairMap$$Lambda+0x000001c510042678
instanceKlass  @bci java/lang/Module implAddExportsOrOpens (Ljava/lang/String;Ljava/lang/Module;ZZ)V 145 <appendix> argL0 ; # java/lang/Module$$Lambda+0x000001c510041d20
instanceKlass  @bci jdk/internal/module/ModuleBootstrap decode (Ljava/lang/String;Ljava/lang/String;Z)Ljava/util/Map; 193 <appendix> argL0 ; # jdk/internal/module/ModuleBootstrap$$Lambda+0x000001c510041ae0
instanceKlass java/lang/ModuleLayer$Controller
instanceKlass java/util/concurrent/CopyOnWriteArrayList
instanceKlass jdk/internal/module/ServicesCatalog$ServiceProvider
instanceKlass jdk/internal/loader/AbstractClassLoaderValue$Memoizer
instanceKlass jdk/internal/module/ModuleLoaderMap$Modules
instanceKlass jdk/internal/module/ModuleLoaderMap$Mapper
instanceKlass jdk/internal/module/ModuleLoaderMap
instanceKlass java/lang/module/ResolvedModule
instanceKlass java/util/Collections$UnmodifiableCollection$1
instanceKlass java/util/SequencedMap
instanceKlass java/util/SequencedSet
instanceKlass java/lang/ModuleLayer
instanceKlass java/util/ImmutableCollections$ListItr
instanceKlass java/util/ListIterator
instanceKlass java/lang/module/ModuleFinder$1
instanceKlass java/nio/file/Path
instanceKlass java/nio/file/Watchable
instanceKlass java/lang/module/Resolver
instanceKlass java/lang/module/Configuration
instanceKlass java/util/stream/ForEachOps$ForEachOp
instanceKlass java/util/stream/ForEachOps
instanceKlass  @bci jdk/internal/module/ModuleBootstrap boot2 ()Ljava/lang/ModuleLayer; 791 <appendix> member <vmtarget> ; # jdk/internal/module/ModuleBootstrap$$Lambda+0x000001c5100410b0
instanceKlass  @cpi org/eclipse/lsp4j/jsonrpc/services/ServiceEndpoints 155 form vmentry <vmtarget> ; # java/lang/invoke/LambdaForm$DMH+0x000001c510000c00
instanceKlass  @bci jdk/internal/module/ModuleBootstrap boot2 ()Ljava/lang/ModuleLayer; 779 <appendix> member <vmtarget> ; # jdk/internal/module/ModuleBootstrap$$Lambda+0x000001c510040e58
instanceKlass  @bci jdk/internal/module/ModuleBootstrap boot2 ()Ljava/lang/ModuleLayer; 767 <appendix> argL0 ; # jdk/internal/module/ModuleBootstrap$$Lambda+0x000001c510040a20
instanceKlass  @bci jdk/internal/module/ModuleBootstrap boot2 ()Ljava/lang/ModuleLayer; 757 <appendix> argL0 ; # jdk/internal/module/ModuleBootstrap$$Lambda+0x000001c5100407e0
instanceKlass  @bci java/util/stream/FindOps$FindSink$OfRef <clinit> ()V 43 <appendix> argL0 ; # java/util/stream/FindOps$FindSink$OfRef$$Lambda+0x800000048
instanceKlass  @bci java/util/stream/FindOps$FindSink$OfRef <clinit> ()V 38 <appendix> argL0 ; # java/util/stream/FindOps$FindSink$OfRef$$Lambda+0x80000004a
instanceKlass  @bci java/util/stream/FindOps$FindSink$OfRef <clinit> ()V 16 <appendix> argL0 ; # java/util/stream/FindOps$FindSink$OfRef$$Lambda+0x800000049
instanceKlass  @bci java/util/stream/FindOps$FindSink$OfRef <clinit> ()V 11 <appendix> argL0 ; # java/util/stream/FindOps$FindSink$OfRef$$Lambda+0x80000004b
instanceKlass java/util/stream/FindOps$FindOp
instanceKlass java/util/stream/FindOps$FindSink
instanceKlass java/util/stream/FindOps
instanceKlass  @bci jdk/internal/module/DefaultRoots exportsAPI (Ljava/lang/module/ModuleDescriptor;)Z 9 <appendix> argL0 ; # jdk/internal/module/DefaultRoots$$Lambda+0x800000051
instanceKlass java/util/stream/Sink$ChainedReference
instanceKlass java/util/stream/ReduceOps$AccumulatingSink
instanceKlass java/util/stream/TerminalSink
instanceKlass java/util/stream/Sink
instanceKlass java/util/function/Consumer
instanceKlass java/util/stream/ReduceOps$Box
instanceKlass java/util/stream/ReduceOps$ReduceOp
instanceKlass java/util/stream/TerminalOp
instanceKlass java/util/stream/ReduceOps
instanceKlass  @bci java/util/stream/Collectors castingIdentity ()Ljava/util/function/Function; 0 <appendix> argL0 ; # java/util/stream/Collectors$$Lambda+0x800000042
instanceKlass  @bci java/util/stream/Collectors toSet ()Ljava/util/stream/Collector; 14 <appendix> argL0 ; # java/util/stream/Collectors$$Lambda+0x800000040
instanceKlass java/util/function/BinaryOperator
instanceKlass  @bci java/util/stream/Collectors toSet ()Ljava/util/stream/Collector; 9 <appendix> argL0 ; # java/util/stream/Collectors$$Lambda+0x800000039
instanceKlass java/util/function/BiConsumer
instanceKlass  @bci java/util/stream/Collectors toSet ()Ljava/util/stream/Collector; 4 <appendix> argL0 ; # java/util/stream/Collectors$$Lambda+0x800000045
instanceKlass java/util/stream/Collector
instanceKlass java/util/Collections$UnmodifiableCollection
instanceKlass java/util/stream/Collectors
instanceKlass  @bci jdk/internal/module/DefaultRoots compute (Ljava/lang/module/ModuleFinder;Ljava/lang/module/ModuleFinder;)Ljava/util/Set; 42 <appendix> argL0 ; # jdk/internal/module/DefaultRoots$$Lambda+0x80000004e
instanceKlass  @bci jdk/internal/module/DefaultRoots compute (Ljava/lang/module/ModuleFinder;Ljava/lang/module/ModuleFinder;)Ljava/util/Set; 32 <appendix> member <vmtarget> ; # jdk/internal/module/DefaultRoots$$Lambda+0x800000052
instanceKlass  @bci jdk/internal/module/DefaultRoots compute (Ljava/lang/module/ModuleFinder;Ljava/lang/module/ModuleFinder;)Ljava/util/Set; 21 <appendix> argL0 ; # jdk/internal/module/DefaultRoots$$Lambda+0x80000004f
instanceKlass  @bci org/eclipse/jdt/internal/compiler/lookup/BoundSet properTypesByInferenceVariable ([Lorg/eclipse/jdt/internal/compiler/lookup/TypeBound;[Lorg/eclipse/jdt/internal/compiler/lookup/TypeBound;)Ljava/util/Map; 6 <appendix> form vmentry <vmtarget> ; # java/lang/invoke/LambdaForm$MH+0x000001c510000800
instanceKlass  @bci jdk/internal/module/DefaultRoots compute (Ljava/lang/module/ModuleFinder;Ljava/lang/module/ModuleFinder;)Ljava/util/Set; 11 <appendix> argL0 ; # jdk/internal/module/DefaultRoots$$Lambda+0x800000050
instanceKlass java/lang/invoke/LambdaProxyClassArchive
instanceKlass java/lang/invoke/InfoFromMemberName
instanceKlass java/lang/invoke/MethodHandleInfo
instanceKlass jdk/internal/org/objectweb/asm/ConstantDynamic
instanceKlass jdk/internal/org/objectweb/asm/Handle
instanceKlass sun/security/action/GetBooleanAction
instanceKlass java/lang/invoke/AbstractValidatingLambdaMetafactory
instanceKlass java/lang/invoke/BootstrapMethodInvoker
instanceKlass java/util/function/Predicate
instanceKlass java/lang/WeakPairMap$Pair$Lookup
instanceKlass java/lang/WeakPairMap$Pair
instanceKlass java/lang/WeakPairMap
instanceKlass java/lang/Module$ReflectionData
instanceKlass java/lang/invoke/LambdaMetafactory
# instanceKlass java/lang/invoke/LambdaForm$MH+0x000001c510000400
instanceKlass java/lang/invoke/MethodHandles$Lookup$ClassDefiner
instanceKlass java/lang/invoke/MethodHandles$Lookup$ClassFile
instanceKlass jdk/internal/org/objectweb/asm/Handler
instanceKlass jdk/internal/org/objectweb/asm/Attribute
instanceKlass jdk/internal/org/objectweb/asm/FieldVisitor
instanceKlass java/util/ArrayList$Itr
instanceKlass sun/invoke/empty/Empty
instanceKlass sun/invoke/util/VerifyType
instanceKlass java/lang/invoke/InvokerBytecodeGenerator$ClassData
instanceKlass jdk/internal/org/objectweb/asm/AnnotationVisitor
instanceKlass jdk/internal/org/objectweb/asm/Frame
instanceKlass jdk/internal/org/objectweb/asm/Label
instanceKlass jdk/internal/org/objectweb/asm/Type
instanceKlass jdk/internal/org/objectweb/asm/MethodVisitor
instanceKlass sun/invoke/util/BytecodeDescriptor
instanceKlass jdk/internal/org/objectweb/asm/ByteVector
instanceKlass jdk/internal/org/objectweb/asm/Symbol
instanceKlass jdk/internal/org/objectweb/asm/SymbolTable
instanceKlass jdk/internal/org/objectweb/asm/ClassVisitor
instanceKlass java/lang/invoke/LambdaFormBuffer
instanceKlass java/lang/invoke/LambdaFormEditor$TransformKey
instanceKlass java/lang/invoke/LambdaFormEditor
instanceKlass java/lang/invoke/Invokers$Holder
instanceKlass java/lang/invoke/DelegatingMethodHandle$Holder
instanceKlass java/lang/invoke/DirectMethodHandle$2
instanceKlass java/lang/invoke/ClassSpecializer$Factory
instanceKlass java/lang/invoke/ClassSpecializer$SpeciesData
instanceKlass java/lang/invoke/ClassSpecializer$1
instanceKlass java/lang/invoke/ClassSpecializer
instanceKlass java/lang/invoke/InvokerBytecodeGenerator$1
instanceKlass java/lang/invoke/InvokerBytecodeGenerator
instanceKlass java/lang/invoke/LambdaForm$Holder
instanceKlass java/lang/invoke/LambdaForm$Name
instanceKlass java/lang/reflect/Array
instanceKlass java/lang/invoke/Invokers
instanceKlass sun/invoke/util/ValueConversions
instanceKlass java/lang/invoke/DirectMethodHandle$Holder
instanceKlass java/lang/Void
instanceKlass sun/invoke/util/Wrapper$Format
instanceKlass java/lang/invoke/MethodHandleImpl$1
instanceKlass jdk/internal/access/JavaLangInvokeAccess
instanceKlass java/lang/invoke/LambdaForm$NamedFunction
instanceKlass java/lang/invoke/MethodHandleImpl
instanceKlass jdk/internal/reflect/MethodHandleAccessorFactory$LazyStaticHolder
instanceKlass java/lang/invoke/MethodTypeForm
instanceKlass jdk/internal/util/StrongReferenceKey
instanceKlass jdk/internal/util/ReferenceKey
instanceKlass jdk/internal/util/ReferencedKeyMap
instanceKlass java/lang/invoke/MethodType$1
instanceKlass sun/reflect/annotation/AnnotationParser
instanceKlass java/lang/Class$3
instanceKlass java/lang/PublicMethods$Key
instanceKlass java/lang/PublicMethods$MethodList
instanceKlass java/util/EnumMap$1
instanceKlass java/util/stream/StreamOpFlag$MaskBuilder
instanceKlass java/util/stream/Stream
instanceKlass java/util/stream/BaseStream
instanceKlass java/util/stream/PipelineHelper
instanceKlass java/util/stream/StreamSupport
instanceKlass java/util/Spliterators$IteratorSpliterator
instanceKlass java/util/Spliterator$OfDouble
instanceKlass java/util/Spliterator$OfLong
instanceKlass java/util/Spliterator$OfInt
instanceKlass java/util/Spliterator$OfPrimitive
instanceKlass java/util/Spliterator
instanceKlass java/util/Spliterators$EmptySpliterator
instanceKlass java/util/Spliterators
instanceKlass jdk/internal/module/DefaultRoots
instanceKlass jdk/internal/loader/BuiltinClassLoader$LoadedModule
instanceKlass jdk/internal/loader/AbstractClassLoaderValue
instanceKlass jdk/internal/module/ServicesCatalog
instanceKlass java/util/Deque
instanceKlass java/util/Queue
instanceKlass sun/net/util/IPAddressUtil$MASKS
instanceKlass sun/net/util/IPAddressUtil
instanceKlass java/net/URLStreamHandler
instanceKlass sun/net/www/ParseUtil
instanceKlass java/net/URL$3
instanceKlass jdk/internal/access/JavaNetURLAccess
instanceKlass java/net/URL$DefaultFactory
instanceKlass java/net/URLStreamHandlerFactory
instanceKlass jdk/internal/loader/URLClassPath
instanceKlass java/security/Principal
instanceKlass java/security/ProtectionDomain$Key
instanceKlass java/security/ProtectionDomain$JavaSecurityAccessImpl
instanceKlass jdk/internal/access/JavaSecurityAccess
instanceKlass java/lang/ClassLoader$ParallelLoaders
instanceKlass java/security/cert/Certificate
instanceKlass jdk/internal/loader/ArchivedClassLoaders
instanceKlass java/util/concurrent/ConcurrentHashMap$CollectionView
instanceKlass jdk/internal/loader/ClassLoaderHelper
instanceKlass jdk/internal/loader/NativeLibraries
instanceKlass java/lang/Module$EnableNativeAccess
instanceKlass jdk/internal/loader/BootLoader
instanceKlass java/util/Optional
instanceKlass jdk/internal/module/SystemModuleFinders$SystemModuleFinder
instanceKlass java/lang/module/ModuleFinder
instanceKlass jdk/internal/module/SystemModuleFinders$3
instanceKlass jdk/internal/module/ModuleHashes$HashSupplier
instanceKlass jdk/internal/module/SystemModuleFinders$2
instanceKlass java/util/function/Supplier
instanceKlass java/lang/module/ModuleReference
instanceKlass jdk/internal/module/ModuleResolution
instanceKlass java/util/Collections$UnmodifiableMap
instanceKlass jdk/internal/module/ModuleHashes$Builder
instanceKlass jdk/internal/module/ModuleHashes
instanceKlass jdk/internal/module/ModuleTarget
instanceKlass java/util/ImmutableCollections$Set12$1
instanceKlass java/lang/reflect/AccessFlag$18
instanceKlass java/lang/reflect/AccessFlag$17
instanceKlass java/lang/reflect/AccessFlag$16
instanceKlass java/lang/reflect/AccessFlag$15
instanceKlass java/lang/reflect/AccessFlag$14
instanceKlass java/lang/reflect/AccessFlag$13
instanceKlass java/lang/reflect/AccessFlag$12
instanceKlass java/lang/reflect/AccessFlag$11
instanceKlass java/lang/reflect/AccessFlag$10
instanceKlass java/lang/reflect/AccessFlag$9
instanceKlass java/lang/reflect/AccessFlag$8
instanceKlass java/lang/reflect/AccessFlag$7
instanceKlass java/lang/reflect/AccessFlag$6
instanceKlass java/lang/reflect/AccessFlag$5
instanceKlass java/lang/reflect/AccessFlag$4
instanceKlass java/lang/reflect/AccessFlag$3
instanceKlass java/lang/reflect/AccessFlag$2
instanceKlass java/lang/reflect/AccessFlag$1
instanceKlass java/lang/module/ModuleDescriptor$Version
instanceKlass java/lang/module/ModuleDescriptor$Provides
instanceKlass java/lang/module/ModuleDescriptor$Opens
instanceKlass java/util/ImmutableCollections$SetN$SetNIterator
instanceKlass java/lang/module/ModuleDescriptor$Exports
instanceKlass java/lang/module/ModuleDescriptor$Requires
instanceKlass jdk/internal/module/Builder
instanceKlass jdk/internal/module/SystemModules$all
instanceKlass jdk/internal/module/SystemModules
instanceKlass jdk/internal/module/SystemModulesMap
instanceKlass java/net/URI$1
instanceKlass jdk/internal/access/JavaNetUriAccess
instanceKlass java/net/URI
instanceKlass jdk/internal/module/SystemModuleFinders
instanceKlass jdk/internal/module/ArchivedModuleGraph
instanceKlass jdk/internal/module/ArchivedBootLayer
instanceKlass jdk/internal/module/ModuleBootstrap$Counters
instanceKlass jdk/internal/module/ModulePatcher
instanceKlass java/io/FileSystem
instanceKlass java/io/DefaultFileSystem
instanceKlass java/io/File
instanceKlass java/lang/module/ModuleDescriptor$1
instanceKlass jdk/internal/access/JavaLangModuleAccess
instanceKlass sun/invoke/util/VerifyAccess
instanceKlass java/util/KeyValueHolder
instanceKlass java/util/ImmutableCollections$MapN$MapNIterator
instanceKlass java/lang/StrictMath
instanceKlass java/lang/invoke/MethodHandles$Lookup
instanceKlass java/lang/invoke/MemberName$Factory
instanceKlass java/lang/invoke/MethodHandles
instanceKlass java/lang/module/ModuleDescriptor
instanceKlass jdk/internal/module/ModuleBootstrap
instanceKlass java/lang/Character$CharacterCache
instanceKlass java/util/HexFormat
instanceKlass jdk/internal/util/ClassFileDumper
instanceKlass sun/security/action/GetPropertyAction
instanceKlass java/lang/invoke/MethodHandleStatics
instanceKlass jdk/internal/misc/Blocker
instanceKlass java/util/concurrent/locks/AbstractQueuedSynchronizer$ConditionObject
instanceKlass java/util/concurrent/locks/Condition
instanceKlass java/util/Collections
instanceKlass java/lang/Thread$ThreadIdentifiers
instanceKlass sun/io/Win32ErrorMode
instanceKlass jdk/internal/misc/OSEnvironment
instanceKlass java/lang/Integer$IntegerCache
instanceKlass jdk/internal/misc/Signal$NativeHandler
instanceKlass java/util/Hashtable$Entry
instanceKlass jdk/internal/misc/Signal
instanceKlass java/lang/Terminator$1
instanceKlass jdk/internal/misc/Signal$Handler
instanceKlass java/lang/Terminator
instanceKlass java/nio/ByteOrder
instanceKlass java/nio/Buffer$2
instanceKlass jdk/internal/access/JavaNioAccess
instanceKlass java/nio/Buffer$1
instanceKlass jdk/internal/misc/ScopedMemoryAccess
instanceKlass java/nio/charset/CodingErrorAction
instanceKlass sun/nio/cs/SingleByte
instanceKlass java/lang/StringUTF16
instanceKlass sun/nio/cs/MS1252$Holder
instanceKlass sun/nio/cs/ArrayEncoder
instanceKlass java/nio/charset/CharsetEncoder
instanceKlass java/io/Writer
instanceKlass java/io/PrintStream$1
instanceKlass jdk/internal/access/JavaIOPrintStreamAccess
instanceKlass jdk/internal/misc/InternalLock
instanceKlass java/io/OutputStream
instanceKlass java/io/Flushable
instanceKlass java/io/FileDescriptor$1
instanceKlass jdk/internal/access/JavaIOFileDescriptorAccess
instanceKlass java/io/FileDescriptor
instanceKlass jdk/internal/util/StaticProperty
instanceKlass jdk/internal/reflect/MethodHandleAccessorFactory
instanceKlass java/lang/reflect/Modifier
instanceKlass java/lang/Class$1
instanceKlass java/lang/Class$Atomic
instanceKlass java/lang/Class$ReflectionData
instanceKlass java/nio/charset/StandardCharsets
instanceKlass sun/nio/cs/HistoricallyNamedCharset
instanceKlass java/nio/charset/spi/CharsetProvider
instanceKlass java/nio/charset/Charset
instanceKlass java/util/HashMap$HashIterator
instanceKlass java/util/concurrent/locks/LockSupport
instanceKlass java/util/concurrent/ConcurrentHashMap$Node
instanceKlass java/util/concurrent/ConcurrentHashMap$CounterCell
instanceKlass java/util/concurrent/locks/ReentrantLock
instanceKlass java/util/concurrent/locks/Lock
instanceKlass java/lang/CharacterData
instanceKlass java/util/Arrays
instanceKlass jdk/internal/util/Preconditions$3
instanceKlass jdk/internal/util/Preconditions$2
instanceKlass jdk/internal/util/Preconditions$4
instanceKlass java/util/function/BiFunction
instanceKlass jdk/internal/util/Preconditions$1
instanceKlass java/util/function/Function
instanceKlass jdk/internal/util/Preconditions
instanceKlass java/lang/Runtime
instanceKlass java/lang/VersionProps
instanceKlass java/lang/StringConcatHelper
instanceKlass java/util/HashMap$Node
instanceKlass java/util/Map$Entry
instanceKlass jdk/internal/util/ArraysSupport
instanceKlass jdk/internal/util/SystemProps$Raw
instanceKlass jdk/internal/util/SystemProps
instanceKlass java/lang/System$2
instanceKlass jdk/internal/access/JavaLangAccess
instanceKlass java/lang/ref/NativeReferenceQueue$Lock
instanceKlass java/lang/ref/ReferenceQueue
instanceKlass java/lang/ref/Reference$1
instanceKlass jdk/internal/access/JavaLangRefAccess
instanceKlass jdk/internal/reflect/ReflectionFactory
instanceKlass java/lang/Math
instanceKlass java/lang/StringLatin1
instanceKlass jdk/internal/reflect/Reflection
instanceKlass jdk/internal/reflect/ReflectionFactory$GetReflectionFactoryAction
instanceKlass java/security/PrivilegedAction
instanceKlass jdk/internal/access/SharedSecrets
instanceKlass java/lang/reflect/ReflectAccess
instanceKlass jdk/internal/access/JavaLangReflectAccess
instanceKlass java/util/ImmutableCollections
instanceKlass java/util/Objects
instanceKlass java/util/Set
instanceKlass jdk/internal/misc/CDS
instanceKlass java/lang/Module$ArchivedData
instanceKlass jdk/internal/misc/VM
instanceKlass java/lang/String$CaseInsensitiveComparator
instanceKlass java/util/Comparator
instanceKlass java/io/ObjectStreamField
instanceKlass jdk/internal/vm/FillerObject
instanceKlass jdk/internal/vm/vector/VectorSupport$VectorPayload
instanceKlass jdk/internal/vm/vector/VectorSupport
instanceKlass java/lang/reflect/RecordComponent
instanceKlass java/util/Iterator
instanceKlass java/lang/Number
instanceKlass java/lang/Character
instanceKlass java/lang/Boolean
instanceKlass java/util/concurrent/locks/AbstractOwnableSynchronizer
instanceKlass java/lang/LiveStackFrame
instanceKlass java/lang/StackFrameInfo
instanceKlass java/lang/StackWalker$StackFrame
instanceKlass java/lang/StackStreamFactory$AbstractStackWalker
instanceKlass java/lang/StackWalker
instanceKlass java/nio/Buffer
instanceKlass java/lang/StackTraceElement
instanceKlass java/util/RandomAccess
instanceKlass java/util/List
instanceKlass java/util/SequencedCollection
instanceKlass java/util/AbstractCollection
instanceKlass java/util/Collection
instanceKlass java/lang/Iterable
instanceKlass java/util/concurrent/ConcurrentMap
instanceKlass java/util/AbstractMap
instanceKlass java/security/CodeSource
instanceKlass jdk/internal/loader/ClassLoaders
instanceKlass java/util/jar/Manifest
instanceKlass java/lang/Enum
instanceKlass java/net/URL
instanceKlass java/io/InputStream
instanceKlass java/io/Closeable
instanceKlass java/lang/AutoCloseable
instanceKlass jdk/internal/module/Modules
instanceKlass jdk/internal/misc/Unsafe
instanceKlass jdk/internal/misc/UnsafeConstants
instanceKlass java/lang/AbstractStringBuilder
instanceKlass java/lang/Appendable
instanceKlass java/lang/AssertionStatusDirectives
instanceKlass jdk/internal/foreign/abi/ABIDescriptor
instanceKlass jdk/internal/foreign/abi/NativeEntryPoint
instanceKlass java/lang/invoke/CallSite
instanceKlass java/lang/invoke/MethodType
instanceKlass java/lang/invoke/TypeDescriptor$OfMethod
instanceKlass java/lang/invoke/LambdaForm
instanceKlass java/lang/invoke/MethodHandleNatives
instanceKlass java/lang/invoke/ResolvedMethodName
instanceKlass java/lang/invoke/MemberName
instanceKlass java/lang/invoke/VarHandle
instanceKlass java/lang/invoke/MethodHandle
instanceKlass jdk/internal/reflect/CallerSensitive
instanceKlass java/lang/annotation/Annotation
instanceKlass jdk/internal/reflect/FieldAccessor
instanceKlass jdk/internal/reflect/ConstantPool
instanceKlass jdk/internal/reflect/ConstructorAccessor
instanceKlass jdk/internal/reflect/MethodAccessor
instanceKlass jdk/internal/reflect/MagicAccessorImpl
instanceKlass jdk/internal/vm/StackChunk
instanceKlass jdk/internal/vm/Continuation
instanceKlass jdk/internal/vm/ContinuationScope
instanceKlass java/lang/reflect/Parameter
instanceKlass java/lang/reflect/Member
instanceKlass java/lang/reflect/AccessibleObject
instanceKlass java/lang/Module
instanceKlass java/util/Map
instanceKlass java/util/Dictionary
instanceKlass java/lang/ThreadGroup
instanceKlass java/lang/Thread$UncaughtExceptionHandler
instanceKlass java/lang/Thread$Constants
instanceKlass java/lang/Thread$FieldHolder
instanceKlass java/lang/Thread
instanceKlass java/lang/Runnable
instanceKlass java/lang/ref/Reference
instanceKlass java/lang/Record
instanceKlass java/security/AccessController
instanceKlass java/security/AccessControlContext
instanceKlass java/security/ProtectionDomain
instanceKlass java/lang/SecurityManager
instanceKlass java/lang/Throwable
instanceKlass java/lang/System
instanceKlass java/lang/ClassLoader
instanceKlass java/lang/Cloneable
instanceKlass java/lang/Class
instanceKlass java/lang/invoke/TypeDescriptor$OfField
instanceKlass java/lang/invoke/TypeDescriptor
instanceKlass java/lang/reflect/Type
instanceKlass java/lang/reflect/GenericDeclaration
instanceKlass java/lang/reflect/AnnotatedElement
instanceKlass java/lang/String
instanceKlass java/lang/constant/ConstantDesc
instanceKlass java/lang/constant/Constable
instanceKlass java/lang/CharSequence
instanceKlass java/lang/Comparable
instanceKlass java/io/Serializable
ciInstanceKlass java/lang/Object 1 1 124 7 1 10 12 1 1 10 7 12 1 1 1 10 7 12 1 1 1 10 12 1 1 8 1 10 12 1 1 10 7 12 1 1 1 10 12 1 10 12 1 1 10 7 12 1 1 1 10 12 1 10 12 1 7 1 10 7 12 1 1 1 10 12 1 1 10 12 1 100 1 8 1 10 12 1 3 8 1 7 1 5 0 1 1 1 1 1 1 1 1 1 1 1 1 1 1 1 1 7 1 1 1 1 1 1 1 1 1 1 7 1 1 1 1 1 1 1 1 1 1 3 1 1
ciMethod java/lang/Object equals (Ljava/lang/Object;)Z 1024 0 9095 0 96
ciMethod java/lang/Object toString ()Ljava/lang/String; 156 0 7409 0 -1
ciMethod java/lang/Object hashCode ()I 256 0 128 0 -1
ciInstanceKlass java/io/Serializable 1 0 7 100 1 100 1 1 1
ciInstanceKlass java/lang/System 1 1 834 10 7 12 1 1 1 9 7 12 1 1 1 10 12 1 10 12 1 1 10 12 1 1 10 12 1 9 12 1 1 10 7 12 1 1 1 11 100 12 1 1 1 10 100 12 1 1 1 10 12 1 1 10 12 1 1 100 1 8 1 10 12 1 10 7 12 1 1 1 10 7 12 1 1 1 18 12 1 1 10 7 12 1 1 1 7 1 10 12 1 1 10 7 12 1 1 1 10 12 1 10 7 12 1 1 1 9 100 12 1 1 1 10 7 12 1 1 1 11 7 12 1 1 1 10 12 1 1 10 7 12 1 1 1 7 1 10 10 12 1 1 8 1 10 12 1 8 1 10 12 1 9 12 1 1 8 1 10 7 12 1 1 1 10 12 1 1 100 1 8 1 10 9 12 1 1 8 1 10 12 1 1 10 100 12 1 1 1 8 1 10 12 1 7 1 10 12 1 8 1 10 12 1 10 12 1 1 100 1 10 12 10 12 1 9 12 1 1 9 12 1 1 10 7 12 1 1 1 10 7 12 1 1 1 10 12 1 1 10 12 1 10 12 1 10 7 12 1 1 1 10 12 1 100 1 100 1 8 1 10 12 1 10 12 1 1 7 1 10 12 1 100 1 8 1 10 10 12 1 100 1 8 1 10 8 1 10 7 12 1 1 8 1 10 12 100 1 8 1 10 10 12 1 1 10 7 12 1 1 1 100 1 18 12 1 100 1 9 100 12 1 1 1 10 12 1 100 1 10 12 1 1 10 12 1 1 10 7 12 1 1 1 10 12 1 1 10 12 1 10 12 1 10 12 1 1 10 12 1 7 1 10 12 1 9 7 12 1 1 1 10 7 12 1 1 1 10 12 1 10 12 1 10 7 12 1 1 1 7 1 8 1 10 9 12 1 9 12 1 10 12 1 10 7 12 1 1 10 12 1 10 12 1 1 8 1 10 12 1 1 8 1 11 12 1 10 12 11 12 1 1 11 7 12 1 1 1 11 7 12 1 1 11 12 1 1 7 1 11 12 1 10 12 1 8 1 10 12 1 1 8 1 8 1 8 1 8 1 11 12 1 10 12 1 10 12 1 10 12 1 8 1 10 12 1 1 8 1 9 12 1 8 1 10 7 12 1 1 8 1 7 1 9 7 12 1 1 1 10 12 1 7 1 9 12 10 9 12 7 1 10 12 9 12 1 1 8 1 10 12 1 1 8 1 10 7 12 1 1 10 12 1 10 12 1 1 11 7 12 1 1 10 12 10 7 12 1 1 1 9 12 1 1 7 1 8 1 10 12 1 1 10 7 12 1 1 1 7 1 10 12 1 1 10 12 1 8 1 8 1 10 8 1 8 1 8 1 8 1 10 10 7 12 1 1 10 12 1 10 12 1 1 10 12 1 1 10 12 1 10 100 12 1 1 1 10 7 1 8 1 10 10 10 12 1 1 10 12 1 1 8 1 10 12 1 8 1 8 1 10 12 1 10 7 12 1 1 1 10 12 1 1 7 1 10 10 12 1 10 12 1 9 12 1 1 3 1 3 1 1 1 1 1 1 1 1 1 1 1 1 100 1 1 100 1 1 1 1 1 1 1 1 1 1 1 100 1 7 1 1 1 1 1 1 1 1 1 1 1 1 1 1 1 1 1 1 1 1 1 1 1 1 1 1 1 1 1 1 1 1 1 1 1 1 1 1 1 1 1 1 1 1 1 1 1 1 1 1 1 1 1 1 1 1 1 1 100 1 1 1 1 1 1 1 1 1 1 1 1 1 1 1 1 1 1 1 1 1 1 1 1 1 1 1 1 1 1 1 1 1 100 1 1 16 15 10 12 1 1 16 15 10 12 16 1 15 10 100 12 1 1 1 1 1 1 1 1 1 100 1 100 1 1
staticfield java/lang/System in Ljava/io/InputStream; java/io/ByteArrayInputStream
staticfield java/lang/System out Ljava/io/PrintStream; java/io/PrintStream
staticfield java/lang/System err Ljava/io/PrintStream; java/io/PrintStream
instanceKlass com/sun/jna/Native$6
instanceKlass org/eclipse/osgi/internal/permadmin/EquinoxSecurityManager
instanceKlass org/eclipse/osgi/internal/loader/BundleLoader$ClassContext
instanceKlass org/eclipse/osgi/internal/framework/ContextFinder$Finder
ciInstanceKlass java/lang/SecurityManager 1 1 576 10 7 12 1 1 1 9 7 12 1 1 1 10 7 12 1 1 1 100 1 8 1 10 12 1 10 12 1 1 10 7 12 1 1 1 10 7 1 10 100 1 10 9 100 12 1 1 1 10 7 12 1 1 1 10 12 1 1 10 7 12 1 1 100 1 8 1 10 9 12 1 1 9 12 1 8 1 9 12 1 7 1 10 8 1 10 12 1 1 10 12 1 10 12 1 1 100 1 10 10 12 1 1 100 1 8 1 10 12 1 8 1 8 1 8 1 8 1 8 1 8 1 10 12 1 8 1 8 1 8 1 8 1 8 1 10 7 12 1 1 1 10 12 1 1 8 1 100 1 8 1 10 8 1 8 1 8 1 8 1 8 1 10 100 12 1 1 8 1 100 1 8 1 8 1 10 8 1 10 12 1 100 1 8 1 10 10 12 1 1 10 12 1 10 12 1 10 12 1 10 7 12 1 1 1 10 12 1 10 7 12 1 1 11 7 12 1 1 1 18 12 1 1 11 7 12 1 1 1 18 12 1 1 11 12 1 1 18 18 11 12 1 18 12 1 11 12 1 1 9 12 1 1 9 12 1 9 12 1 9 12 1 7 1 10 7 12 1 1 10 12 1 10 12 1 18 12 1 18 10 7 12 1 1 1 18 12 1 10 12 1 18 18 8 1 10 12 1 9 12 1 1 11 7 12 1 1 1 8 1 100 1 10 12 1 10 12 1 1 10 12 1 1 9 12 1 1 10 12 1 10 12 1 1 8 1 100 1 10 9 12 1 8 1 10 12 1 8 1 100 1 10 10 7 12 1 1 10 7 1 9 7 12 1 1 1 11 12 1 1 10 12 1 11 12 1 10 12 1 7 1 10 10 12 1 1 10 12 1 1 1 1 1 1 1 1 1 1 1 7 1 1 1 1 1 1 1 1 1 1 1 1 1 1 1 1 1 1 1 1 1 1 1 1 1 1 1 1 1 1 1 1 1 1 1 1 1 1 1 1 1 1 1 1 1 1 1 1 1 1 1 1 1 1 1 1 3 1 1 1 1 1 1 1 1 1 1 100 1 1 1 1 1 1 1 1 1 1 1 1 1 1 1 1 1 1 1 1 1 1 1 1 1 1 1 1 1 1 1 1 1 1 1 1 1 1 16 15 10 7 12 1 1 1 16 1 16 15 10 12 16 1 15 10 12 16 15 11 7 1 16 1 16 1 15 10 12 16 15 10 12 16 15 10 12 1 16 1 15 11 12 1 15 10 12 16 15 10 16 1 15 10 7 12 1 1 1 1 1 1 100 1 100 1 1
staticfield java/lang/SecurityManager packageAccessLock Ljava/lang/Object; java/lang/Object
staticfield java/lang/SecurityManager packageDefinitionLock Ljava/lang/Object; java/lang/Object
staticfield java/lang/SecurityManager nonExportedPkgs Ljava/util/Map; java/util/concurrent/ConcurrentHashMap
ciInstanceKlass java/security/AccessController 1 1 295 10 7 12 1 1 1 10 7 12 1 1 1 10 7 12 1 1 1 10 12 1 1 10 12 1 1 10 7 12 1 1 1 10 12 1 1 10 12 1 10 12 1 1 10 12 1 100 1 8 1 10 12 1 10 12 1 10 12 1 1 10 12 1 7 1 7 1 10 12 1 1 10 12 1 10 12 1 10 12 1 1 10 7 12 1 1 1 10 12 1 1 9 100 12 1 1 1 10 7 12 1 1 1 10 12 1 10 12 1 9 100 12 1 1 1 10 12 1 10 12 1 1 9 12 1 1 10 100 1 10 11 7 12 1 1 1 10 7 12 1 1 11 7 1 100 1 10 12 1 10 12 1 10 12 1 8 1 10 12 1 1 8 1 10 100 12 1 1 1 8 1 7 1 10 10 12 1 1 10 12 1 10 7 12 1 1 1 10 12 1 8 1 10 7 12 1 1 8 1 8 1 10 12 1 8 1 10 12 1 10 12 1 1 10 12 1 1 1 1 1 1 1 1 1 1 1 1 1 1 1 1 1 1 1 1 1 1 1 1 1 1 1 1 100 1 1 1 1 1 1 1 1 1 1 1 1 1 1 1 1 1 1 1 1 1 1 1 1 1 1 1 1 1 1 1 1 1 1 100 1 100 1 1 1 1 1 1 1 1 1 3 1 1 1
staticfield java/security/AccessController $assertionsDisabled Z 1
instanceKlass org/eclipse/osgi/internal/loader/ModuleClassLoader$GenerationProtectionDomain
ciInstanceKlass java/security/ProtectionDomain 1 1 348 10 7 12 1 1 1 9 7 12 1 1 1 7 1 10 9 12 1 1 9 12 1 1 9 12 1 1 10 7 12 1 1 7 1 9 12 1 9 12 1 1 7 1 9 12 1 1 9 12 1 10 100 12 1 1 10 100 12 1 1 1 10 12 1 1 10 12 1 9 12 1 9 100 12 1 1 10 12 1 1 10 100 1 10 12 1 1 8 1 7 1 8 1 10 12 1 10 11 10 7 12 1 1 1 10 12 1 1 8 1 11 8 1 10 12 1 8 1 8 1 10 12 1 1 10 12 1 10 12 1 1 10 12 1 8 1 10 12 1 8 1 8 1 10 7 12 1 1 1 9 100 12 1 1 1 10 12 1 1 9 100 12 1 1 1 10 7 12 1 1 1 100 1 18 12 1 1 10 7 12 1 1 1 10 7 1 10 12 1 10 12 1 1 11 100 12 1 1 11 12 1 100 1 11 7 12 1 1 1 10 12 1 10 11 12 1 1 11 12 1 1 10 12 1 10 7 12 1 1 10 100 12 1 1 11 12 1 10 12 10 12 1 8 1 8 1 10 7 12 1 1 1 7 1 10 10 7 12 1 1 1 1 1 1 1 1 1 1 7 1 1 7 1 1 1 1 1 1 1 1 1 1 1 1 1 1 1 1 1 1 1 1 1 1 1 1 1 1 1 1 1 1 1 1 1 1 1 1 1 1 1 1 1 1 1 1 7 1 1 1 1 1 1 100 1 1 16 15 10 12 16 15 10 100 12 1 1 1 1 1 1 1 100 1 100 1 1
staticfield java/security/ProtectionDomain filePermCompatInPD Z 0
ciInstanceKlass java/security/CodeSource 1 1 398 10 7 12 1 1 1 9 7 12 1 1 1 9 12 1 1 9 12 1 1 9 12 1 1 10 7 12 1 1 1 9 12 1 1 10 7 12 1 1 10 7 10 7 12 1 1 1 10 100 12 1 1 1 10 12 1 1 7 1 10 10 7 12 1 1 1 10 7 12 1 1 1 10 12 1 1 7 1 10 12 1 1 10 12 1 1 10 12 1 1 10 12 1 10 10 10 12 1 1 10 7 12 1 1 1 10 12 1 10 12 1 10 12 1 8 1 10 12 1 10 12 1 10 12 1 1 10 12 1 8 1 10 12 1 1 10 7 1 10 10 12 1 1 8 1 10 12 1 10 12 1 10 12 1 8 1 8 1 9 12 1 1 100 1 8 1 10 12 1 10 12 1 1 8 1 10 12 1 8 1 8 1 8 1 10 100 12 1 1 10 12 1 1 10 12 1 10 12 1 1 10 12 1 1 10 12 1 1 100 1 100 1 10 12 1 10 12 10 12 1 1 10 100 12 1 1 10 12 1 7 1 10 12 10 100 12 1 1 1 10 8 1 10 12 1 10 12 1 10 12 1 1 100 1 10 12 1 1 100 1 7 1 8 1 8 1 10 10 12 1 1 10 100 12 1 1 1 7 1 10 12 10 12 1 1 11 7 12 1 1 10 10 12 1 11 10 12 1 8 1 100 1 10 12 1 10 12 1 1 10 12 1 11 12 1 1 7 1 1 1 1 5 0 1 1 1 1 1 1 1 1 1 1 1 1 1 1 1 1 1 1 1 1 1 1 1 1 1 1 1 1 1 1 1 1 1 1 1 1 1 1 1 1 1 1 1 1 1 1 1 1 1 1 1 1 1 1 1 1 1 1 1 1 1 1 1 1 1 1 100 1 1 1 1 1 1 1
ciInstanceKlass java/lang/Boolean 1 1 152 10 7 12 1 1 1 9 7 12 1 1 1 10 12 1 1 10 12 1 8 1 10 7 12 1 1 9 12 1 1 9 12 1 10 12 1 1 10 12 1 1 10 12 1 1 10 7 12 1 1 1 100 1 100 1 10 12 1 1 9 100 12 1 1 9 12 10 100 12 1 1 1 10 12 1 1 8 1 10 7 12 1 1 1 9 12 1 1 7 1 7 1 7 1 1 1 1 1 1 5 0 1 1 1 1 1 1 1 1 1 1 3 1 1 1 1 1 1 1 1 1 1 1 1 1 1 1 1 1 1 7 1 1 1 1 1 1 1 1 1 1 100 1 1 1 1 1 1 1 1 1
staticfield java/lang/Boolean TRUE Ljava/lang/Boolean; java/lang/Boolean
staticfield java/lang/Boolean FALSE Ljava/lang/Boolean; java/lang/Boolean
staticfield java/lang/Boolean TYPE Ljava/lang/Class; java/lang/Class
ciInstanceKlass java/lang/Comparable 1 0 12 100 1 100 1 1 1 1 1 1 1 1
ciInstanceKlass java/lang/constant/Constable 1 0 11 100 1 100 1 1 1 1 1 1 1
ciInstanceKlass java/util/Map 1 1 263 11 7 12 1 1 1 11 12 1 1 10 7 12 1 1 11 12 1 1 11 7 12 1 1 1 11 7 12 1 1 1 11 12 1 1 7 1 11 12 1 11 12 1 100 1 100 1 10 12 1 1 11 100 12 1 1 1 11 100 12 1 1 1 11 12 1 11 12 1 10 12 1 1 11 12 1 11 7 12 1 9 7 12 1 1 1 7 1 10 12 7 1 7 1 10 12 1 7 1 10 7 1 11 12 1 11 12 1 1 11 12 1 1 7 1 11 12 1 1 1 1 1 1 1 1 1 1 1 1 1 1 1 1 1 1 1 1 1 1 1 1 1 1 1 1 1 1 1 1 1 1 1 1 1 1 1 1 1 1 1 1 1 1 1 1 1 1 1 1 1 1 1 1 1 1 1 1 1 1 1 1 1 1 1 1 1 1 1 1 1 1 1 1 1 1 1 1 1 1 1 1 1 1 1 1 1 1 1 1 1 1 1 1 1 1 1 1 1 1 1 1 1 1 1 1 1 1 1 1 1 1 1 1 1 1 1 1 1 1 1 1 1 1 100 1 1 1 1 1 1 1 1 1 1 1 1 1 1 1 1 1 1
ciInstanceKlass java/lang/Class 1 1 1687 10 7 12 1 1 1 9 7 12 1 1 1 9 12 1 1 10 12 1 1 8 1 10 12 1 8 1 8 1 10 12 1 1 10 7 12 1 1 1 10 12 1 7 1 10 10 12 1 10 12 1 1 10 12 1 1 10 12 1 1 10 7 12 1 1 10 12 1 10 12 1 10 12 1 8 1 10 12 1 8 1 10 12 1 8 1 8 1 10 12 1 1 10 7 12 1 1 1 18 12 1 1 11 7 12 1 1 1 8 1 8 1 8 1 10 7 12 1 1 1 11 12 1 1 8 1 10 12 1 10 11 100 12 1 1 1 11 7 12 1 1 1 11 8 1 18 8 1 10 12 1 10 7 12 1 1 10 12 1 1 10 7 12 1 1 1 10 12 1 1 10 12 1 1 10 7 12 1 1 1 10 12 9 100 12 1 1 1 10 7 12 1 1 1 10 12 1 10 7 12 1 1 1 10 12 1 1 18 12 1 1 10 7 12 1 1 1 10 7 12 1 10 12 1 1 10 7 1 7 1 10 12 1 1 9 12 1 1 7 1 8 1 10 12 1 10 12 1 1 10 12 1 1 10 7 12 1 1 1 7 1 10 12 1 7 1 7 1 10 10 12 1 1 10 12 1 1 100 1 10 7 12 1 1 1 10 12 1 1 10 12 1 1 9 12 1 1 10 12 1 10 12 1 1 9 12 1 1 9 12 1 1 10 12 1 1 10 7 1 10 12 1 10 12 1 10 12 1 1 10 9 12 1 10 12 1 8 1 10 12 1 1 10 12 1 1 10 12 1 10 12 1 1 10 12 1 1 10 12 1 1 9 7 12 1 1 1 10 7 12 1 1 10 12 10 12 1 10 12 1 10 12 1 10 12 1 9 100 12 1 1 1 9 12 1 10 12 1 10 100 12 1 1 1 10 12 1 1 10 100 12 1 1 10 12 1 10 12 1 1 10 100 12 1 1 1 10 12 1 10 12 1 1 10 12 1 10 12 1 10 12 1 1 10 7 1 10 10 10 12 1 1 10 12 1 1 10 12 10 10 12 1 1 7 1 8 1 10 10 12 1 1 10 12 1 100 1 11 12 1 10 100 12 1 1 10 12 1 10 12 1 10 100 12 1 1 10 10 12 1 1 8 1 10 12 1 10 12 1 1 8 1 10 12 1 9 12 1 10 12 1 10 12 1 10 12 1 10 12 7 1 9 12 1 10 12 1 9 12 1 10 12 1 10 12 1 10 12 1 10 10 12 1 10 12 1 10 7 12 1 1 10 12 1 10 12 1 10 12 1 1 10 12 1 10 12 1 10 12 1 100 1 10 12 1 10 12 1 1 10 12 1 1 10 12 1 1 10 12 1 1 10 12 1 1 10 12 1 1 7 1 10 10 12 1 1 10 12 1 1 10 12 1 1 10 10 12 1 10 12 1 1 10 12 1 1 10 12 1 1 10 12 1 1 7 1 10 10 12 11 7 12 1 1 10 12 1 10 12 1 10 7 12 1 1 1 10 12 1 1 10 10 12 1 1 7 1 10 10 12 1 1 10 7 12 1 1 1 100 1 7 1 10 12 1 1 10 12 1 10 10 12 1 1 10 12 1 10 12 1 10 12 1 10 100 12 1 1 1 11 7 12 1 1 10 12 1 10 12 1 9 12 1 10 12 1 1 10 12 1 9 100 12 1 1 1 9 12 1 10 100 12 1 1 1 10 12 1 10 12 1 10 100 12 1 1 1 10 12 1 10 12 10 12 1 1 100 1 10 8 1 10 12 1 11 11 12 1 1 11 7 12 1 1 11 12 1 8 1 10 12 1 10 12 1 1 9 12 1 9 12 1 1 10 7 12 1 1 9 12 1 10 12 1 1 10 10 12 1 10 7 12 1 1 1 10 7 12 1 1 10 7 12 1 1 9 12 1 1 10 12 1 9 12 1 10 12 1 10 12 1 1 9 12 1 1 9 12 1 10 12 1 10 12 1 1 9 12 1 7 1 10 10 12 1 1 7 1 10 12 1 1 7 11 7 1 9 12 1 1 9 12 1 7 1 10 12 1 9 12 1 1 9 12 1 10 12 1 10 12 1 1 9 12 1 7 1 10 10 12 1 1 10 10 12 1 10 12 10 10 12 1 9 12 1 10 12 1 1 10 7 12 1 1 1 10 12 1 1 10 12 1 8 10 7 8 1 18 8 1 8 1 10 12 1 9 12 1 9 12 1 1 10 12 1 7 1 7 1 10 12 1 9 12 1 1 7 1 10 10 12 1 10 7 1 9 12 1 8 1 10 12 1 7 1 10 12 1 10 12 1 1 100 1 7 1 9 12 1 100 1 8 1 10 10 7 12 1 1 1 10 12 11 7 12 1 1 1 10 12 1 10 12 1 1 10 8 1 8 1 10 12 1 1 9 7 12 1 1 11 12 7 1 11 7 12 1 1 9 12 1 10 100 12 1 1 1 10 7 12 1 1 10 12 1 1 9 12 1 9 10 12 1 1 10 12 1 1 10 12 1 1 10 12 1 1 10 12 1 1 11 12 1 100 1 11 12 1 10 100 12 1 1 1 10 12 1 11 12 1 10 100 12 1 1 1 10 12 1 10 100 12 1 1 1 11 12 1 11 12 1 1 10 12 1 10 12 1 1 9 12 1 1 9 100 12 1 1 10 12 1 10 100 12 1 1 1 10 12 1 1 10 12 1 10 12 1 10 12 1 10 7 12 1 1 1 10 12 1 8 1 10 12 1 10 12 1 10 12 1 100 1 10 12 10 100 12 1 1 1 11 100 12 1 1 1 10 12 1 1 10 12 1 18 12 1 1 11 12 1 1 18 11 12 1 18 12 1 11 12 1 10 12 1 1 10 12 1 10 12 1 10 12 1 10 12 1 10 12 10 12 1 8 1 10 12 1 7 1 9 12 1 1 7 1 7 1 7 1 7 1 1 1 3 1 3 1 3 1 1 1 1 1 1 1 5 0 1 1 1 1 1 1 1 1 1 1 1 1 1 1 1 1 1 1 1 1 1 1 1 1 100 1 1 1 1 1 1 1 100 1 1 1 1 1 7 1 1 1 1 1 1 1 1 1 1 1 1 1 1 1 1 1 1 1 1 1 1 1 1 1 1 1 1 1 1 1 1 1 1 1 1 1 1 1 1 1 1 100 1 1 1 1 1 1 1 1 1 1 1 1 1 1 1 1 1 1 1 1 1 1 1 1 1 1 1 1 1 1 1 100 1 1 1 1 1 1 1 1 1 1 1 1 1 1 1 1 1 1 1 1 3 1 1 1 1 1 1 1 1 1 1 1 1 1 1 1 1 1 1 1 1 1 1 1 1 1 1 1 1 1 1 1 1 1 1 1 7 1 7 1 1 1 1 1 1 1 7 1 1 1 1 1 1 1 1 1 1 1 1 1 1 1 1 1 1 1 1 1 1 1 1 1 1 1 1 1 1 1 1 1 1 1 1 1 1 1 1 1 1 1 1 1 1 1 1 1 1 1 1 1 1 1 1 1 1 1 1 1 1 1 1 1 1 1 1 1 1 1 1 1 1 1 1 1 1 1 1 1 1 1 1 1 1 1 1 1 1 1 1 1 1 1 1 1 1 1 1 1 1 1 1 1 1 1 1 1 1 1 1 1 1 1 1 1 1 1 1 1 1 1 1 16 15 10 12 16 15 11 12 16 1 16 15 16 15 10 12 16 16 15 10 12 16 15 16 1 15 10 12 16 15 10 7 12 1 1 1 1 1 1 1 1 1 1 1 1 1 7 1 1 100 1 100 1 1 100 1 100 1 1 100 1 100 1 1
staticfield java/lang/Class EMPTY_CLASS_ARRAY [Ljava/lang/Class; 0 [Ljava/lang/Class;
staticfield java/lang/Class serialPersistentFields [Ljava/io/ObjectStreamField; 0 [Ljava/io/ObjectStreamField;
ciInstanceKlass java/lang/reflect/AnnotatedElement 1 1 164 11 7 12 1 1 1 11 12 1 1 7 1 10 100 12 1 1 1 10 12 1 1 10 12 1 1 10 12 1 10 100 12 1 1 1 11 12 1 1 11 7 12 1 1 10 7 12 1 1 1 10 12 1 10 100 12 1 1 1 18 12 1 1 11 100 12 1 1 18 12 1 18 12 1 1 10 100 12 1 1 1 11 100 12 1 1 1 7 1 10 100 12 1 1 1 1 1 1 1 1 1 1 1 1 1 1 1 1 1 1 1 1 1 1 1 1 1 100 1 1 1 1 1 1 1 1 1 1 1 16 15 16 1 16 1 15 11 12 16 16 1 15 10 100 12 1 1 1 16 1 15 10 100 12 1 1 1 1 100 1 100 1 1
ciInstanceKlass java/lang/invoke/TypeDescriptor 1 0 17 100 1 100 1 1 1 1 1 1 100 1 100 1 1 1 1
ciInstanceKlass java/lang/reflect/GenericDeclaration 1 0 30 7 1 7 1 7 1 1 1 1 1 1 1 1 100 1 8 1 1 12 10 1 1 1 8 1 1 1 8 1
ciInstanceKlass java/lang/reflect/Type 1 1 17 11 100 12 1 1 1 100 1 1 1 1 1 1 1 1 1
ciInstanceKlass java/lang/invoke/TypeDescriptor$OfField 1 0 21 100 1 100 1 100 1 1 1 1 1 1 1 1 1 1 1 1 1 1 1
ciInstanceKlass java/lang/StringBuilder 1 1 422 10 7 12 1 1 1 10 12 1 10 12 1 10 12 1 1 10 7 12 1 1 1 10 7 12 1 1 1 10 12 1 10 12 1 10 12 1 10 12 1 10 12 1 10 12 1 10 12 1 10 12 1 10 12 1 10 12 1 10 12 1 10 12 1 10 12 1 10 12 1 1 10 12 1 10 12 1 1 10 12 1 1 10 12 1 10 12 1 10 12 1 10 12 1 10 12 1 10 12 1 10 12 1 10 12 10 12 1 10 12 1 10 12 1 10 12 1 1 10 12 1 10 12 1 10 12 10 12 1 1 10 12 1 10 12 1 10 12 1 10 100 12 1 1 1 9 12 1 1 10 12 1 10 12 1 1 10 12 1 1 9 12 1 1 10 100 12 1 1 1 10 100 1 10 12 1 1 10 100 12 1 1 10 12 1 10 12 1 1 100 1 100 1 8 1 10 10 12 1 1 10 12 1 10 12 1 10 12 1 1 10 12 1 10 12 1 10 12 1 10 12 1 10 12 1 10 12 10 12 1 10 12 1 10 12 1 10 12 1 10 12 1 10 12 1 10 12 1 10 12 1 10 12 1 1 10 12 1 1 10 12 1 10 12 1 10 12 1 10 12 10 12 10 12 1 10 12 1 10 12 1 10 12 10 12 1 10 12 1 10 12 1 10 12 1 10 12 1 10 12 1 10 12 1 10 12 1 10 12 1 1 10 12 1 10 12 1 1 10 12 1 10 12 1 1 10 12 1 10 12 1 1 10 12 1 10 12 1 10 12 1 10 10 12 1 10 12 1 7 1 7 1 7 1 7 1 1 1 1 5 0 1 1 1 1 1 1 1 1 1 1 1 1 1 1 1 1 1 1 1 1 1 1 1 1 1 1 1 1 1 1 1 1 1 1 1 1 1 1 1 1 1 1 1 1 100 1 1 1 7 1 1 1 1 1 1 1 1 1 1 1
instanceKlass java/lang/StringBuilder
instanceKlass java/lang/StringBuffer
ciInstanceKlass java/lang/AbstractStringBuilder 1 1 607 7 1 10 7 12 1 1 1 9 7 12 1 1 1 9 12 1 9 12 1 1 9 12 1 1 10 7 12 1 1 1 10 12 1 1 7 1 3 3 10 12 1 10 12 1 1 11 7 1 100 1 7 1 10 8 1 10 12 1 10 12 1 10 12 1 1 10 12 1 10 12 1 9 12 1 10 12 1 9 12 1 1 10 12 1 1 10 7 12 1 1 1 10 10 12 1 10 12 1 10 12 1 1 10 12 1 1 10 7 12 1 1 1 10 7 12 1 1 1 7 1 8 1 10 10 12 1 1 100 1 10 12 10 12 1 1 10 10 12 1 1 10 12 1 1 10 12 1 1 10 12 1 1 10 10 7 12 1 1 1 10 12 1 100 1 10 10 7 12 1 1 1 9 12 1 1 9 12 1 10 12 1 1 10 10 12 1 1 10 12 10 12 1 10 12 1 1 10 12 1 1 10 12 1 1 10 12 1 10 12 1 1 10 12 1 1 10 12 1 10 12 1 1 8 1 10 12 1 1 10 12 1 10 12 1 10 12 1 10 12 1 10 12 1 10 12 1 10 7 12 1 1 10 12 1 10 12 1 10 100 12 1 1 1 100 1 100 1 10 12 1 10 100 12 1 1 10 12 1 10 12 1 1 10 12 1 10 12 1 1 10 12 1 10 12 1 1 10 12 1 1 10 10 7 12 1 1 1 10 12 1 10 12 1 10 12 1 1 10 12 1 10 12 1 10 12 1 10 12 1 10 12 1 10 12 1 10 12 1 10 12 1 1 10 12 1 10 12 1 10 12 10 12 1 1 18 12 1 1 100 1 10 100 12 1 1 1 18 10 12 1 1 10 12 1 1 10 12 1 10 12 1 1 11 12 1 1 10 12 1 10 12 1 10 12 10 10 10 12 1 10 5 0 10 10 12 1 1 100 1 8 1 10 10 12 1 1 10 100 12 1 1 1 10 12 1 10 12 1 1 100 1 10 12 100 1 10 100 1 10 7 1 1 1 1 1 1 1 1 1 1 1 100 1 1 1 1 1 1 1 1 1 1 1 1 1 1 1 1 1 1 1 1 1 1 1 1 1 1 1 1 1 1 1 1 1 1 1 1 1 1 1 1 1 1 1 1 1 1 1 1 1 1 1 1 1 1 1 1 1 1 1 1 1 1 1 1 1 1 1 1 1 1 1 1 1 1 1 1 1 1 1 1 1 1 1 1 1 1 1 1 1 1 1 1 1 1 1 1 1 1 1 1 100 1 1 1 1 1 1 1 1 1 1 1 1 1 1 1 1 1 100 1 1 1 1 1 1 7 1 1 16 1 15 10 12 16 15 10 12 15 10 100 12 1 1 1 1 1 1 1 100 1 100 1 1
staticfield java/lang/AbstractStringBuilder EMPTYVALUE [B 0
ciInstanceKlass java/lang/Appendable 1 0 14 100 1 100 1 1 1 1 100 1 1 1 1 1
ciInstanceKlass java/lang/CharSequence 1 1 131 11 7 12 1 1 1 18 12 1 1 100 1 10 100 12 1 1 1 18 10 100 12 1 1 1 11 12 1 1 11 7 1 11 12 1 1 10 100 12 1 1 1 11 12 1 1 100 1 10 12 1 1 10 100 12 1 1 1 100 1 10 10 12 1 1 7 1 1 1 1 1 1 1 1 1 1 1 1 1 1 1 1 1 1 1 1 1 1 1 1 1 1 1 1 1 1 1 1 1 16 1 15 11 12 16 15 11 12 15 10 100 12 1 1 1 1 1 100 1 100 1 1 100 1 1 100 1 100 1 1
ciInstanceKlass java/lang/AutoCloseable 1 0 12 100 1 100 1 1 1 1 100 1 1 1
ciInstanceKlass java/io/Closeable 1 0 14 100 1 100 1 100 1 1 1 1 100 1 1 1
instanceKlass org/eclipse/jdt/core/util/ClassFormatException
instanceKlass org/eclipse/jdt/internal/compiler/lookup/InferenceFailureException
instanceKlass lombok/eclipse/agent/PatchDelegate$CantMakeDelegates
instanceKlass org/eclipse/jface/text/BadPartitioningException
instanceKlass org/eclipse/jface/text/BadPositionCategoryException
instanceKlass java/text/ParseException
instanceKlass org/eclipse/equinox/security/storage/StorageException
instanceKlass javax/xml/transform/TransformerException
instanceKlass org/eclipse/jface/text/templates/TemplateException
instanceKlass sun/nio/fs/WindowsException
instanceKlass lombok/eclipse/agent/PatchDelegate$CantMakeDelegates
instanceKlass org/eclipse/jface/text/BadLocationException
instanceKlass org/eclipse/jdt/core/compiler/InvalidInputException
instanceKlass org/eclipse/jdt/internal/compiler/classfmt/ClassFormatException
instanceKlass java/util/concurrent/ExecutionException
instanceKlass java/util/concurrent/TimeoutException
instanceKlass org/osgi/service/application/ApplicationException
instanceKlass java/lang/CloneNotSupportedException
instanceKlass org/eclipse/core/runtime/CoreException
instanceKlass org/osgi/service/prefs/BackingStoreException
instanceKlass org/apache/felix/scr/impl/inject/methods/SuitableMethodNotAccessibleException
instanceKlass org/xml/sax/SAXException
instanceKlass javax/xml/parsers/ParserConfigurationException
instanceKlass org/osgi/service/resolver/ResolutionException
instanceKlass java/security/GeneralSecurityException
instanceKlass org/eclipse/osgi/container/ModuleContainer$ResolutionLockException
instanceKlass java/security/PrivilegedActionException
instanceKlass java/lang/InterruptedException
instanceKlass org/osgi/framework/InvalidSyntaxException
instanceKlass org/osgi/framework/BundleException
instanceKlass java/net/URISyntaxException
instanceKlass java/lang/instrument/UnmodifiableClassException
instanceKlass java/io/IOException
instanceKlass java/lang/ReflectiveOperationException
instanceKlass java/lang/RuntimeException
ciInstanceKlass java/lang/Exception 1 1 40 10 7 12 1 1 1 10 12 1 10 12 1 10 12 1 10 12 1 100 1 1 1 1 5 0 1 1 1 1 1 1 1 1 1 1 1 1 1 1
instanceKlass lombok/eclipse/agent/PatchDelegate$DelegateRecursion
instanceKlass lombok/eclipse/agent/PatchDelegate$DelegateRecursion
instanceKlass java/lang/Exception
instanceKlass java/lang/Error
ciInstanceKlass java/lang/Throwable 1 1 404 10 7 12 1 1 1 9 7 12 1 1 1 9 12 1 1 9 12 1 9 12 1 1 9 12 1 10 12 1 1 9 12 1 1 10 12 1 1 10 12 1 100 1 7 1 10 8 1 10 12 1 1 8 1 10 100 12 1 1 10 10 12 1 100 1 8 1 10 10 12 1 1 10 7 12 1 1 10 12 1 8 1 9 7 12 1 1 1 10 12 1 1 100 1 10 12 10 12 1 10 100 12 1 1 1 100 1 10 12 10 12 1 10 12 1 100 1 10 10 7 12 1 1 1 11 100 12 1 1 1 10 12 1 1 10 12 1 1 8 1 10 12 1 10 12 1 1 8 1 8 1 10 12 1 1 10 12 1 8 1 8 1 9 12 1 1 10 12 1 1 100 1 10 11 12 1 8 1 8 1 10 7 12 1 1 8 1 10 12 1 8 1 100 1 10 12 1 9 12 1 1 10 12 1 10 7 12 1 9 12 1 1 10 12 1 1 100 1 8 1 10 12 1 10 100 12 1 1 10 12 1 1 7 1 10 100 12 1 1 1 10 12 1 11 7 12 1 1 1 11 7 12 1 1 11 12 1 8 1 10 12 1 1 8 1 10 10 9 100 12 1 1 1 8 1 10 12 1 1 11 10 100 1 8 1 10 11 12 1 1 8 1 9 12 1 10 100 12 1 1 11 9 12 1 1 11 12 1 1 100 10 12 1 10 12 1 1 7 1 1 1 1 5 0 1 1 1 1 1 1 1 1 1 1 1 1 1 7 1 1 1 1 1 1 1 1 1 1 1 1 1 1 1 1 1 1 1 1 1 1 1 1 1 1 1 1 1 1 1 1 1 1 1 1 1 1 1 1 1 1 1 1 100 1 7 1 1 1 1 1 1 1 1 1 1 1 1 1 1 1 1 1 1
staticfield java/lang/Throwable UNASSIGNED_STACK [Ljava/lang/StackTraceElement; 0 [Ljava/lang/StackTraceElement;
staticfield java/lang/Throwable SUPPRESSED_SENTINEL Ljava/util/List; java/util/Collections$EmptyList
staticfield java/lang/Throwable EMPTY_THROWABLE_ARRAY [Ljava/lang/Throwable; 0 [Ljava/lang/Throwable;
staticfield java/lang/Throwable $assertionsDisabled Z 1
ciMethod java/lang/Throwable getLocalizedMessage ()Ljava/lang/String; 6 0 3 0 -1
instanceKlass org/eclipse/jdt/internal/compiler/util/Messages$MessagesProperties
instanceKlass org/eclipse/core/internal/resources/SaveManager$MasterTable
instanceKlass org/eclipse/osgi/util/NLS$MessagesProperties
instanceKlass org/eclipse/core/internal/preferences/SortedProperties
instanceKlass java/security/Provider
ciInstanceKlass java/util/Properties 1 1 690 10 7 12 1 1 1 100 1 10 7 12 1 1 7 1 10 12 1 9 12 1 1 9 12 1 1 9 12 1 1 10 7 12 1 1 1 10 12 1 1 8 1 10 7 12 1 1 1 7 1 10 12 1 10 12 1 1 8 1 10 12 1 7 1 10 12 10 12 1 1 9 12 1 1 10 12 1 1 7 1 10 12 1 10 12 1 10 12 1 1 100 1 8 1 10 12 1 10 12 1 10 12 1 1 10 12 1 7 1 3 10 10 7 12 1 1 1 10 12 1 10 12 1 1 8 1 10 12 1 10 12 1 1 8 1 10 7 12 1 1 10 12 1 1 10 12 1 10 12 1 1 100 1 10 12 1 10 12 1 1 7 1 9 7 12 1 1 1 10 12 1 10 12 1 1 10 12 1 1 10 12 1 1 7 1 9 12 1 1 7 1 7 1 10 12 1 7 1 11 7 12 1 1 1 11 12 1 1 11 7 12 1 1 1 11 7 12 1 1 1 11 12 1 1 11 12 1 11 12 1 10 12 1 1 8 1 10 12 1 10 7 12 1 1 10 12 1 7 1 10 10 12 1 10 12 1 100 1 10 10 12 1 1 10 7 12 1 1 9 100 12 1 1 10 12 1 1 10 100 12 1 1 1 100 1 100 1 100 1 10 8 1 8 1 10 12 1 10 12 1 10 12 1 1 10 10 12 1 1 10 12 1 1 7 1 10 10 12 1 11 7 12 1 1 10 7 12 1 1 1 8 1 10 100 12 1 1 11 11 7 1 8 1 10 100 1 11 10 12 1 10 10 12 1 10 12 1 1 10 12 1 1 10 12 1 1 10 12 1 10 12 1 10 10 12 1 10 12 1 10 12 1 10 10 12 1 1 10 12 1 1 10 10 12 1 10 12 1 10 12 1 10 12 1 10 12 1 1 10 12 1 1 10 12 1 10 12 1 10 12 1 1 10 12 10 12 1 1 10 12 1 1 10 12 1 10 12 1 1 10 12 1 1 10 12 10 11 12 1 4 11 10 12 1 1 10 100 12 1 1 11 12 1 10 12 1 1 10 100 12 1 1 10 12 1 100 1 8 1 10 12 1 10 10 100 12 1 1 1 100 1 6 0 10 12 1 1 11 100 12 1 1 1 10 12 1 10 12 1 1 1 1 1 5 0 1 1 1 1 1 1 1 1 1 1 1 1 1 1 1 1 1 1 1 1 1 1 1 1 1 1 1 1 1 1 1 1 1 1 1 1 1 1 1 100 1 1 1 1 1 1 1 1 1 1 1 1 1 1 1 1 1 1 1 1 100 1 1 1 1 1 1 1 1 1 1 1 1 7 1 7 1 1 1 1 1 100 1 1 1 1 1 1 1 1 1 1 1 1 1 1 1 1 1 1 1 1 1 1 1 1 1 1 1 1 1 1 1 1 1 1 1 1 1 1 1 1 1 1 1 1 1 1 1 1 1 1 1 1 1 1 1 1 1 1 1 1 1 1 1 1 1 1 1 1 1 1 1 1 1 1 1 1 1 7 1 1 1 1 1 1 1 1 1 1 1 100 1 1
staticfield java/util/Properties UNSAFE Ljdk/internal/misc/Unsafe; jdk/internal/misc/Unsafe
instanceKlass org/apache/felix/scr/impl/helper/ReadOnlyDictionary
instanceKlass org/osgi/framework/FrameworkUtil$MapAsDictionary
instanceKlass org/eclipse/osgi/framework/util/CaseInsensitiveDictionaryMap$UnmodifiableDictionary
instanceKlass org/eclipse/osgi/framework/util/CaseInsensitiveDictionaryMap
instanceKlass org/eclipse/osgi/internal/framework/EquinoxBundle$SystemBundle$SystemBundleHeaders
instanceKlass org/eclipse/osgi/storage/BundleInfo$CachedManifest
instanceKlass java/util/Hashtable
ciInstanceKlass java/util/Dictionary 1 1 36 10 7 12 1 1 1 100 1 1 1 1 1 1 1 1 1 1 1 1 1 1 1 1 1 1 1 1 1 1 1 1 1 1 1 1
instanceKlass java/util/Properties
ciInstanceKlass java/util/Hashtable 1 1 516 7 1 10 7 12 1 1 1 9 7 12 1 1 1 100 1 7 1 10 8 1 10 12 1 1 10 12 1 10 12 1 1 10 12 1 10 7 12 1 1 1 8 1 10 12 1 9 12 1 1 7 1 9 12 1 1 4 10 7 12 1 1 1 9 12 1 4 10 12 1 11 7 12 1 1 1 10 12 1 1 10 12 1 1 9 12 1 10 12 1 1 100 1 10 9 12 1 1 10 7 12 1 1 1 9 12 1 1 10 12 1 10 12 1 3 9 12 1 9 12 1 3 10 12 1 10 12 1 10 12 1 1 11 12 1 1 11 7 12 1 1 1 11 7 12 1 1 1 11 12 1 7 1 11 12 1 11 12 1 10 12 1 1 10 12 1 1 10 12 1 9 12 1 1 9 12 9 12 1 1 10 100 1 7 1 10 12 1 10 8 1 10 10 12 1 8 1 10 8 1 10 7 12 1 1 1 7 1 10 12 1 10 12 1 100 1 10 12 1 10 12 1 1 7 1 10 7 1 10 10 12 1 1 11 12 1 1 11 12 1 7 1 10 10 10 100 12 1 1 11 100 12 1 1 1 100 1 10 11 100 12 1 1 11 100 12 1 10 12 1 10 12 1 1 10 100 12 1 1 10 12 1 1 10 12 1 1 10 12 1 1 10 100 12 1 1 1 8 10 100 12 1 1 100 1 8 1 10 4 4 10 12 1 1 10 12 1 8 1 4 10 12 10 100 12 1 1 1 100 1 11 100 12 1 1 1 10 100 12 1 1 1 10 12 1 10 12 1 1 10 7 1 7 1 1 1 1 1 1 5 0 1 1 1 1 1 3 1 3 1 3 1 1 1 1 1 1 1 1 1 1 1 1 1 1 1 1 1 1 1 1 1 1 1 1 1 100 1 1 1 1 1 1 1 1 1 1 1 1 1 1 1 1 1 1 1 1 1 1 1 1 1 1 1 1 1 7 1 1 1 1 1 1 1 1 1 1 1 1 1 1 7 1 1 1 1 1 1 1 1 1 1 1 1 1 1 1 1 1 1 1 1 1 1 1 1 1 1 1 1 1 1 1 1 1 1 1 1 1 1 1 1 1 1 1 1 100 1 1 1 7 1 1 1 1 1 7 1 1 1 1 1 1 1 1 1 1 1 1 1 1 1 1 1 1
ciInstanceKlass java/lang/String 1 1 1451 10 7 12 1 1 1 8 1 9 7 12 1 1 1 9 12 1 1 9 12 1 1 9 12 1 1 10 12 1 10 12 1 1 10 12 1 1 9 12 1 10 7 12 1 1 1 10 12 1 1 10 12 1 10 7 12 1 1 1 10 12 1 1 10 12 1 1 10 12 1 10 12 1 1 10 12 1 10 7 12 1 1 1 7 1 9 7 12 1 1 1 10 7 12 1 1 1 10 12 1 1 10 12 1 1 10 7 12 1 1 1 10 12 1 1 9 7 12 1 1 10 12 9 7 12 1 1 10 12 1 1 3 10 12 1 1 7 1 11 12 1 1 11 12 1 11 12 1 1 10 100 12 1 1 1 10 12 1 1 9 100 12 1 1 1 10 12 1 1 10 12 1 11 12 1 1 10 12 1 10 12 10 12 1 1 10 7 12 1 1 1 10 7 12 1 1 1 10 12 1 1 100 1 7 1 10 12 1 10 12 1 10 12 1 1 10 12 1 1 100 1 10 12 1 1 100 1 10 12 1 1 10 12 1 1 10 12 1 10 10 12 1 100 1 100 1 100 1 10 12 1 10 12 1 1 10 12 1 1 10 12 1 10 12 1 1 10 12 1 1 10 100 12 1 1 100 1 11 10 7 12 1 1 11 12 1 11 12 1 10 12 1 1 10 12 1 10 12 10 12 1 1 10 10 100 12 1 1 1 10 100 12 1 1 10 12 1 1 10 100 12 1 1 10 12 1 10 12 1 1 10 12 1 1 10 12 1 10 12 1 10 12 1 1 100 1 10 12 1 1 10 12 10 12 1 10 12 1 1 10 12 1 1 10 7 12 1 1 1 10 12 1 10 12 1 1 10 12 1 10 12 1 3 3 10 12 1 1 10 12 1 10 12 1 1 10 12 1 1 10 12 1 1 10 12 1 10 12 1 1 10 12 1 1 10 12 1 10 12 1 10 12 1 10 12 1 1 10 12 1 10 12 1 10 12 1 10 12 1 10 12 1 10 12 1 10 7 1 10 8 1 10 12 1 1 10 12 1 8 1 10 12 1 1 10 12 10 12 1 8 1 10 10 12 1 1 10 12 1 1 10 12 1 1 10 7 1 10 10 12 1 10 12 1 10 12 1 10 10 12 1 10 12 1 10 12 1 10 12 1 10 12 1 10 12 1 10 12 1 1 10 12 1 1 10 12 1 1 10 10 12 1 1 10 10 12 1 100 1 10 10 12 1 1 10 12 1 1 10 7 1 10 12 1 10 12 1 10 7 12 1 1 1 10 12 1 10 12 1 1 10 12 1 11 7 1 11 12 10 12 1 10 12 1 1 10 12 1 1 10 10 12 1 10 12 1 9 12 1 1 11 7 12 1 1 1 10 12 10 10 12 1 10 12 1 1 10 10 12 1 10 12 1 10 12 1 1 10 12 1 1 10 10 12 1 1 10 12 1 10 10 12 1 10 12 10 10 12 10 10 12 1 10 12 1 10 10 12 10 7 12 1 1 1 10 12 10 10 12 10 12 1 10 12 10 12 10 10 12 1 10 12 1 1 10 12 1 1 10 10 12 1 10 7 12 1 1 1 10 12 1 1 10 10 7 12 1 1 1 11 10 12 1 10 12 1 1 10 12 1 1 10 7 12 1 1 1 10 12 1 10 12 1 10 12 1 10 12 1 10 12 1 10 12 1 100 1 7 1 8 1 10 10 10 12 1 10 12 1 1 8 1 10 12 1 3 3 10 12 1 10 12 1 1 10 12 7 1 10 10 12 1 1 10 12 1 10 12 1 10 12 1 1 10 12 1 1 11 7 12 1 1 1 7 1 10 12 1 10 12 1 1 8 1 10 12 1 1 10 12 1 11 7 12 1 1 1 11 7 12 1 1 11 12 1 10 12 1 10 12 1 1 10 10 7 12 1 1 1 10 12 1 10 12 1 10 10 12 10 12 1 1 10 10 12 1 10 10 12 1 10 10 12 1 10 10 12 1 10 12 1 1 10 10 12 1 8 1 10 12 1 1 18 12 1 1 11 7 12 1 1 1 7 1 3 18 12 1 18 12 1 8 1 10 7 12 1 1 1 11 12 1 1 10 12 10 10 12 1 10 11 12 1 1 10 12 1 1 11 12 1 18 3 11 10 12 1 11 11 10 12 1 10 12 1 1 8 1 10 12 1 10 12 1 10 12 1 1 10 10 12 1 11 100 12 1 100 1 100 1 10 12 100 1 10 10 100 12 1 1 1 100 1 10 7 1 10 10 12 1 10 10 12 1 8 1 10 10 12 1 8 1 8 1 10 12 1 10 12 1 10 10 12 10 7 12 1 1 10 7 12 1 1 10 7 12 1 1 8 1 10 12 1 10 12 1 10 9 12 1 10 12 9 7 12 1 1 1 10 12 1 10 12 1 10 12 1 10 12 10 12 1 10 12 1 8 1 10 100 12 1 1 1 10 12 10 12 1 1 10 12 10 10 12 10 12 7 1 9 12 1 1 7 1 10 7 1 7 1 7 1 7 1 1 1 1 1 1 5 0 1 1 1 1 1 3 1 3 1 1 1 1 1 1 1 1 1 1 1 1 1 1 1 100 1 1 1 1 1 1 1 1 1 1 1 1 1 1 1 1 1 1 1 1 1 1 1 1 1 1 1 1 1 1 1 100 1 1 1 1 1 1 1 1 1 1 1 1 7 1 1 1 1 1 1 1 1 1 1 1 1 1 1 1 1 1 1 1 1 1 1 1 1 1 1 1 1 1 1 1 1 1 1 1 1 1 1 1 1 1 1 1 1 1 1 1 1 1 1 1 1 1 1 1 1 1 1 1 1 1 1 1 1 1 1 1 1 1 1 1 1 1 1 1 1 1 1 1 1 1 1 1 1 1 1 1 1 1 1 1 1 1 1 1 1 1 1 1 1 1 1 1 1 1 1 1 1 1 1 1 1 1 1 1 1 1 1 1 1 1 1 1 1 1 1 1 1 1 1 1 1 1 1 1 1 1 1 1 1 1 1 1 1 1 1 1 1 1 1 1 1 1 1 1 1 1 1 1 1 1 1 1 1 1 1 1 1 1 1 1 1 1 1 100 1 1 1 1 1 1 1 1 1 1 1 1 1 1 1 1 1 1 1 1 1 1 1 100 1 1 1 1 1 1 1 1 1 1 1 1 1 1 1 7 1 1 1 1 1 1 1 1 1 1 1 1 1 1 1 16 15 10 12 16 15 10 12 15 10 12 15 10 12 15 10 7 12 1 1 1 1 1 1 1 100 1 100 1 1 1
staticfield java/lang/String COMPACT_STRINGS Z 1
staticfield java/lang/String serialPersistentFields [Ljava/io/ObjectStreamField; 0 [Ljava/io/ObjectStreamField;
staticfield java/lang/String CASE_INSENSITIVE_ORDER Ljava/util/Comparator; java/lang/String$CaseInsensitiveComparator
ciMethod java/lang/String equals (Ljava/lang/Object;)Z 774 0 8108 0 416
ciMethod java/lang/String hashCode ()I 844 0 7228 0 176
ciMethod java/lang/String length ()I 550 0 1713727 0 -1
ciMethod java/lang/String isEmpty ()Z 512 0 117567 0 -1
ciInstanceKlass java/lang/constant/ConstantDesc 1 0 37 100 1 100 1 1 1 1 100 1 1 1 1 100 1 100 1 100 1 100 1 100 1 100 1 100 1 100 1 100 1 1 100 1 100 1 1
ciInstanceKlass java/lang/InternalError 1 1 34 10 7 12 1 1 1 10 12 1 10 12 1 10 12 1 100 1 1 1 1 5 0 1 1 1 1 1 1 1 1 1 1 1
instanceKlass java/io/IOError
instanceKlass javax/xml/parsers/FactoryConfigurationError
instanceKlass java/lang/ThreadDeath
instanceKlass java/lang/AssertionError
instanceKlass java/lang/VirtualMachineError
instanceKlass java/lang/LinkageError
ciInstanceKlass java/lang/Error 1 1 40 10 7 12 1 1 1 10 12 1 10 12 1 10 12 1 10 12 1 100 1 1 1 1 5 0 1 1 1 1 1 1 1 1 1 1 1 1 1 1
instanceKlass java/lang/StackOverflowError
instanceKlass java/lang/OutOfMemoryError
instanceKlass java/lang/InternalError
ciInstanceKlass java/lang/VirtualMachineError 1 1 34 10 7 12 1 1 1 10 12 1 10 12 1 10 12 1 100 1 1 1 1 5 0 1 1 1 1 1 1 1 1 1 1 1
ciInstanceKlass java/util/Set 1 1 144 100 1 10 7 12 1 1 1 9 7 12 1 1 1 7 1 10 12 1 1 10 12 1 7 1 7 1 10 12 1 7 1 7 1 11 7 12 1 1 1 11 12 1 1 7 1 10 12 1 10 12 1 1 11 12 1 1 1 1 1 1 1 1 1 1 1 1 1 1 1 1 1 1 1 1 1 1 1 1 1 1 1 1 1 1 1 1 1 1 1 1 1 1 1 1 1 1 1 1 1 1 1 1 1 1 1 1 1 1 1 1 1 1 1 1 1 1 1 1 1 1 1 1 1 1 1 1 1 1 1 1 1 1 1 1 1 1 1 1 1 1 1 1
ciInstanceKlass java/util/Iterator 1 1 53 100 1 8 1 10 12 1 1 10 7 12 1 1 1 11 7 12 1 1 1 11 12 1 1 11 7 12 1 1 1 7 1 1 1 1 1 1 1 1 1 1 1 1 1 1 1 1 1 1 1 1 1
ciInstanceKlass java/util/Map$Entry 1 0 178 18 12 1 1 7 1 100 1 18 10 100 12 1 1 1 18 12 1 18 100 1 11 7 12 1 1 1 11 12 1 11 7 12 1 1 1 10 100 12 1 1 1 10 7 12 1 1 1 8 1 10 12 1 1 8 1 8 1 8 1 10 12 1 10 12 1 8 10 7 1 10 12 1 8 10 12 1 8 1 10 12 1 8 10 12 1 8 1 10 12 1 1 8 1 100 1 8 1 10 12 1 1 11 12 7 1 11 12 1 1 1 1 1 1 1 1 1 1 1 1 1 1 1 1 1 1 1 1 1 1 1 1 1 1 1 1 1 1 1 1 1 1 1 1 1 1 1 16 15 11 12 16 3 3 15 11 12 15 11 12 15 11 12 15 10 100 12 1 1 1 1 1 100 1 100 1 1
instanceKlass org/eclipse/jdt/ls/core/internal/ConnectionStreamFactory$NamedPipeInputStream
instanceKlass sun/nio/ch/ChannelInputStream
instanceKlass org/eclipse/core/internal/resources/ContentDescriptionManager$LazyFileInputStream
instanceKlass java/io/ObjectInputStream
instanceKlass org/eclipse/core/internal/localstore/SafeChunkyInputStream
instanceKlass org/eclipse/core/internal/registry/BufferedRandomInputStream
instanceKlass com/sun/org/apache/xerces/internal/impl/XMLEntityManager$RewindableInputStream
instanceKlass org/eclipse/osgi/storage/url/reference/ReferenceInputStream
instanceKlass java/util/jar/JarVerifier$VerifierStream
instanceKlass java/util/zip/ZipFile$ZipFileInputStream
instanceKlass java/io/FilterInputStream
instanceKlass java/io/FileInputStream
instanceKlass java/io/ByteArrayInputStream
ciInstanceKlass java/io/InputStream 1 1 195 7 1 10 7 12 1 1 1 100 1 10 10 7 12 1 1 1 10 7 12 1 1 1 10 12 1 100 1 3 10 12 1 1 100 1 8 1 10 12 1 10 7 12 1 1 1 3 7 1 8 1 10 10 7 12 1 1 1 7 1 10 11 7 12 1 1 1 10 12 1 1 11 12 1 1 11 7 12 1 1 1 11 12 1 1 7 1 10 7 12 1 1 1 5 0 10 12 1 10 12 1 1 100 1 10 8 1 10 8 1 8 1 10 12 1 1 10 100 12 1 1 1 7 1 5 0 10 12 1 100 1 7 1 1 1 1 3 1 3 1 1 1 1 1 1 1 1 1 1 1 1 1 1 1 1 1 1 1 1 1 1 1 1 1 1 1 1 1 1 1 1 1 1 1 1 1 1 1 1 1 1 1 1 1 1 1 1 1 1 1 1 1 1 1
ciInstanceKlass jdk/internal/misc/Unsafe 1 1 1287 10 7 12 1 1 1 9 7 12 1 1 1 9 12 1 1 10 12 1 1 10 7 12 1 1 1 10 12 1 1 10 12 1 1 10 12 1 1 10 12 1 1 10 12 1 1 10 12 1 1 10 12 1 1 10 12 1 1 10 12 1 1 10 12 1 1 10 12 1 1 10 12 1 1 10 12 1 1 10 12 1 10 12 1 100 1 10 10 12 1 1 10 12 1 1 5 0 10 12 1 1 10 12 1 1 10 7 12 1 1 1 10 12 1 1 10 12 1 10 12 1 10 12 1 1 10 12 1 1 10 12 1 10 12 1 7 1 7 1 10 8 1 10 12 1 1 10 12 1 8 1 10 12 1 1 10 12 1 10 12 1 10 12 1 1 10 12 1 10 12 1 1 10 12 1 1 10 12 1 10 12 1 10 12 1 10 12 1 1 10 12 1 10 12 1 10 12 1 1 10 12 1 5 0 5 0 5 0 10 12 1 10 12 1 10 12 1 10 12 1 10 12 1 10 12 1 10 12 1 10 12 1 10 12 1 1 10 12 1 10 12 1 7 1 8 1 10 100 1 10 10 12 1 1 10 12 1 1 10 12 1 10 12 1 1 10 12 1 1 10 12 1 10 12 1 1 10 12 1 9 7 12 1 1 9 12 1 100 1 10 10 12 1 1 8 1 10 8 1 8 1 10 12 1 1 9 7 12 1 1 1 9 7 1 9 7 1 9 7 1 9 9 7 1 9 7 1 9 7 1 10 12 1 1 10 12 1 1 10 12 1 1 10 12 1 1 5 0 5 0 9 12 1 1 10 12 1 10 12 1 10 12 1 1 10 12 1 1 10 12 1 8 1 3 10 12 1 1 10 12 1 1 10 12 1 10 12 1 1 10 12 1 1 10 12 1 10 12 1 10 12 1 10 12 1 10 12 1 10 12 1 1 10 12 1 1 10 12 1 10 12 1 10 12 1 10 12 1 10 12 1 10 12 1 1 10 12 1 1 10 12 1 10 12 1 10 12 1 10 12 1 10 12 1 10 12 1 1 10 12 1 1 10 12 1 1 10 12 1 1 10 12 1 10 12 1 10 12 1 10 12 1 10 12 1 10 12 1 10 12 1 1 10 12 1 1 10 12 1 10 12 1 10 12 1 10 12 1 10 12 1 10 12 1 10 12 1 1 10 12 1 1 10 12 1 10 12 1 10 12 1 10 12 1 10 12 1 10 12 1 10 12 1 10 12 1 1 10 12 1 10 12 1 10 12 1 10 12 1 10 12 1 1 10 12 1 10 12 1 10 12 1 10 12 1 10 12 1 10 12 1 10 12 1 10 12 1 1 10 12 1 10 12 1 10 12 1 10 12 1 10 12 1 10 12 1 1 10 12 1 10 12 1 10 12 1 1 10 12 1 10 12 1 10 12 1 10 12 1 10 12 1 10 12 1 10 12 1 10 12 1 10 12 1 10 12 1 10 12 1 10 12 1 10 12 1 10 12 1 10 12 1 10 12 1 10 12 1 10 12 1 10 12 1 10 12 1 10 12 1 10 12 1 10 12 1 100 1 10 100 1 10 9 12 1 5 0 10 12 1 1 5 0 10 12 1 5 0 10 12 1 10 12 1 10 12 1 1 10 12 1 1 10 12 1 10 12 1 10 12 1 10 12 1 1 10 12 1 10 12 1 10 12 1 10 12 1 10 12 1 1 10 12 1 10 12 1 10 12 1 10 12 1 1 10 12 1 10 12 1 10 12 1 1 10 12 1 10 12 1 10 12 1 10 12 1 1 10 12 1 10 10 12 1 1 10 12 1 10 12 1 1 10 12 1 10 12 5 0 5 0 5 0 10 12 1 1 10 12 1 10 12 1 10 12 10 100 12 1 1 8 1 100 1 11 12 1 1 8 1 11 12 1 1 10 100 12 1 1 10 12 1 10 12 1 10 12 1 10 12 1 10 12 1 1 10 12 1 10 12 1 10 12 1 10 12 1 10 12 1 10 12 1 10 7 1 10 12 1 9 12 1 7 1 9 12 1 7 1 9 12 1 7 1 9 12 1 7 1 9 12 1 7 1 9 12 1 7 1 9 12 1 7 1 9 12 1 7 1 9 12 1 10 12 1 9 12 1 9 12 1 9 12 1 9 12 1 9 12 1 9 12 1 9 12 1 9 12 1 9 12 1 9 12 1 1 1 3 1 1 1 1 1 1 1 1 1 1 1 1 1 1 1 1 1 1 1 1 1 1 1 1 1 1 1 1 1 1 1 1 1 1 1 1 1 1 1 1 1 1 1 1 1 1 1 1 1 1 1 1 1 1 1 1 1 1 1 1 1 1 1 1 1 1 1 1 1 1 1 1 1 1 1 1 1 1 1 1 1 1 1 1 1 1 1 1 1 100 1 1 1 1 1 1 1 1 1 1 1 1 1 1 1 1 1 1 1 1 1 1 1 1 1 1 1 1 1 1 1 1 1 1 1 1 1 1 1 1 1 1 1 1 1 1 1 1 1 1 1 1 1 1 1 1 1 1 1 1 1 1 1 1 1 1 1 1 1 1 1 1 1 1 1 1 1 1 1 1 1 1 1 1 1 1 1 1 1 1 1 1 1 1 1 1 1 1 1 1 1 1 1 1 1 1 1 1 1 1 1 1 1 1 1 1 1 1 1 1 1 1 1 1 1 1 1 1 1 1 1 1 1 1 1 1 1 1 1 1 1 1 1 1 1 1 1 1 1 1 1 1 1 1 1 1 1 1 1 1 1 1 1 1 1 1 1 1 1 1 1 1 1 1 1 1 1 1 1 1 1 1 1 1 1 1 1 1 1 1 1 1 1 1 1 1 1 1 1 1 1 1 1 1 1 1 3 1 1 1 1 1 1 1 1 1 1 1 1 1 1 1 1 1 1 1 1 1
staticfield jdk/internal/misc/Unsafe theUnsafe Ljdk/internal/misc/Unsafe; jdk/internal/misc/Unsafe
staticfield jdk/internal/misc/Unsafe ARRAY_BOOLEAN_BASE_OFFSET I 16
staticfield jdk/internal/misc/Unsafe ARRAY_BYTE_BASE_OFFSET I 16
staticfield jdk/internal/misc/Unsafe ARRAY_SHORT_BASE_OFFSET I 16
staticfield jdk/internal/misc/Unsafe ARRAY_CHAR_BASE_OFFSET I 16
staticfield jdk/internal/misc/Unsafe ARRAY_INT_BASE_OFFSET I 16
staticfield jdk/internal/misc/Unsafe ARRAY_LONG_BASE_OFFSET I 16
staticfield jdk/internal/misc/Unsafe ARRAY_FLOAT_BASE_OFFSET I 16
staticfield jdk/internal/misc/Unsafe ARRAY_DOUBLE_BASE_OFFSET I 16
staticfield jdk/internal/misc/Unsafe ARRAY_OBJECT_BASE_OFFSET I 16
staticfield jdk/internal/misc/Unsafe ARRAY_BOOLEAN_INDEX_SCALE I 1
staticfield jdk/internal/misc/Unsafe ARRAY_BYTE_INDEX_SCALE I 1
staticfield jdk/internal/misc/Unsafe ARRAY_SHORT_INDEX_SCALE I 2
staticfield jdk/internal/misc/Unsafe ARRAY_CHAR_INDEX_SCALE I 2
staticfield jdk/internal/misc/Unsafe ARRAY_INT_INDEX_SCALE I 4
staticfield jdk/internal/misc/Unsafe ARRAY_LONG_INDEX_SCALE I 8
staticfield jdk/internal/misc/Unsafe ARRAY_FLOAT_INDEX_SCALE I 4
staticfield jdk/internal/misc/Unsafe ARRAY_DOUBLE_INDEX_SCALE I 8
staticfield jdk/internal/misc/Unsafe ARRAY_OBJECT_INDEX_SCALE I 4
staticfield jdk/internal/misc/Unsafe ADDRESS_SIZE I 8
instanceKlass lombok/launch/ShadowClassLoader
instanceKlass lombok/launch/ShadowClassLoader
instanceKlass org/eclipse/osgi/internal/loader/ModuleClassLoader
instanceKlass org/eclipse/osgi/internal/framework/ContextFinder
instanceKlass org/eclipse/osgi/internal/framework/EquinoxContainer$1
instanceKlass lombok/launch/ShadowClassLoader
instanceKlass jdk/internal/reflect/DelegatingClassLoader
instanceKlass java/security/SecureClassLoader
ciInstanceKlass java/lang/ClassLoader 1 1 1108 9 7 12 1 1 1 10 7 12 1 1 1 9 12 1 1 10 7 12 1 1 1 7 1 10 12 1 1 10 12 1 1 9 12 1 1 10 12 1 1 100 1 10 12 1 10 12 1 1 10 7 12 1 1 1 100 1 8 1 10 12 1 10 7 12 1 1 1 10 7 12 1 10 7 1 10 7 1 7 1 7 1 10 12 1 10 12 1 9 12 1 1 10 10 7 12 1 1 1 9 12 1 1 9 12 1 9 12 1 1 9 12 1 9 12 1 1 9 12 1 1 7 1 10 12 1 9 12 1 1 10 12 1 1 10 7 12 1 1 1 9 12 1 9 12 1 1 9 12 1 10 12 1 1 9 12 10 12 1 1 7 1 10 8 1 10 12 1 1 10 12 1 10 7 1 7 1 10 12 1 1 10 7 12 1 1 1 8 1 10 12 1 10 12 1 10 12 1 1 10 12 1 1 10 12 1 1 10 12 1 1 10 12 1 1 10 12 1 7 1 10 12 1 10 7 12 1 1 1 10 12 1 1 10 12 1 10 12 1 10 12 1 10 12 1 10 12 1 1 10 10 12 1 10 12 1 10 100 12 1 1 10 12 1 1 10 12 1 1 10 12 1 100 1 10 12 1 7 1 10 12 1 10 7 12 1 1 1 10 10 12 1 1 10 12 1 1 7 1 8 1 10 8 1 10 12 1 10 12 1 100 1 8 1 10 12 1 1 10 12 1 1 10 10 12 1 1 10 12 1 1 10 12 1 1 10 7 1 10 12 1 1 10 12 1 1 10 12 1 1 10 12 1 1 10 12 1 1 10 12 1 1 10 12 1 10 7 12 1 1 1 10 12 1 10 12 1 10 12 1 1 10 12 1 10 12 1 10 12 1 10 12 1 1 10 12 1 10 12 1 1 8 1 9 12 1 10 12 1 1 8 1 8 1 10 7 12 1 1 100 1 10 10 12 10 12 1 10 12 1 10 12 1 10 12 1 1 10 7 12 1 1 10 12 1 10 7 1 7 1 10 12 1 1 10 12 1 10 7 1 10 12 1 100 1 18 12 1 10 100 12 1 1 1 10 7 12 1 1 1 10 7 12 1 1 10 12 1 10 12 1 100 1 10 12 1 8 1 10 10 12 1 1 10 12 1 10 12 1 1 7 1 10 12 1 10 12 1 1 10 7 12 1 1 10 12 1 8 1 100 1 10 10 12 1 9 12 1 10 7 12 1 1 10 12 1 7 1 8 1 10 12 1 10 8 1 8 1 10 12 1 1 10 12 1 1 10 12 1 1 10 7 12 1 1 7 1 100 1 10 12 1 1 7 1 7 1 10 7 12 1 1 10 12 1 10 12 1 1 10 12 1 10 12 1 1 10 12 1 1 9 100 12 1 1 1 10 12 1 1 10 12 1 10 12 1 10 12 1 1 10 12 1 8 1 7 1 18 12 1 1 10 12 1 1 10 12 1 10 12 1 10 12 1 8 1 10 12 1 10 12 1 18 12 1 11 100 12 1 1 1 100 1 10 12 1 1 10 12 1 10 11 12 1 1 10 18 10 12 1 1 11 7 12 1 18 12 1 11 12 1 1 10 12 10 12 1 1 10 12 1 1 100 1 8 1 10 10 12 1 8 1 8 1 10 100 12 1 1 10 12 1 100 1 10 10 12 1 8 1 8 1 8 1 10 12 1 10 12 1 1 10 12 1 10 7 12 1 1 1 11 7 12 1 1 100 1 10 11 10 12 1 10 12 1 10 12 1 1 9 7 12 1 1 9 12 1 1 9 12 9 12 1 9 12 1 9 12 1 8 10 12 1 1 10 7 12 1 1 1 10 12 1 1 10 12 1 1 10 12 1 10 10 12 1 11 12 1 1 10 100 12 1 1 1 100 1 10 12 1 10 12 1 10 12 1 1 1 1 1 1 1 1 1 1 1 1 1 1 1 1 1 1 1 1 1 1 1 1 1 1 1 1 100 1 1 1 1 1 1 1 1 1 1 1 1 1 1 1 1 1 1 1 1 1 100 1 1 1 1 1 1 1 1 1 1 100 1 1 1 1 1 1 1 1 1 1 1 1 1 1 1 1 1 1 1 1 1 1 1 1 1 1 1 1 1 1 1 1 1 1 1 1 1 1 1 1 1 100 1 1 1 1 1 1 1 1 1 1 1 1 1 1 1 1 1 1 1 7 1 1 1 1 1 1 1 1 1 1 1 1 1 1 1 1 1 1 1 1 1 1 1 1 1 1 1 1 1 1 1 1 1 1 1 1 1 1 1 1 1 1 1 1 1 1 1 1 1 1 100 1 1 1 1 1 1 1 1 1 1 1 1 1 1 1 1 1 1 1 1 1 1 1 1 1 1 1 1 1 1 1 1 1 1 1 1 1 1 1 1 1 1 1 1 1 1 16 1 15 10 12 16 1 16 15 10 12 16 1 16 1 15 10 12 16 15 10 12 16 15 10 12 16 15 10 100 12 1 1 1 1 1 100 1 100 1 1
staticfield java/lang/ClassLoader nocerts [Ljava/security/cert/Certificate; 0 [Ljava/security/cert/Certificate;
staticfield java/lang/ClassLoader $assertionsDisabled Z 1
ciInstanceKlass java/lang/reflect/Constructor 1 1 439 10 100 12 1 1 1 10 100 12 1 1 9 7 12 1 1 1 10 12 1 1 10 12 1 1 10 100 12 1 1 9 12 1 1 10 7 12 1 1 1 9 12 1 1 9 12 1 1 9 12 1 9 12 1 1 9 12 1 9 12 1 1 9 12 1 1 9 12 1 100 1 8 1 10 12 1 10 12 1 9 12 1 1 10 7 12 1 1 10 7 12 1 1 1 10 12 1 1 10 12 1 1 10 12 1 7 1 100 1 8 1 10 10 12 1 10 12 1 10 12 1 1 10 12 1 1 9 100 12 1 1 1 10 7 12 1 1 10 12 1 1 10 12 1 10 12 1 1 10 7 12 1 1 1 10 100 12 1 1 10 12 1 1 10 12 1 10 7 12 1 1 1 8 1 10 10 12 1 100 1 8 1 10 12 1 10 12 1 1 10 12 1 1 10 12 1 10 12 1 10 12 1 1 10 12 1 1 9 12 1 1 10 12 1 1 10 12 1 1 10 12 1 1 11 7 12 1 1 1 10 12 1 1 10 12 1 10 12 1 10 12 1 8 1 9 12 1 1 10 7 12 1 1 1 10 7 12 1 1 10 12 1 1 10 12 1 1 10 12 1 1 10 12 1 1 10 12 1 9 7 12 1 1 10 12 1 10 12 1 10 12 1 100 1 8 1 10 10 12 1 1 10 12 1 10 10 12 1 1 10 12 1 1 10 100 12 1 1 1 11 100 12 1 1 1 10 12 1 1 9 100 12 1 1 1 10 100 12 1 1 1 10 12 1 1 1 1 1 1 1 1 1 1 1 1 1 1 1 1 1 1 1 1 1 1 1 1 1 1 1 1 1 1 1 1 1 1 1 1 1 1 1 1 1 1 1 1 1 1 1 1 1 1 1 1 100 1 100 1 100 1 100 1 1 1 1 1 1 1 1 1 1 1 1 1 1 1 1 1 1 1 1 1 1 1 1 1 1 1 1 1 1 1 1 1 100 1 1
instanceKlass java/lang/reflect/Executable
instanceKlass java/lang/reflect/Field
ciInstanceKlass java/lang/reflect/AccessibleObject 1 1 400 10 7 12 1 1 1 9 100 12 1 1 1 10 7 12 1 1 1 10 7 12 1 1 10 7 12 1 1 1 10 100 12 1 1 1 10 12 1 1 10 12 1 1 9 12 1 1 7 1 10 7 12 1 1 1 11 12 1 7 1 10 12 1 7 1 100 1 10 12 1 10 12 1 1 10 12 1 1 10 12 1 1 10 12 1 1 7 1 10 7 12 1 1 1 10 12 1 1 11 10 7 12 1 1 1 10 12 1 1 10 12 1 10 12 1 10 12 1 1 10 12 1 8 1 7 1 7 1 10 10 12 1 1 8 1 10 12 1 10 12 1 8 1 8 1 8 1 8 1 8 1 8 1 8 1 8 1 8 1 7 1 10 12 1 10 12 1 9 12 1 1 10 12 1 1 10 12 1 10 7 1 100 1 8 1 10 8 1 10 12 1 8 1 10 12 1 10 12 1 1 10 100 1 8 1 10 11 7 12 1 1 1 10 12 1 1 10 12 1 1 10 12 1 1 9 12 1 1 100 1 10 12 1 7 1 10 12 1 10 12 1 1 10 100 1 10 12 1 10 12 10 12 1 10 12 1 10 12 1 1 10 12 1 9 12 1 10 7 12 1 1 8 1 10 7 12 1 1 1 8 1 10 7 12 1 1 1 9 12 1 7 1 10 7 1 10 10 7 12 1 1 1 7 1 10 10 7 12 1 1 1 7 1 9 12 1 1 1 1 1 1 1 1 1 1 1 1 1 1 1 1 1 1 1 1 1 1 1 1 1 1 1 1 1 1 1 1 1 1 1 1 1 1 1 1 1 1 1 1 1 1 1 1 1 1 1 1 1 1 1 1 1 1 1 1 1 1 1 1 1 1 1 1 1 1 1 1 1 1 1 1 1 1 1 1 1 1 1 1
staticfield java/lang/reflect/AccessibleObject reflectionFactory Ljdk/internal/reflect/ReflectionFactory; jdk/internal/reflect/ReflectionFactory
instanceKlass java/lang/reflect/Constructor
instanceKlass java/lang/reflect/Method
ciInstanceKlass java/lang/reflect/Executable 1 1 581 10 7 12 1 1 1 10 7 12 1 1 1 10 7 12 1 1 1 11 7 12 1 1 1 10 7 12 1 1 1 10 12 1 1 10 7 12 1 1 1 10 7 12 1 1 1 10 12 1 8 1 10 10 12 1 1 10 12 1 1 10 7 12 1 1 1 18 12 1 1 11 7 12 1 1 1 8 1 8 1 8 1 10 7 12 1 1 1 11 12 1 1 7 1 8 1 8 1 10 12 1 7 1 8 1 10 12 1 8 1 11 100 12 1 1 1 7 1 11 7 12 1 1 1 11 12 1 8 1 18 8 1 10 12 1 10 12 1 1 18 8 1 10 12 1 100 1 10 12 1 10 12 1 11 12 1 10 12 1 1 8 1 8 1 10 12 1 1 10 12 1 1 10 10 12 1 9 100 12 1 1 1 10 100 12 1 1 1 10 12 1 10 12 1 1 10 7 12 1 1 10 12 1 10 12 1 10 12 1 10 7 12 1 1 7 1 10 100 12 1 1 1 10 12 1 1 10 7 12 1 1 10 12 1 10 12 1 1 9 7 12 1 1 1 10 7 10 12 1 8 1 10 12 1 10 12 1 3 100 1 8 1 10 12 1 10 12 1 10 10 12 1 10 12 1 1 8 1 8 1 8 1 9 12 1 1 9 12 1 10 12 1 100 1 8 1 10 12 1 10 12 1 10 12 1 1 10 12 1 1 10 12 1 10 12 10 12 1 100 1 10 12 1 10 12 1 1 100 1 10 7 12 1 1 1 7 1 10 7 12 1 1 1 10 12 1 1 11 7 12 1 1 10 12 1 10 100 12 1 1 1 10 12 1 1 9 12 1 10 12 1 1 10 12 1 10 12 1 1 9 100 12 1 1 1 10 100 12 1 1 1 10 12 1 10 12 1 1 9 12 1 10 10 10 10 100 12 1 1 1 10 12 1 9 12 1 10 12 1 1 9 12 1 7 1 7 1 1 1 1 1 1 1 1 1 1 1 1 1 1 1 1 1 1 1 1 1 1 1 1 1 1 1 1 1 1 1 1 1 1 1 1 100 1 1 1 1 1 1 1 1 1 1 1 1 1 1 1 1 1 1 1 100 1 1 1 1 1 1 1 1 1 1 1 1 1 1 1 1 1 1 1 1 1 1 1 1 1 1 1 1 1 1 1 1 1 1 1 1 1 1 1 1 1 1 1 7 1 1 1 1 1 1 1 1 1 1 1 1 1 1 1 1 1 1 1 1 1 1 7 1 1 16 15 16 1 16 1 15 10 12 16 15 10 7 12 1 1 1 1 1 1 100 1 1 100 1 100 1 1
ciInstanceKlass java/lang/reflect/Member 1 1 37 100 1 10 12 1 1 100 1 100 1 1 1 1 3 1 3 1 1 1 1 1 1 1 1 1 1 1 1 1 1 1 1 1 1 1 1
instanceKlass org/eclipse/jdt/internal/core/BinaryMethod$1
instanceKlass com/sun/jna/internal/Cleaner$CleanerThread
instanceKlass java/util/logging/LogManager$Cleaner
instanceKlass org/eclipse/core/internal/jobs/InternalWorker
instanceKlass org/eclipse/core/internal/jobs/Worker
instanceKlass org/eclipse/osgi/framework/eventmgr/EventManager$EventThread
instanceKlass org/eclipse/equinox/launcher/Main$SplashHandler
instanceKlass jdk/internal/misc/InnocuousThread
instanceKlass java/util/concurrent/ForkJoinWorkerThread
instanceKlass java/lang/ref/Finalizer$FinalizerThread
instanceKlass java/lang/ref/Reference$ReferenceHandler
instanceKlass java/lang/BaseVirtualThread
ciInstanceKlass java/lang/Thread 1 1 870 10 7 12 1 1 1 9 12 1 1 10 7 12 1 1 10 12 1 10 100 12 1 1 100 1 8 1 10 12 1 1 9 12 1 9 12 1 1 9 12 1 1 7 1 10 12 1 1 10 12 1 10 100 12 1 1 1 10 12 9 12 1 1 10 12 1 7 1 10 12 1 100 1 8 1 10 9 100 12 1 1 1 10 12 1 1 10 12 1 1 10 12 1 1 10 12 1 10 12 1 1 3 8 1 7 1 5 0 10 7 12 1 1 1 9 12 1 10 12 1 1 10 7 12 1 1 1 10 7 12 1 1 1 10 12 1 1 10 12 1 1 9 12 1 1 10 7 1 8 1 10 7 1 10 12 1 9 12 1 1 10 7 12 1 1 1 10 10 12 1 1 9 100 12 1 1 1 10 12 1 1 10 12 1 1 10 7 12 1 1 10 12 1 10 12 1 10 7 12 1 1 9 12 1 10 7 12 1 1 1 10 12 1 1 9 12 1 1 9 12 1 1 10 7 12 1 1 1 9 12 1 1 10 100 12 1 1 10 100 12 1 1 1 10 12 1 10 12 1 10 7 12 1 1 9 12 1 8 1 9 7 12 1 1 9 12 1 1 5 0 100 1 10 100 1 10 100 1 10 7 1 10 8 1 10 12 1 1 10 7 12 1 10 12 1 10 12 1 100 1 8 1 10 10 12 1 10 12 1 1 10 100 12 1 1 1 10 100 12 1 1 1 10 12 1 7 1 9 12 1 1 100 1 10 10 12 1 9 12 1 1 10 12 1 1 10 12 1 1 10 12 1 10 12 1 9 12 1 1 10 10 12 1 1 10 12 1 1 11 7 12 1 1 10 7 12 1 1 9 12 1 9 12 1 1 9 12 1 1 10 100 12 1 1 10 12 1 1 9 100 12 1 1 1 10 100 12 1 1 10 12 1 10 12 1 100 1 10 10 12 9 12 1 1 10 12 1 11 100 12 1 1 10 12 1 10 12 1 10 12 1 9 12 1 10 10 12 1 10 12 1 1 9 12 1 9 12 10 12 1 8 1 10 12 1 10 12 1 10 12 1 10 12 1 10 12 1 1 10 12 1 10 12 1 1 10 12 1 10 12 1 10 12 1 10 12 1 10 12 1 1 9 7 12 1 1 1 8 1 10 9 12 1 10 12 1 7 1 8 1 10 10 12 1 8 1 10 12 1 1 9 12 10 12 8 1 10 10 12 1 10 12 1 8 1 10 12 1 10 8 1 10 100 12 1 1 10 12 1 1 100 1 8 1 10 9 12 1 9 12 1 1 10 12 1 1 10 10 12 1 10 12 1 100 10 7 12 1 1 1 9 12 1 10 12 1 1 10 12 1 1 10 100 12 1 1 1 11 7 12 1 1 1 9 100 12 1 1 1 10 100 12 1 1 1 7 1 10 12 1 100 1 10 12 1 10 12 1 1 10 12 1 1 8 1 9 12 1 10 12 1 10 12 1 1 11 7 12 1 1 1 10 12 1 1 1 1 3 1 3 1 3 1 3 1 1 1 1 1 1 1 1 1 1 1 1 1 1 1 1 1 1 1 1 1 7 1 1 1 1 1 1 1 1 1 1 1 1 1 1 1 1 1 1 1 1 1 1 7 1 1 1 1 1 1 1 1 1 1 1 1 1 1 1 1 7 1 7 1 1 1 1 1 1 1 1 1 1 1 1 1 1 1 1 1 1 1 1 1 1 1 1 1 1 1 1 1 1 1 1 1 1 1 1 1 1 1 1 1 1 1 1 1 1 1 1 1 1 1 1 1 1 1 1 1 1 1 1 1 1 1 1 1 1 1 1 1 1 1 1 1 1 1 1 100 100 1 1 1 1 1 1 1 1 1 1 1 1 1 1 1 1 1 1 1 1 1 1 1 1 1 1 100 1 100 1 100 1 100 1 100 1 1 100 1 1 1 1 1 1 1 1 1 1 1 1 1 1 1
staticfield java/lang/Thread NEW_THREAD_BINDINGS Ljava/lang/Object; java/lang/Class
staticfield java/lang/Thread EMPTY_STACK_TRACE [Ljava/lang/StackTraceElement; 0 [Ljava/lang/StackTraceElement;
ciInstanceKlass java/lang/Runnable 1 0 11 100 1 100 1 1 1 1 1 1 1
ciInstanceKlass java/net/URL 1 1 771 10 7 12 1 1 1 10 12 1 10 7 12 1 1 9 12 1 1 9 12 1 10 7 12 1 1 1 10 12 1 1 10 12 1 1 9 12 1 1 10 7 12 1 1 1 8 1 10 12 1 1 7 1 10 10 12 1 1 8 1 10 12 1 1 9 12 1 7 1 8 1 10 12 1 10 12 1 8 1 9 12 1 10 12 1 1 9 12 1 10 12 1 10 12 1 9 12 1 9 12 1 8 1 9 12 1 10 12 1 1 8 1 9 12 1 1 10 12 1 1 10 7 12 1 1 1 8 1 10 12 1 7 1 10 12 1 10 12 1 10 12 1 10 12 1 1 10 12 1 1 8 1 10 12 1 1 10 12 1 8 1 9 12 1 8 1 10 12 1 10 7 12 1 1 1 7 1 10 12 1 10 12 1 1 10 7 12 1 1 1 100 1 8 1 10 10 12 1 8 1 10 12 1 1 10 12 1 10 12 1 10 12 1 10 12 1 10 12 1 10 12 1 8 1 10 12 1 8 1 10 10 100 1 10 10 12 1 8 1 10 7 12 1 1 1 10 12 1 9 100 12 1 1 1 10 7 12 1 1 1 9 12 1 1 10 12 1 10 100 12 1 1 1 100 1 100 1 10 12 1 10 12 1 10 12 1 10 12 1 10 12 1 10 12 10 10 12 1 10 12 1 10 12 1 1 8 1 9 100 12 1 1 1 10 100 12 1 1 1 10 12 1 1 9 100 12 1 1 1 10 12 1 1 100 1 10 12 1 10 12 1 10 10 12 1 1 10 12 1 1 10 12 1 10 12 1 10 12 1 10 7 12 1 1 1 10 12 1 1 10 12 1 9 12 1 1 9 12 1 1 7 1 8 1 10 10 12 1 9 12 1 1 10 7 12 1 1 8 1 10 7 12 1 1 8 1 10 12 1 1 10 12 1 8 1 8 1 10 7 12 1 1 1 7 1 10 7 12 1 1 1 10 12 1 10 12 1 7 1 10 9 7 12 1 1 1 10 7 12 1 1 10 12 1 1 10 12 1 8 1 7 1 10 10 7 12 1 1 1 10 12 1 8 9 100 12 1 1 1 10 12 1 1 10 12 1 10 12 1 1 10 7 12 1 1 11 7 12 1 1 10 12 1 10 12 1 9 12 1 10 12 1 1 10 100 12 1 1 10 100 12 1 1 1 8 10 100 12 1 1 100 1 10 8 8 10 12 1 8 8 8 100 1 10 12 1 9 12 1 1 10 12 1 10 12 1 1 10 12 1 10 12 10 12 1 1 10 12 1 1 10 10 10 12 1 10 12 1 10 12 1 10 12 1 10 12 1 10 10 12 1 100 1 8 1 10 10 10 12 1 1 10 12 1 10 12 1 1 8 1 7 1 10 10 7 1 10 12 1 9 7 12 1 1 1 9 12 1 1 7 1 10 10 7 12 1 1 1 7 1 1 1 1 1 5 0 1 1 1 1 1 1 1 1 1 1 1 1 1 1 1 1 1 1 1 1 1 1 1 1 1 1 1 1 1 1 1 1 1 1 1 1 1 1 1 1 1 1 1 1 1 1 1 1 7 1 1 1 1 1 1 1 1 1 1 1 1 1 1 1 1 1 1 1 1 1 1 1 1 1 1 1 1 1 1 1 1 1 1 1 1 1 100 1 1 1 1 1 1 1 1 1 1 1 1 1 1 1 1 1 100 1 1 1 1 1 1 1 1 1 1 1 1 1 1 1 1 1 1 1
staticfield java/net/URL defaultFactory Ljava/net/URLStreamHandlerFactory; java/net/URL$DefaultFactory
staticfield java/net/URL streamHandlerLock Ljava/lang/Object; java/lang/Object
staticfield java/net/URL serialPersistentFields [Ljava/io/ObjectStreamField; 7 [Ljava/io/ObjectStreamField;
ciMethod java/lang/System arraycopy (Ljava/lang/Object;ILjava/lang/Object;II)V 256 0 128 0 -1
ciInstanceKlass java/lang/Module 1 1 1070 10 7 12 1 1 1 9 7 12 1 1 1 10 7 12 1 1 1 9 12 1 9 12 1 1 9 12 1 1 10 12 1 1 10 12 1 10 12 1 1 10 7 12 1 1 1 7 1 10 7 12 1 1 1 10 12 1 1 11 7 12 1 1 1 10 12 1 1 10 7 12 1 1 1 10 12 1 1 10 7 12 1 1 1 9 100 12 1 1 1 10 7 12 1 1 1 10 12 1 8 1 10 7 12 1 1 1 10 7 12 1 1 1 10 7 12 1 1 1 10 12 1 10 12 1 9 12 1 1 10 100 12 1 1 100 1 7 1 10 8 1 10 12 1 1 10 12 1 10 12 10 12 1 10 7 12 1 1 8 1 8 1 10 8 1 8 1 9 12 1 1 8 1 10 100 12 1 1 1 10 12 1 9 12 1 1 11 12 1 9 7 12 1 1 10 7 12 1 1 1 10 7 12 1 1 1 10 12 1 1 8 1 10 12 1 1 10 12 1 10 12 1 1 9 7 12 1 1 1 10 12 1 1 10 12 1 1 9 12 1 10 12 1 10 12 1 9 12 1 1 11 7 12 1 1 10 12 1 1 9 12 1 9 12 1 10 12 1 10 12 1 100 1 8 1 10 10 12 1 1 10 12 1 8 1 10 12 1 1 8 1 8 1 10 12 1 1 10 12 1 10 12 1 1 18 12 1 1 10 12 1 1 11 12 1 9 12 1 11 12 10 100 12 1 1 100 1 8 1 10 11 12 1 1 10 7 12 1 1 1 10 12 1 10 12 1 1 11 12 1 1 11 7 12 1 1 11 12 1 1 9 12 1 11 12 1 10 12 1 1 10 12 1 1 9 12 1 10 12 10 7 12 1 1 10 7 1 18 12 1 1 11 100 12 1 1 1 18 12 1 11 12 1 1 10 100 12 1 1 1 11 12 1 1 10 7 12 1 1 7 1 11 12 1 7 1 7 1 10 12 1 10 7 12 1 1 1 10 11 7 12 1 8 1 10 10 12 1 1 10 7 12 1 1 10 12 1 10 12 1 7 1 10 12 1 10 11 12 1 1 10 12 10 12 1 1 9 12 1 1 100 1 10 10 12 1 1 11 7 1 10 12 1 1 11 12 1 10 10 12 1 11 10 12 1 1 10 12 1 1 10 12 1 1 10 7 12 1 1 10 12 1 10 12 1 1 10 10 12 1 1 10 12 1 18 12 1 11 12 1 18 12 1 10 12 1 10 12 1 10 12 7 1 10 12 1 10 12 1 10 12 1 9 12 1 7 1 10 10 10 10 12 1 10 12 1 10 12 1 10 12 1 1 10 12 1 1 10 12 1 9 12 1 18 12 1 1 10 7 12 1 1 1 100 1 8 1 10 12 1 1 10 12 1 1 10 7 12 1 1 7 1 10 12 1 1 7 1 8 1 10 12 1 1 100 1 11 12 1 1 10 100 12 1 1 1 18 12 1 1 11 100 12 1 1 1 100 1 10 12 1 10 12 1 1 7 1 7 1 10 12 8 1 10 12 1 1 10 12 1 1 10 7 12 1 1 10 12 1 1 10 12 1 10 12 10 12 1 1 7 1 10 10 12 1 1 10 7 12 1 1 1 100 1 10 12 1 1 10 7 12 1 1 8 1 18 12 1 1 100 1 100 1 9 12 1 1 9 12 1 9 12 1 11 100 12 1 1 1 100 1 11 12 1 1 100 1 10 12 1 8 1 10 12 1 10 12 10 12 1 8 1 10 10 100 12 1 1 7 1 10 10 12 1 10 7 12 1 1 9 12 1 9 12 1 9 12 1 9 12 1 10 12 11 12 1 10 12 1 7 1 1 1 1 1 1 1 1 1 1 1 1 1 1 1 1 1 1 1 100 1 1 1 1 1 1 1 1 1 1 1 1 1 1 1 1 1 1 1 1 1 1 1 1 1 1 1 1 1 1 1 1 1 1 1 1 1 1 1 1 1 1 1 1 1 1 1 1 1 1 1 1 1 1 1 1 1 1 1 1 1 1 1 1 1 1 1 1 1 1 1 1 1 1 1 1 1 1 1 1 1 1 1 1 1 1 1 1 1 1 1 1 1 1 1 100 100 1 1 1 1 1 1 1 1 1 1 1 1 1 1 1 1 1 1 1 1 1 1 1 1 1 1 1 100 1 7 1 1 1 1 1 1 1 1 1 1 1 1 1 1 1 1 1 1 1 1 100 1 1 1 1 1 1 1 1 1 1 1 1 1 1 1 1 1 1 1 1 1 1 1 16 15 10 12 16 16 15 10 12 16 16 15 10 16 1 15 10 12 16 1 15 10 12 16 1 16 15 10 12 16 16 1 15 10 12 16 15 10 7 12 1 1 1 15 10 100 12 1 1 1 1 1 1 1 1 1 1 1 100 1 100 1 1 100 1 100 1 1
staticfield java/lang/Module ALL_UNNAMED_MODULE Ljava/lang/Module; java/lang/Module
staticfield java/lang/Module ALL_UNNAMED_MODULE_SET Ljava/util/Set; java/util/ImmutableCollections$Set12
staticfield java/lang/Module EVERYONE_MODULE Ljava/lang/Module; java/lang/Module
staticfield java/lang/Module EVERYONE_SET Ljava/util/Set; java/util/ImmutableCollections$Set12
staticfield java/lang/Module $assertionsDisabled Z 1
ciInstanceKlass java/lang/StringLatin1 1 1 395 7 1 10 7 12 1 1 1 10 12 1 1 10 7 12 1 1 1 10 7 12 1 1 1 10 12 1 10 7 12 1 1 1 10 12 1 1 10 7 12 1 1 1 10 7 12 1 1 1 10 12 1 1 10 12 1 1 10 10 12 1 10 12 1 10 9 7 12 1 1 1 10 12 1 1 10 7 12 1 1 1 10 12 10 12 1 1 10 12 1 1 10 12 1 10 12 1 1 10 12 1 1 10 12 1 10 7 12 1 1 1 10 12 1 10 12 1 1 9 12 1 1 100 1 10 10 12 1 1 10 7 12 1 1 1 10 12 1 10 12 1 100 1 7 1 8 1 10 12 1 8 1 10 12 1 1 100 1 10 10 12 10 7 12 1 1 1 8 1 8 1 8 1 10 12 1 1 10 100 12 1 1 10 12 1 10 12 1 1 10 12 1 1 10 12 1 1 10 12 1 10 12 10 12 10 12 1 10 12 10 10 12 1 10 12 1 10 12 1 10 7 12 1 1 1 10 7 12 1 1 1 10 12 1 1 10 12 1 1 10 10 7 12 1 1 1 1 1 1 1 1 1 1 1 1 1 1 1 1 1 1 1 1 1 1 1 1 1 1 1 1 1 1 1 1 1 1 1 1 1 1 1 1 1 1 1 1 1 1 1 1 1 1 1 1 100 1 1 1 1 1 1 1 1 1 1 1 1 1 1 1 1 1 1 1 1 1 1 1 1 1 1 1 1 1 1 1 1 1 1 1 1 1 1 1 1 1 1 100 1 1 1 1 1 1 1 1 1 1 1 1 1 1 1 1 1 1 1 1 1 1 1 100 1 1 1 1 1 1 1 1 1 1 1 1 1 1 1 1 1 1 1 1 1 1 1 1 1 1 100 1 1 1 1
staticfield java/lang/StringLatin1 $assertionsDisabled Z 1
ciInstanceKlass jdk/internal/util/ArraysSupport 1 1 378 7 1 7 1 8 1 10 12 1 1 10 12 1 1 10 7 12 1 1 9 7 12 1 1 1 9 12 1 1 10 7 12 1 1 1 9 12 1 1 10 7 12 1 1 1 9 12 1 10 12 9 12 1 10 12 1 1 10 12 7 1 10 12 1 1 10 12 1 100 1 10 12 1 1 10 12 100 1 10 12 1 100 1 10 12 1 100 1 7 1 10 8 1 10 12 1 1 10 12 1 10 12 1 1 10 9 12 1 1 11 100 12 1 1 1 9 12 1 9 12 1 10 12 1 1 9 12 1 9 12 1 9 12 1 9 12 1 9 12 1 9 12 1 9 12 1 10 12 1 1 10 7 12 1 1 1 9 12 1 9 12 1 10 12 1 1 10 12 1 9 12 1 10 12 1 10 7 12 1 1 1 9 12 1 9 12 1 10 12 1 10 12 1 10 7 12 1 1 1 3 10 12 1 7 1 8 1 8 1 8 1 10 10 100 12 1 1 1 11 7 12 1 1 1 10 12 1 10 7 12 1 1 1 10 12 1 1 10 12 1 1 9 12 1 10 12 1 9 12 1 9 12 1 9 12 1 9 12 1 9 12 1 9 12 1 9 12 1 7 1 10 7 12 1 1 1 1 1 3 1 3 1 3 1 3 1 3 1 3 1 3 1 3 1 1 1 1 1 1 1 1 1 1 1 1 1 1 1 1 1 1 1 1 1 1 1 1 1 1 1 1 1 1 1 1 1 1 1 1 1 1 1 1 1 1 1 1 1 1 1 1 1 1 1 1 1 1 1 1 1 1 1 1 1 1 1 1 1 1 1 1 1 1 1 1 1 1 1 1 1 1 1 100 1 1 1 1
staticfield jdk/internal/util/ArraysSupport U Ljdk/internal/misc/Unsafe; jdk/internal/misc/Unsafe
staticfield jdk/internal/util/ArraysSupport BIG_ENDIAN Z 0
staticfield jdk/internal/util/ArraysSupport LOG2_ARRAY_BOOLEAN_INDEX_SCALE I 0
staticfield jdk/internal/util/ArraysSupport LOG2_ARRAY_BYTE_INDEX_SCALE I 0
staticfield jdk/internal/util/ArraysSupport LOG2_ARRAY_CHAR_INDEX_SCALE I 1
staticfield jdk/internal/util/ArraysSupport LOG2_ARRAY_SHORT_INDEX_SCALE I 1
staticfield jdk/internal/util/ArraysSupport LOG2_ARRAY_INT_INDEX_SCALE I 2
staticfield jdk/internal/util/ArraysSupport LOG2_ARRAY_LONG_INDEX_SCALE I 3
staticfield jdk/internal/util/ArraysSupport LOG2_ARRAY_FLOAT_INDEX_SCALE I 2
staticfield jdk/internal/util/ArraysSupport LOG2_ARRAY_DOUBLE_INDEX_SCALE I 3
staticfield jdk/internal/util/ArraysSupport LOG2_BYTE_BIT_SIZE I 3
staticfield jdk/internal/util/ArraysSupport JLA Ljdk/internal/access/JavaLangAccess; java/lang/System$2
ciInstanceKlass java/lang/Character 1 1 604 7 1 7 1 100 1 9 12 1 1 8 1 9 12 1 1 7 1 9 12 1 1 10 7 12 1 1 1 10 100 12 1 1 1 10 100 12 1 1 1 10 7 12 1 1 1 9 7 12 1 1 1 10 12 1 10 12 1 1 10 12 1 1 10 7 12 1 1 10 12 1 1 3 3 3 3 3 10 12 1 1 10 12 1 3 11 7 12 1 1 1 11 12 1 1 10 12 1 1 10 12 1 1 100 1 10 10 12 1 3 10 12 1 1 10 12 1 10 12 1 1 100 1 8 1 10 12 1 1 10 12 1 10 12 1 10 12 1 10 100 12 1 1 1 10 12 1 10 12 1 10 12 1 1 10 12 1 10 7 12 1 1 10 10 12 1 10 10 12 1 10 12 1 1 10 12 1 10 10 12 1 10 12 1 10 12 1 10 12 1 10 12 1 10 12 1 10 12 1 10 12 10 10 12 10 10 12 1 10 10 12 1 10 10 12 1 10 10 12 1 10 12 1 10 12 1 10 12 1 10 12 1 10 12 1 10 12 1 10 10 12 1 10 10 12 1 10 10 12 1 1 10 10 12 1 10 5 0 10 12 1 10 12 1 10 10 12 1 10 10 12 1 1 10 10 12 1 10 10 12 1 9 12 1 1 100 1 10 10 12 1 10 12 1 1 3 10 100 12 1 1 1 10 12 1 10 100 12 1 1 7 1 10 10 12 1 1 10 12 1 1 10 12 1 1 8 1 10 12 1 9 100 12 1 1 1 10 12 1 10 10 12 1 10 12 1 1 10 12 1 10 10 12 1 1 10 10 12 1 1 7 1 8 1 10 12 1 1 10 7 12 1 1 1 8 1 10 12 1 1 9 12 1 1 7 1 7 1 7 1 1 1 1 3 1 3 1 3 1 3 1 1 1 1 1 3 1 1 3 1 3 1 3 1 3 1 3 1 3 1 3 1 3 1 3 1 3 1 3 1 3 1 3 1 3 1 3 1 3 1 3 1 3 1 3 1 3 1 3 1 3 1 3 1 3 1 3 1 3 1 3 1 3 1 1 1 1 1 1 1 1 1 1 1 1 1 1 1 1 1 1 1 3 1 1 1 1 1 1 1 3 1 1 3 1 1 1 1 1 3 1 1 5 0 1 1 1 1 1 1 1 1 1 1 1 1 1 1 1 1 1 1 1 1 1 1 1 1 1 1 1 1 1 1 1 1 1 1 1 1 1 1 1 1 1 1 1 1 1 1 1 1 1 1 1 1 1 1 1 1 1 1 1 1 1 1 1 1 1 1 1 1 1 1 1 1 1 1 1 1 1 1 1 1 1 1 1 1 1 1 1 1 1 1 100 1 100 1 1 1 1 1 1
staticfield java/lang/Character TYPE Ljava/lang/Class; java/lang/Class
staticfield java/lang/Character $assertionsDisabled Z 1
ciInstanceKlass java/util/Arrays 1 1 1029 10 7 12 1 1 1 10 7 12 1 1 1 10 7 12 1 1 1 10 12 1 10 12 1 10 12 1 10 12 1 10 12 1 10 12 1 10 100 12 1 1 1 100 1 7 1 10 8 1 10 12 1 1 10 12 1 8 1 8 1 10 12 1 1 10 12 1 100 1 10 12 1 9 100 12 1 1 1 10 7 12 1 1 100 1 10 12 1 1 10 7 12 1 1 10 7 12 1 1 1 100 1 10 12 1 10 12 1 1 7 1 9 7 12 1 1 1 10 12 1 1 10 7 12 1 1 10 12 1 10 12 1 1 10 12 1 10 12 1 1 7 1 11 12 1 1 10 12 1 10 7 12 1 1 1 10 12 10 12 1 10 12 1 10 12 10 12 1 11 7 12 1 1 1 10 7 12 1 1 1 100 1 10 12 1 10 100 1 10 12 1 10 100 1 10 12 1 10 100 1 10 12 1 10 10 12 1 1 10 12 1 10 12 1 10 12 1 10 12 1 10 12 1 10 7 12 1 1 1 10 12 1 10 7 12 1 1 1 10 12 1 10 12 1 10 7 12 1 1 1 10 12 1 10 12 1 10 12 1 10 12 1 10 12 1 10 12 1 10 12 1 10 12 1 10 12 1 10 12 1 10 12 1 10 12 1 10 12 1 10 12 1 10 12 1 10 12 1 1 10 12 1 1 10 7 12 1 1 1 10 7 1 10 7 1 10 7 1 10 7 1 10 7 1 10 100 1 10 100 1 10 100 1 10 12 1 8 1 10 12 1 1 10 12 1 1 10 12 1 1 10 12 1 1 10 12 1 1 10 12 1 1 10 12 1 1 10 12 1 1 10 12 1 1 7 1 10 12 10 12 1 1 10 12 1 10 12 1 1 10 12 1 1 9 7 12 1 1 1 10 12 1 9 7 1 10 12 1 9 7 1 10 12 1 9 7 1 10 12 1 9 7 1 10 12 1 9 7 1 10 12 1 9 10 12 1 10 12 1 10 12 1 9 12 1 100 1 10 10 12 1 1 10 12 1 10 12 1 10 12 1 10 12 1 10 12 1 10 12 1 10 12 1 10 12 1 10 12 1 8 1 8 1 10 12 1 10 12 1 8 1 10 12 1 10 12 1 10 12 1 10 7 12 1 1 1 3 10 100 1 10 10 12 1 1 11 100 12 1 1 10 12 1 1 10 12 1 10 12 1 10 12 1 10 12 1 10 12 1 10 12 1 10 12 1 10 12 1 11 12 1 8 1 10 11 12 1 11 100 12 1 1 1 11 100 12 1 1 1 11 12 1 1 18 12 1 1 11 12 1 1 11 100 12 1 1 1 18 12 1 11 100 12 1 1 1 18 12 1 11 100 12 1 1 1 18 12 1 100 1 10 7 12 1 1 1 10 12 1 10 12 1 10 12 1 10 12 1 10 12 1 10 12 1 10 12 1 10 12 1 1 10 12 1 10 7 12 1 1 10 12 1 10 12 1 10 12 1 1 10 12 1 10 12 1 10 12 1 1 10 12 1 10 12 1 10 12 1 1 10 12 1 10 12 1 10 12 1 10 12 1 10 12 10 12 1 10 12 10 12 10 12 1 10 12 10 12 1 10 12 1 10 12 1 1 1 1 3 1 3 1 1 1 1 1 1 1 1 1 1 1 1 1 1 1 1 1 1 1 1 1 1 1 1 1 1 1 1 1 1 1 1 1 1 1 1 1 1 1 1 1 1 1 1 1 1 1 1 1 1 1 1 1 1 1 1 1 1 1 1 1 1 1 1 1 1 1 1 1 1 1 1 1 1 1 1 1 1 1 1 1 1 1 1 1 1 1 1 1 1 1 1 1 1 1 1 1 1 1 1 1 1 1 1 1 1 1 1 1 1 1 1 1 1 1 1 1 1 1 1 1 1 1 1 1 1 1 1 1 1 1 1 1 1 1 1 1 1 1 1 1 1 1 1 1 1 1 1 1 1 1 1 1 1 1 1 1 1 1 1 1 1 1 1 1 1 1 1 1 1 1 1 1 1 1 1 1 1 1 1 1 1 1 1 1 1 1 1 1 1 1 1 1 1 1 1 1 1 1 1 1 1 1 1 1 1 1 1 1 1 1 1 1 1 1 1 1 1 1 1 1 1 1 1 1 1 1 1 1 1 1 1 1 1 1 1 1 1 1 1 1 1 1 1 1 1 1 1 1 1 1 1 1 1 100 1 1 16 15 10 12 15 10 12 15 10 12 15 10 12 15 10 100 12 1 1 1 1 1 100 1 100 1 1 1 1 100 1 1 1 1 1 1 100 1 1 100 1 1 100 1 1 1 100 1 100 1 1
staticfield java/util/Arrays $assertionsDisabled Z 1
ciInstanceKlass java/lang/OutOfMemoryError 1 1 26 10 100 12 1 1 1 10 12 1 100 1 1 1 1 5 0 1 1 1 1 1 1 1 1 1
ciMethod java/lang/StringLatin1 equals ([B[B)Z 756 742 7131 0 -1
ciMethod java/lang/StringLatin1 hashCode ([B)I 480 0 5470 0 624
ciInstanceKlass java/lang/StringUTF16 1 1 635 7 1 7 1 10 7 12 1 1 1 10 7 12 1 1 1 100 1 10 3 7 1 7 1 10 8 1 10 12 1 1 10 12 1 8 1 10 12 1 1 10 12 1 9 12 1 1 10 12 1 1 100 1 8 1 10 12 1 9 12 1 1 9 12 1 10 10 12 1 1 10 12 1 1 10 7 12 1 1 1 10 12 1 10 12 1 1 10 12 1 1 10 12 1 1 10 12 1 1 10 12 1 10 12 1 1 10 12 1 1 10 12 1 1 10 12 1 1 10 12 1 1 10 12 1 10 100 12 1 1 1 10 12 1 1 10 7 12 1 1 1 10 12 1 1 10 12 1 10 12 1 1 10 12 1 1 10 12 1 1 10 12 1 10 12 1 100 1 10 12 1 10 10 12 1 10 12 1 1 10 12 1 10 100 12 1 1 1 10 12 1 1 10 12 10 12 1 1 10 12 1 10 12 1 1 10 12 1 10 12 1 10 12 1 10 12 1 100 1 10 12 1 1 10 12 1 3 10 12 1 1 10 12 1 10 12 1 10 12 1 10 12 1 10 12 1 10 12 1 1 9 12 1 10 12 1 10 12 10 12 1 1 10 12 1 10 12 1 10 12 1 10 10 12 10 12 10 10 12 1 1 10 12 1 10 12 1 10 12 1 100 1 8 1 8 1 10 12 1 1 100 1 10 10 7 12 1 1 1 10 100 12 1 1 8 1 8 1 8 1 10 12 1 1 10 12 1 1 10 12 10 100 12 1 1 10 12 1 1 10 12 1 1 10 12 1 10 12 10 12 10 12 1 10 12 10 12 1 10 12 1 10 12 1 10 12 1 10 100 12 1 1 1 10 100 12 1 1 1 10 12 1 1 10 12 1 1 11 7 12 1 1 10 12 1 10 12 1 10 12 1 1 9 12 1 1 9 12 1 5 0 5 0 10 12 1 10 12 10 12 10 7 12 1 1 1 10 12 1 1 1 1 1 1 1 1 1 1 1 1 1 1 1 1 1 1 1 1 1 1 1 1 1 1 1 1 1 100 1 1 1 1 1 1 1 1 1 1 1 1 1 1 1 1 1 1 1 1 1 1 1 1 1 1 1 1 1 1 1 1 1 1 1 1 1 1 1 1 1 1 1 1 1 1 1 1 1 1 1 1 1 1 1 1 1 1 1 1 1 1 1 1 1 1 1 1 1 1 1 1 1 1 1 1 1 1 1 1 1 1 1 1 1 1 1 1 1 1 100 1 1 1 1 1 1 1 1 1 1 1 1 1 1 1 1 1 100 1 1 1 1 1 1 1 1 1 1 1 1 1 1 1 1 1 1 1 1 1 1 1 1 1 1 1 1 1 1 1 1 1 1 1 1 1 1 1 1 1 1 1 1 1 1 1 1 1 1 1 1 1 1 1 1 1 1 1 100 1 100 1 1 1 1 1
staticfield java/lang/StringUTF16 HI_BYTE_SHIFT I 0
staticfield java/lang/StringUTF16 LO_BYTE_SHIFT I 8
staticfield java/lang/StringUTF16 $assertionsDisabled Z 1
ciInstanceKlass java/lang/Integer 1 1 453 7 1 7 1 7 1 7 1 10 12 1 1 9 12 1 1 9 12 1 1 10 100 12 1 1 1 10 12 1 1 10 100 12 1 1 1 10 10 12 1 1 10 7 12 1 1 1 10 12 1 10 12 1 1 10 7 12 1 1 1 10 12 1 1 10 12 1 1 10 12 1 10 12 1 10 12 1 1 10 10 12 1 9 12 1 1 9 12 1 100 1 8 1 10 12 1 7 1 10 12 1 8 1 10 12 1 1 10 12 1 8 1 10 12 1 8 1 10 12 1 1 3 10 12 1 1 3 10 12 1 1 10 12 1 1 10 7 12 1 1 1 11 7 1 10 12 1 1 11 10 12 1 1 8 1 10 12 1 1 8 1 7 1 10 12 1 1 10 12 1 1 5 0 8 1 10 12 1 10 12 1 10 12 1 10 12 1 1 7 1 9 12 1 1 9 12 1 1 10 12 1 10 7 1 9 12 1 10 12 1 10 12 1 10 12 1 1 10 7 12 1 1 1 100 1 100 1 10 12 1 1 10 12 1 1 8 1 8 1 10 12 1 1 8 1 8 1 8 1 8 1 8 1 8 1 10 12 1 10 12 1 5 0 3 3 3 3 10 12 1 10 12 1 3 10 12 1 10 100 12 1 1 1 10 12 1 1 10 12 1 1 8 1 10 7 12 1 1 1 9 12 1 1 7 1 7 1 7 1 1 1 1 3 1 1 1 3 1 3 1 1 5 0 1 1 1 1 1 1 1 1 1 100 1 1 1 1 1 1 1 1 1 1 1 1 1 1 1 1 1 1 1 1 1 1 1 1 1 1 1 1 1 1 1 1 1 1 1 1 1 1 1 1 3 1 1 1 1 1 1 1 1 1 1 1 1 1 1 1 1 7 1 1 1 1 1 1 1 1 1 1 1 1 1 1 1 1 1 1 1 1 1 1 1 1 1 1 1 1 1 1 1 1 1 1 1 1 1 1 1 1 1 1 1 1 1 1 7 1 1 1 1 1 1 1 1 1 100 1 100 1 1
staticfield java/lang/Integer TYPE Ljava/lang/Class; java/lang/Class
staticfield java/lang/Integer digits [C 36
staticfield java/lang/Integer DigitTens [B 100
staticfield java/lang/Integer DigitOnes [B 100
instanceKlass java/math/BigDecimal
instanceKlass com/google/gson/internal/LazilyParsedNumber
instanceKlass com/sun/jna/IntegerType
instanceKlass java/util/concurrent/atomic/Striped64
instanceKlass java/math/BigInteger
instanceKlass java/util/concurrent/atomic/AtomicLong
instanceKlass java/util/concurrent/atomic/AtomicInteger
instanceKlass java/lang/Long
instanceKlass java/lang/Integer
instanceKlass java/lang/Short
instanceKlass java/lang/Byte
instanceKlass java/lang/Double
instanceKlass java/lang/Float
ciInstanceKlass java/lang/Number 1 1 37 10 7 12 1 1 1 10 100 12 1 1 1 100 1 1 1 1 5 0 1 1 1 1 1 1 1 1 1 1 1 1 1 1 1 1 1
ciMethod java/lang/StringUTF16 hashCode ([B)I 0 0 1 0 -1
ciMethod java/lang/StringUTF16 compress ([CI[BII)I 294 7424 2108 0 -1
ciMethod java/lang/StringUTF16 compress ([BI[BII)I 0 0 1 0 -1
ciMethod java/lang/StringUTF16 compress ([CII)[B 1024 0 9368 0 -1
ciMethod java/lang/StringUTF16 toBytes ([CII)[B 0 0 1 0 -1
ciMethod java/lang/StringUTF16 getChar ([BI)C 1024 0 11527 0 -1
ciMethod java/lang/StringUTF16 coderFromArrayLen ([BI)B 294 0 9369 0 -1
ciInstanceKlass java/lang/Thread$FieldHolder 1 1 48 10 7 12 1 1 1 9 7 12 1 1 1 9 12 1 1 9 12 1 1 9 12 1 1 9 12 1 1 1 1 1 1 1 1 1 1 100 1 100 1 1 1 1 100 1 1 1
ciInstanceKlass java/lang/Thread$Constants 0 0 59 7 1 10 7 12 1 1 1 100 1 10 10 7 12 1 1 1 7 1 8 1 10 12 1 9 7 12 1 1 1 7 1 7 1 10 12 1 10 12 1 9 12 1 1 1 1 1 1 1 1 1 1 1 1 1 1 1 1
ciInstanceKlass java/lang/ThreadGroup 1 1 411 10 7 12 1 1 1 9 7 12 1 1 1 8 1 9 12 1 1 7 1 9 12 1 1 9 12 1 1 10 7 12 1 1 1 10 12 1 1 10 12 1 10 12 1 10 12 1 10 12 1 1 10 12 1 1 10 12 1 10 12 1 1 10 12 1 10 12 1 10 100 12 1 1 1 10 12 1 1 18 12 1 1 11 7 12 1 1 1 10 7 12 1 1 1 10 7 12 1 10 12 1 1 10 12 1 1 10 12 1 1 10 100 12 1 1 1 10 12 1 11 12 1 1 11 7 12 1 1 11 12 1 1 10 12 1 1 10 12 1 10 12 1 11 12 1 11 12 1 1 100 1 10 10 12 1 100 1 10 18 12 1 1 11 7 12 1 1 1 11 12 1 1 9 12 1 1 10 12 1 1 8 1 10 7 12 1 1 1 10 100 12 1 1 1 10 12 1 1 11 12 10 12 1 1 10 12 1 1 11 7 1 9 12 1 7 1 10 8 1 10 12 1 1 10 12 1 1 8 1 10 12 1 10 7 12 1 1 1 10 12 1 1 10 7 1 8 1 10 8 1 10 12 1 10 12 1 8 1 9 12 1 1 9 12 1 10 100 12 1 1 1 100 9 12 1 1 7 1 9 12 1 10 12 10 12 1 1 100 10 12 9 12 1 10 12 1 100 1 10 11 12 1 1 7 1 10 10 12 1 10 12 1 1 1 1 1 1 1 1 1 1 1 1 1 1 1 1 1 1 3 1 1 1 1 1 1 1 1 1 1 1 1 100 1 1 1 1 1 1 1 1 1 1 1 1 1 1 1 1 1 1 1 1 1 1 1 1 1 1 1 1 1 1 1 1 1 1 1 1 1 1 1 1 1 1 1 16 15 10 12 16 16 15 10 12 16 15 10 100 12 1 1 1 1 1 100 1 100 1 1
staticfield java/lang/ThreadGroup $assertionsDisabled Z 1
ciInstanceKlass java/lang/Thread$UncaughtExceptionHandler 1 0 16 100 1 100 1 1 1 1 1 1 1 1 100 1 1 1
ciInstanceKlass java/security/AccessControlContext 1 1 374 9 7 12 1 1 1 9 12 1 1 10 100 12 1 1 1 8 1 10 100 12 1 1 1 10 7 12 1 1 1 9 12 1 9 12 1 1 9 12 1 1 10 7 12 1 1 7 1 10 12 1 11 7 12 1 1 1 11 12 1 11 12 1 11 12 1 1 7 1 11 12 1 1 10 12 1 10 7 12 1 1 1 9 100 12 1 1 1 10 7 12 1 1 1 11 100 12 1 1 1 10 7 1 100 1 8 1 10 12 1 10 12 1 1 7 1 10 7 12 1 1 1 9 12 1 9 12 1 9 12 1 9 12 1 1 9 12 1 1 9 12 1 9 12 1 10 7 12 1 1 1 9 12 1 10 12 1 1 10 12 1 1 8 1 10 12 1 1 10 12 1 1 10 7 12 1 1 1 7 1 10 10 12 1 1 10 7 12 1 1 1 10 8 1 10 7 12 1 1 8 1 10 7 12 1 1 8 1 8 1 10 12 1 8 1 10 12 1 8 1 10 12 1 10 12 1 10 12 1 1 8 1 8 1 100 1 10 12 1 10 12 1 1 100 1 10 12 1 8 1 10 12 1 10 12 1 10 8 1 10 12 1 1 10 12 1 1 10 12 1 1 10 12 1 1 10 12 1 10 12 1 11 10 12 1 10 12 1 1 10 10 10 12 1 1 1 1 1 1 1 1 1 1 1 1 1 1 1 1 1 1 1 1 1 1 1 1 100 1 1 1 1 1 1 1 1 1 1 1 1 1 1 1 1 1 1 1 1 1 1 1 1 1 1 1 1 1 1 1 1 1 1 1 1 1 1 1 1 1 1 1 1 1 1 1 1 1 1 1 1 3 1 1
instanceKlass java/lang/ThreadBuilders$BoundVirtualThread
instanceKlass java/lang/VirtualThread
ciInstanceKlass java/lang/BaseVirtualThread 0 0 36 10 100 12 1 1 1 100 1 1 1 1 1 1 1 1 1 1 1 1 1 1 1 1 1 1 1 1 100 1 100 1 1 100 1 1
ciInstanceKlass java/lang/VirtualThread 0 0 907 9 7 12 1 1 1 10 7 12 1 1 1 10 100 12 1 1 1 10 7 12 1 1 1 9 12 1 1 9 12 1 1 100 1 10 12 1 9 12 1 1 18 12 1 1 9 12 1 1 10 12 1 1 100 1 10 12 1 10 12 1 1 10 12 1 1 10 12 1 1 10 12 1 10 7 12 1 10 12 1 10 12 1 10 12 1 10 12 1 11 100 12 1 1 1 100 1 10 12 1 1 10 100 12 1 1 1 10 100 12 1 1 1 10 12 1 100 1 10 10 12 1 10 12 1 1 9 12 1 1 10 12 1 1 9 12 1 1 10 12 1 9 12 1 1 9 12 1 100 1 10 10 12 1 10 100 12 1 1 10 9 10 10 12 1 1 10 12 1 1 10 100 12 1 1 10 100 1 10 9 10 10 12 1 7 1 10 12 1 1 10 12 1 10 12 1 10 12 1 1 9 12 1 10 12 1 10 12 1 9 12 1 1 10 12 1 10 12 1 9 12 1 1 10 12 1 10 12 1 10 12 1 11 100 12 1 1 10 12 1 1 10 12 1 1 10 12 1 1 9 12 1 10 100 1 10 12 1 1 10 12 1 1 10 12 1 10 12 1 10 12 1 10 12 9 12 1 1 10 100 12 1 1 10 12 1 10 12 1 1 10 100 12 1 1 10 12 1 100 1 8 1 10 12 1 10 12 1 1 10 12 1 10 12 1 10 100 12 1 1 10 12 1 10 12 1 1 10 12 1 10 12 1 1 10 7 12 1 1 10 12 1 1 10 12 1 1 100 1 10 10 12 1 7 1 9 12 1 1 10 7 12 1 1 10 9 12 1 1 18 9 100 12 1 1 1 11 100 12 1 1 1 11 100 1 11 12 10 12 1 10 12 1 1 10 12 1 100 1 10 10 12 1 10 12 1 1 10 12 1 1 10 12 1 10 12 1 10 12 1 9 12 1 1 11 100 12 1 1 10 12 9 100 12 1 1 1 9 12 1 10 12 1 1 9 12 1 9 12 1 9 12 1 7 1 10 10 12 1 1 10 12 1 10 12 7 1 7 1 10 8 1 10 12 1 1 10 12 1 10 12 1 10 10 12 1 8 1 10 10 12 1 10 12 1 10 7 12 1 1 8 1 8 1 10 9 100 12 1 1 1 10 12 1 1 10 12 1 10 10 10 12 9 12 1 10 12 1 1 9 12 1 10 12 1 1 9 12 1 10 12 1 1 18 12 1 1 18 12 1 10 7 12 1 1 1 8 1 10 100 12 1 1 1 10 7 12 1 1 1 18 12 1 10 100 12 1 1 1 100 1 10 12 1 8 1 10 12 1 8 1 10 12 1 1 8 1 8 1 10 100 12 1 1 8 1 10 12 1 8 1 8 1 10 100 12 1 1 1 10 12 1 10 12 1 1 10 12 1 18 12 1 1 18 12 1 1 5 0 9 12 1 10 12 1 18 12 1 100 1 10 12 10 7 12 1 1 10 12 1 1 7 1 8 1 10 10 12 1 10 12 1 1 10 12 1 9 12 1 8 10 12 1 1 8 8 9 12 1 8 10 12 1 1 3 1 3 1 3 1 3 1 3 1 3 1 3 1 3 1 3 1 3 1 3 1 3 3 1 3 1 1 1 1 1 1 1 1 1 1 1 1 1 1 7 1 1 1 1 1 1 1 1 1 1 1 1 1 1 7 1 1 1 1 1 1 1 1 1 1 1 7 1 1 1 1 1 1 1 1 1 1 1 1 1 1 1 1 1 1 1 1 1 1 1 1 1 1 1 1 1 1 1 1 1 1 1 1 1 1 1 100 1 1 1 1 1 1 1 1 1 1 1 1 1 1 1 1 1 1 1 1 1 1 1 1 1 1 1 1 1 1 1 1 1 1 1 100 1 1 1 1 1 1 1 1 1 1 1 1 1 1 100 1 1 16 15 10 12 15 16 15 10 12 16 15 10 12 16 16 15 10 12 16 15 10 12 16 15 10 12 16 15 10 12 16 1 15 10 100 12 1 1 1 1 1 1 1 7 1 1 100 1 100 1 1
ciInstanceKlass java/lang/ThreadBuilders$BoundVirtualThread 0 0 132 10 7 12 1 1 1 9 7 12 1 1 1 10 7 12 1 1 1 9 12 1 1 10 12 1 1 10 12 1 1 9 12 1 1 10 7 12 1 1 1 10 12 1 1 7 1 8 1 10 12 1 10 12 1 1 10 12 1 1 10 12 1 1 10 7 12 1 1 1 8 1 10 12 1 8 1 10 12 1 1 10 100 12 1 1 9 100 12 1 1 1 10 12 1 1 10 10 12 1 1 1 1 1 1 1 1 1 1 1 1 1 1 1 1 1 1 1 1 1 1 1 1 1 1 1 1 100 1 1 1 1
ciInstanceKlass jdk/internal/vm/ContinuationScope 0 0 50 10 100 12 1 1 1 10 100 12 1 1 1 100 1 9 100 12 1 1 1 10 12 1 1 10 100 12 1 1 1 10 12 1 1 10 12 1 1 1 1 1 1 1 1 1 1 1 1 1
ciInstanceKlass jdk/internal/vm/StackChunk 0 0 32 10 100 12 1 1 1 9 100 12 1 1 1 9 12 1 1 9 12 1 1 1 1 1 1 1 1 1 1 1 1 1
ciInstanceKlass java/lang/Float 1 1 279 7 1 7 1 10 100 12 1 1 1 10 100 12 1 1 1 4 7 1 10 12 1 1 10 12 1 1 8 1 8 1 10 7 12 1 1 1 10 12 1 1 10 12 1 1 10 100 1 4 10 7 12 1 1 9 12 1 1 10 12 1 1 10 12 1 10 10 12 1 1 10 12 1 10 12 1 3 3 100 1 4 4 4 3 10 12 1 1 9 12 1 1 100 1 10 3 3 4 4 10 12 1 3 3 3 10 12 1 1 10 12 1 1 10 12 1 10 100 12 1 1 1 10 12 1 1 10 12 1 1 10 7 12 1 1 1 8 1 10 12 1 1 9 12 1 1 7 1 7 1 7 1 1 1 1 4 1 4 1 1 1 4 1 1 3 1 3 1 3 1 3 1 3 1 1 1 1 5 0 1 1 1 1 1 1 1 1 1 1 100 1 1 1 1 1 1 1 1 1 1 1 1 1 3 1 1 1 1 1 1 1 1 1 1 1 1 1 1 1 1 1 1 1 1 1 1 1 1 1 1 1 1 1 1 1 1 1 1 1 1 1 1 1 1 1 1 1 1 1 1 1 1 1 1 1 1 1 1 1 1 1 1 1 1 1 7 1 1 1 1 1 1 1 100 1 100 1 1
staticfield java/lang/Float TYPE Ljava/lang/Class; java/lang/Class
staticfield java/lang/Float $assertionsDisabled Z 1
ciInstanceKlass java/lang/Double 1 1 290 7 1 7 1 10 100 12 1 1 1 10 12 1 1 10 7 1 10 12 1 1 10 7 12 1 1 1 6 0 8 1 10 12 1 1 8 1 10 12 1 1 8 1 6 0 10 12 1 1 100 1 5 0 5 0 8 1 8 1 10 7 12 1 1 1 10 7 12 1 1 1 8 1 10 12 1 1 8 1 8 1 8 1 10 12 1 1 10 12 1 10 12 1 1 10 12 1 10 12 1 10 12 1 1 10 12 1 10 7 1 6 0 10 7 12 1 1 9 12 1 1 10 12 1 10 12 1 10 12 1 10 12 1 10 12 1 5 0 10 12 1 1 10 12 1 10 12 1 10 100 12 1 1 1 10 12 1 1 10 12 1 1 8 1 10 7 12 1 1 1 9 12 1 1 7 1 7 1 7 1 1 1 6 0 1 6 0 1 6 0 1 1 1 6 0 1 1 3 1 3 1 3 1 3 1 3 1 1 1 1 5 0 1 1 1 1 1 1 1 1 1 1 1 1 1 1 1 1 100 1 1 1 1 1 1 1 1 1 1 1 1 3 1 1 1 1 1 1 1 1 1 1 1 1 1 1 1 1 1 1 1 1 1 1 1 1 1 1 1 1 1 1 1 1 1 1 7 1 1 1 1 1 1 1 100 1 100 1 1
staticfield java/lang/Double TYPE Ljava/lang/Class; java/lang/Class
ciInstanceKlass java/lang/Byte 1 1 213 7 1 100 1 10 7 12 1 1 1 9 12 1 1 8 1 9 12 1 1 7 1 10 12 1 1 10 12 1 1 10 100 12 1 1 1 10 100 12 1 1 1 9 7 12 1 1 1 10 12 1 1 100 1 7 1 10 12 1 1 8 1 10 12 1 1 8 1 10 12 1 10 12 1 10 12 1 10 12 1 1 10 12 1 10 12 1 10 12 1 1 10 8 1 8 1 10 7 1 9 12 1 1 10 12 1 1 10 12 1 1 10 12 1 1 10 12 1 5 0 10 12 1 1 8 1 10 7 12 1 1 1 9 12 1 1 7 1 7 1 1 1 3 1 3 1 1 1 1 3 1 3 1 1 5 0 1 1 1 1 1 1 1 1 1 1 1 1 1 1 1 1 1 1 1 1 1 1 1 1 1 1 1 1 1 1 1 1 1 1 1 1 1 1 1 1 1 1 1 1 1 1 1 1 1 1 1 1 1 1 1 1
staticfield java/lang/Byte TYPE Ljava/lang/Class; java/lang/Class
ciInstanceKlass java/lang/Short 1 1 222 7 1 7 1 100 1 10 7 12 1 1 1 10 12 1 1 100 1 7 1 10 12 1 1 8 1 10 12 1 1 8 1 10 12 1 10 12 1 10 12 1 10 12 1 1 10 12 1 1 10 12 1 9 12 1 1 8 1 9 12 1 1 7 1 10 12 1 1 10 12 1 10 100 12 1 1 1 10 100 12 1 1 1 9 7 12 1 1 1 10 12 1 10 12 1 1 10 8 1 8 1 10 7 1 9 12 1 1 10 12 1 1 10 12 1 1 10 12 1 1 10 12 1 3 3 5 0 10 12 1 1 8 1 10 7 12 1 1 1 9 12 1 1 7 1 7 1 1 1 3 1 3 1 1 1 1 3 1 3 1 1 5 0 1 1 1 1 1 1 1 1 1 1 1 1 1 1 1 1 1 1 1 1 1 1 1 1 1 1 1 3 1 1 1 1 1 1 1 1 1 1 1 1 1 1 1 1 1 1 1 1 1 1 1 1 1 1 1 1 1 1
staticfield java/lang/Short TYPE Ljava/lang/Class; java/lang/Class
ciInstanceKlass java/lang/Long 1 1 524 7 1 7 1 7 1 7 1 10 12 1 1 9 12 1 1 9 7 12 1 1 1 10 100 12 1 1 1 10 12 1 1 10 100 12 1 1 1 10 10 12 10 12 1 10 12 1 10 12 1 5 0 5 0 7 1 10 12 1 1 10 12 1 1 10 12 1 10 12 1 10 12 1 10 12 1 1 10 100 12 1 1 10 12 1 10 12 1 1 10 12 1 1 10 12 1 1 10 12 1 1 10 7 12 1 1 1 10 12 1 1 10 12 1 10 12 1 10 12 1 10 12 1 1 10 10 12 1 5 0 5 0 9 12 1 1 9 12 1 5 0 100 1 8 1 10 12 1 8 1 10 12 1 8 1 8 1 10 12 1 1 5 0 10 12 1 1 5 0 10 12 1 1 10 12 1 1 10 100 12 1 1 1 11 7 1 10 12 1 1 11 10 12 1 1 8 1 10 12 1 1 8 1 7 1 10 12 1 1 10 12 1 8 1 8 1 11 12 1 1 10 12 1 10 12 1 10 12 1 5 0 5 0 9 7 12 1 1 1 10 12 1 10 12 1 1 8 1 8 1 10 12 1 1 8 1 8 1 8 1 8 1 8 1 8 1 10 12 1 10 7 1 9 12 1 1 10 12 1 10 12 1 1 10 12 1 1 10 7 12 1 1 1 100 1 100 1 10 12 1 1 10 12 1 1 5 0 10 12 1 10 12 1 5 0 5 0 5 0 10 12 1 1 10 12 1 5 0 5 0 10 12 1 10 12 1 10 100 12 1 1 1 10 12 1 1 10 12 1 1 8 1 10 7 12 1 1 1 9 12 1 1 7 1 7 1 7 1 1 1 1 5 0 1 1 1 1 3 1 3 1 5 0 1 1 1 1 1 1 1 1 1 100 1 1 1 1 1 1 1 1 1 1 1 1 1 1 1 1 1 1 1 1 1 1 1 1 1 1 1 1 1 1 1 1 1 1 1 1 1 1 1 1 1 1 1 1 1 1 1 1 1 1 1 1 1 1 1 3 1 1 1 1 1 1 1 1 1 1 1 1 1 1 1 7 1 1 1 1 1 1 1 1 1 1 1 1 1 1 1 1 1 1 1 1 1 1 1 1 1 1 1 1 1 1 1 1 1 1 1 1 1 1 1 1 1 1 1 7 1 1 1 1 1 1 1 1 1 100 1 100 1 1
staticfield java/lang/Long TYPE Ljava/lang/Class; java/lang/Class
ciInstanceKlass jdk/internal/vm/vector/VectorSupport 0 0 573 100 1 10 100 12 1 1 1 9 12 1 1 10 12 1 1 100 1 10 12 1 11 100 12 1 1 1 11 100 12 1 1 1 11 100 12 1 1 11 100 12 1 1 11 100 12 1 1 1 11 100 12 1 1 11 100 12 1 1 11 100 12 1 1 11 100 12 1 1 11 100 12 1 1 11 100 12 1 1 11 100 12 1 1 1 11 100 12 1 1 11 100 12 1 1 1 11 100 12 1 1 1 11 100 12 1 1 11 100 12 1 1 1 11 100 12 1 1 100 1 10 12 1 1 11 100 12 1 1 11 100 12 1 1 11 100 12 1 1 11 100 12 1 1 11 100 12 1 1 11 100 12 1 1 9 12 1 1 10 100 12 1 1 11 100 12 1 1 10 12 1 1 10 100 12 1 1 1 10 12 1 10 12 1 1 10 12 1 1 1 1 1 3 1 3 1 3 1 3 1 3 1 3 1 3 1 3 1 3 1 3 1 3 1 3 1 3 1 3 1 3 1 3 1 3 1 3 1 3 1 3 1 3 1 3 1 3 1 3 1 3 1 3 1 3 1 3 1 3 1 3 1 3 1 3 1 3 1 3 1 3 1 3 1 3 1 3 1 3 1 3 1 3 1 3 1 3 1 3 1 3 1 3 1 3 1 3 1 3 1 3 1 3 1 3 1 3 1 1 1 1 1 1 1 1 1 1 1 1 1 1 1 1 1 1 1 1 1 1 1 1 1 1 1 1 1 1 1 1 1 1 1 1 1 1 1 1 1 1 1 1 1 1 1 1 1 1 1 1 1 1 1 1 1 1 1 1 1 1 1 1 1 1 1 1 1 1 1 1 1 1 1 1 1 1 1 1 1 1 1 1 1 1 1 1 1 1 1 1 1 1 1 1 1 1 1 1 1 1 1 1 1 1 1 1 1 1 1 1 1 1 1 1 1 1 1 1 1 1 1 1 1 1 1 1 1 1 1 1 1 1 1 1 1 1 1 1 1 1 1 1 1 1 1 1 1 1 1 1 1 1 1 1 1 1 1 1 1 1 1 1 1 1 1 1 1 1 1 1 1 1 1 1 1 1 1 1 1 1 1 1 1 1 1 1 1 1 1 1 1 1 1 1 1 1 1 1 1 1 1 1 1 1 1 1 1 1 1 1 1 1 1 1 1 1 1 1 1 1 1 1 1 1 1 1 1 1 1 1 1 1 1 100 1 100 1 100 1 100 1 100 1 1 1 1 1 1 1 1 1 1 1 1 1 1 1 1 1 1 1 1 1 1 1 1 1 1 1 1 1 1 1
instanceKlass jdk/internal/vm/vector/VectorSupport$VectorShuffle
instanceKlass jdk/internal/vm/vector/VectorSupport$VectorMask
instanceKlass jdk/internal/vm/vector/VectorSupport$Vector
ciInstanceKlass jdk/internal/vm/vector/VectorSupport$VectorPayload 0 0 32 10 100 12 1 1 1 9 100 12 1 1 1 10 100 12 1 1 1 1 1 1 1 1 1 1 1 1 1 1 1 1
ciInstanceKlass jdk/internal/vm/vector/VectorSupport$Vector 0 0 28 10 100 12 1 1 1 100 1 1 1 1 1 1 1 1 1 1 1 1 1 1 1 100 1 1 1 1
ciInstanceKlass jdk/internal/vm/vector/VectorSupport$VectorMask 0 0 28 10 100 12 1 1 1 100 1 1 1 1 1 1 1 1 1 1 1 1 1 1 1 100 1 1 1 1
ciInstanceKlass jdk/internal/vm/vector/VectorSupport$VectorShuffle 0 0 28 10 100 12 1 1 1 100 1 1 1 1 1 1 1 1 1 1 1 1 1 1 1 100 1 1 1 1
ciInstanceKlass jdk/internal/vm/FillerObject 0 0 16 10 100 12 1 1 1 100 1 1 1 1 1 1 1 1
instanceKlass java/lang/ref/PhantomReference
instanceKlass java/lang/ref/FinalReference
instanceKlass java/lang/ref/WeakReference
instanceKlass java/lang/ref/SoftReference
ciInstanceKlass java/lang/ref/Reference 1 1 190 9 7 12 1 1 1 9 7 12 1 1 10 12 1 1 10 12 1 1 9 12 1 1 10 12 1 1 9 12 1 1 9 12 1 1 7 1 10 12 1 10 7 12 1 1 10 12 1 10 12 1 1 10 12 1 7 1 8 1 10 12 1 1 7 1 10 12 1 1 10 12 1 1 10 12 1 9 12 1 10 12 1 1 10 12 1 10 12 1 9 12 1 7 1 100 1 10 12 9 12 1 9 12 1 100 1 10 10 12 1 10 10 7 12 1 1 7 1 10 10 7 12 1 1 1 1 1 1 1 1 1 1 1 1 1 1 1 1 1 1 1 7 1 1 1 100 1 1 1 1 1 1 1 1 1 1 1 1 1 1 1 1 1 1 1 1 1 1 1 1 1 1 1 1 1 1 1 1 1 1 1 7 1 7 1 7 1 1 1
staticfield java/lang/ref/Reference processPendingLock Ljava/lang/Object; java/lang/Object
staticfield java/lang/ref/Reference $assertionsDisabled Z 1
ciMethod java/lang/ref/Reference get ()Ljava/lang/Object; 0 0 1 0 -1
instanceKlass java/util/ResourceBundle$BundleReference
instanceKlass sun/util/locale/provider/LocaleResources$ResourceReference
instanceKlass sun/util/resources/Bundles$BundleReference
instanceKlass org/eclipse/core/internal/registry/ReferenceMap$SoftRef
instanceKlass sun/security/util/MemoryCache$SoftCacheEntry
instanceKlass sun/util/locale/LocaleObjectCache$CacheEntry
instanceKlass java/lang/invoke/LambdaFormEditor$Transform
ciInstanceKlass java/lang/ref/SoftReference 1 1 47 10 7 12 1 1 1 9 7 12 1 1 1 9 12 1 10 12 1 10 12 1 1 1 1 1 1 1 1 1 1 1 1 1 1 1 1 1 1 1 1 100 1 1 1 1 1
instanceKlass org/eclipse/jdt/internal/core/util/WeakHashSetOfCharArray$HashableWeakReference
instanceKlass org/eclipse/jdt/internal/core/util/WeakHashSet$HashableWeakReference
instanceKlass java/util/ResourceBundle$KeyElementReference
instanceKlass com/sun/jna/CallbackReference
instanceKlass java/util/logging/LogManager$LoggerWeakRef
instanceKlass java/util/logging/Level$KnownLevel
instanceKlass org/eclipse/osgi/internal/container/KeyBasedLockStore$LockWeakRef
instanceKlass sun/nio/ch/FileLockTable$FileLockReference
instanceKlass java/lang/ClassValue$Entry
instanceKlass java/lang/ThreadLocal$ThreadLocalMap$Entry
instanceKlass java/lang/WeakPairMap$WeakRefPeer
instanceKlass jdk/internal/util/WeakReferenceKey
instanceKlass java/util/WeakHashMap$Entry
ciInstanceKlass java/lang/ref/WeakReference 1 1 31 10 7 12 1 1 1 10 12 1 100 1 1 1 1 1 1 1 1 1 1 1 1 1 1 1 1 1 1 1 1
instanceKlass java/lang/ref/Finalizer
ciInstanceKlass java/lang/ref/FinalReference 1 1 50 10 7 12 1 1 1 10 7 12 1 1 1 10 12 1 1 7 1 8 1 10 12 1 1 1 1 1 1 1 1 1 1 1 1 1 1 1 1 1 1 1 1 1 1 1 1 1 7 1
instanceKlass com/sun/jna/internal/Cleaner$CleanerRef
instanceKlass jdk/internal/ref/PhantomCleanable
instanceKlass jdk/internal/ref/Cleaner
ciInstanceKlass java/lang/ref/PhantomReference 1 1 39 10 100 12 1 1 1 10 7 12 1 1 1 1 1 1 1 1 1 1 1 1 1 1 1 1 1 1 1 1 1 1 1 1 1 1 1 1 1
ciInstanceKlass java/lang/ref/Finalizer 1 1 155 9 7 12 1 1 1 10 7 12 1 1 1 9 12 1 1 9 12 1 1 9 12 1 9 12 1 9 12 1 1 10 12 1 7 1 8 1 10 12 1 10 12 1 1 9 12 1 100 1 10 12 1 7 1 11 100 12 1 1 10 12 1 7 1 10 12 1 100 1 10 12 1 10 7 12 1 1 1 10 100 12 1 1 1 100 1 10 10 12 1 7 1 10 12 1 7 1 10 12 1 1 10 12 1 1 10 12 1 10 7 12 1 1 1 7 1 10 7 1 10 10 12 1 1 1 1 1 1 1 1 1 1 1 1 1 1 1 1 1 1 1 1 1 1 1 1 1 1 1 1 1 1 1 1
staticfield java/lang/ref/Finalizer lock Ljava/lang/Object; java/lang/Object
staticfield java/lang/ref/Finalizer ENABLED Z 1
staticfield java/lang/ref/Finalizer $assertionsDisabled Z 1
instanceKlass org/eclipse/jdt/internal/compiler/ast/MessageSend$AssertUtil
instanceKlass org/eclipse/jdt/internal/compiler/ast/LambdaExpression$CompatibilityResult
instanceKlass org/eclipse/jdt/internal/compiler/lookup/TypeConstants$DangerousMethod
instanceKlass org/eclipse/lsp4j/DiagnosticSeverity
instanceKlass org/eclipse/jdt/internal/compiler/lookup/TypeConstants$BoundCheckStatus
instanceKlass org/eclipse/lsp4j/jsonrpc/messages/ResponseErrorCode
instanceKlass java/lang/StackStreamFactory$WalkerState
instanceKlass java/lang/StackWalker$ExtendedOption
instanceKlass org/eclipse/jdt/internal/compiler/codegen/OperandStack$OperandCategory
instanceKlass org/eclipse/jdt/internal/compiler/ast/NullAnnotationMatching$Severity
instanceKlass org/eclipse/jdt/internal/compiler/parser/Parser$SwitchRuleKind
instanceKlass org/eclipse/jdt/internal/compiler/parser/Parser$CaseLabelKind
instanceKlass org/eclipse/jdt/internal/compiler/ast/Annotation$AnnotationTargetAllowed
instanceKlass org/eclipse/jdt/internal/compiler/parser/Parser$LocalTypeKind
instanceKlass lombok/core/configuration/LogDeclaration$LogFactoryParameter
instanceKlass lombok/eclipse/agent/PatchDelegate$DelegateReceiver
instanceKlass org/eclipse/jdt/internal/compiler/lookup/BinaryTypeBinding$ExternalAnnotationStatus
instanceKlass org/eclipse/jdt/internal/compiler/env/IModuleAwareNameEnvironment$LookupStrategy
instanceKlass org/eclipse/jdt/internal/compiler/env/IUpdatableModule$UpdateKind
instanceKlass org/eclipse/jdt/internal/compiler/lookup/LookupEnvironment$CompleteTypeBindingsSteps
instanceKlass org/eclipse/jdt/ls/core/internal/JDTUtils$LocationType
instanceKlass org/eclipse/jdt/internal/compiler/lookup/Scope$MatchPhase
instanceKlass lombok/eclipse/handlers/HandleConstructor$SkipIfConstructorExists
instanceKlass org/eclipse/jdt/internal/compiler/ast/ExpressionContext
instanceKlass lombok/EqualsAndHashCode$CacheStrategy
instanceKlass lombok/core/handlers/HandlerUtil$JavadocTag
instanceKlass lombok/eclipse/handlers/EclipseHandlerUtil$CopyJavadoc
instanceKlass lombok/core/handlers/HandlerUtil$FieldAccess
instanceKlass lombok/eclipse/handlers/EclipseHandlerUtil$MemberExistsResult
instanceKlass lombok/AccessLevel
instanceKlass lombok/core/AST$Kind
instanceKlass org/eclipse/jdt/internal/compiler/ast/TypeReference$AnnotationPosition
instanceKlass lombok/eclipse/TransformationState
instanceKlass lombok/core/configuration/CapitalizationStrategy
instanceKlass lombok/core/configuration/NullCheckExceptionType
instanceKlass lombok/core/configuration/CallSuperType
instanceKlass lombok/core/configuration/FlagUsageType
instanceKlass org/eclipse/jdt/internal/compiler/impl/JavaFeature
instanceKlass org/eclipse/jdt/internal/compiler/parser/Scanner$ScanContext
instanceKlass org/eclipse/osgi/container/Module$StopOptions
instanceKlass java/nio/file/FileVisitResult
instanceKlass java/nio/file/FileTreeWalker$EventType
instanceKlass java/nio/file/FileVisitOption
instanceKlass org/eclipse/jdt/internal/compiler/parser/TerminalToken
instanceKlass org/eclipse/jdt/ls/core/internal/semantictokens/TokenModifier
instanceKlass org/eclipse/jdt/ls/core/internal/semantictokens/TokenType
instanceKlass org/eclipse/lsp4j/TextDocumentSyncKind
instanceKlass com/google/common/base/CaseFormat
instanceKlass org/eclipse/lsp4j/DiagnosticTag
instanceKlass org/eclipse/lsp4j/PrepareSupportDefaultBehavior
instanceKlass org/eclipse/lsp4j/CompletionItemKind
instanceKlass org/eclipse/lsp4j/CompletionItemTag
instanceKlass org/eclipse/lsp4j/InsertTextMode
instanceKlass org/eclipse/lsp4j/SymbolTag
instanceKlass org/eclipse/lsp4j/SymbolKind
instanceKlass com/google/gson/ReflectionAccessFilter$FilterResult
instanceKlass com/google/gson/stream/JsonToken
instanceKlass com/google/gson/Strictness
instanceKlass com/google/gson/ToNumberPolicy
instanceKlass com/google/gson/FieldNamingPolicy
instanceKlass com/google/gson/LongSerializationPolicy
instanceKlass org/eclipse/jdt/ls/core/internal/ServiceStatus
instanceKlass org/eclipse/jdt/ls/core/internal/DiagnosticsState$ErrorLevel
instanceKlass javax/xml/catalog/CatalogFeatures$State
instanceKlass com/sun/org/apache/xalan/internal/utils/XMLSecurityPropertyManager$Property
instanceKlass com/sun/org/apache/xalan/internal/utils/FeaturePropertyBase$State
instanceKlass jdk/xml/internal/JdkProperty$ImplPropMap
instanceKlass jdk/xml/internal/JdkXmlFeatures$XmlFeature
instanceKlass org/eclipse/jdt/ls/core/internal/preferences/CodeGenerationTemplate
instanceKlass org/eclipse/jdt/ls/core/internal/preferences/Preferences$SearchScope
instanceKlass org/eclipse/jdt/ls/core/internal/handlers/ProjectEncodingMode
instanceKlass org/eclipse/jdt/ls/core/internal/handlers/InlayHintsParameterMode
instanceKlass org/eclipse/jdt/ls/core/internal/handlers/CompletionGuessMethodArgumentsMode
instanceKlass org/eclipse/jdt/ls/core/internal/handlers/CompletionMatchCaseMode
instanceKlass org/eclipse/jdt/ls/core/internal/preferences/Preferences$FeatureStatus
instanceKlass lombok/eclipse/agent/PatchDelegate$DelegateReceiver
instanceKlass org/apache/felix/scr/impl/inject/field/FieldHandler$METHOD_TYPE
instanceKlass java/security/DrbgParameters$Capability
instanceKlass jdk/xml/internal/XMLSecurityManager$NameMap
instanceKlass jdk/xml/internal/XMLSecurityManager$Processor
instanceKlass jdk/xml/internal/XMLSecurityManager$Limit
instanceKlass java/nio/file/StandardCopyOption
instanceKlass java/math/RoundingMode
instanceKlass sun/util/locale/provider/LocaleProviderAdapter$Type
instanceKlass java/time/format/TextStyle
instanceKlass java/time/format/DateTimeFormatterBuilder$SettingsParser
instanceKlass java/util/Locale$Category
instanceKlass java/time/format/ResolverStyle
instanceKlass java/time/format/SignStyle
instanceKlass java/time/temporal/JulianFields$Field
instanceKlass java/time/temporal/IsoFields$Unit
instanceKlass java/time/temporal/IsoFields$Field
instanceKlass java/util/Comparators$NaturalOrderComparator
instanceKlass org/apache/felix/scr/impl/inject/ValueUtils$ValueType
instanceKlass org/apache/felix/scr/impl/manager/RegistrationManager$RegState
instanceKlass org/apache/felix/scr/impl/manager/AbstractComponentManager$State
instanceKlass org/osgi/util/promise/PromiseFactory$Option
instanceKlass org/apache/felix/scr/impl/metadata/ReferenceMetadata$ReferenceScope
instanceKlass org/apache/felix/scr/impl/metadata/ServiceMetadata$Scope
instanceKlass org/apache/felix/scr/impl/metadata/DSVersion
instanceKlass com/sun/org/apache/xerces/internal/impl/XMLScanner$NameType
instanceKlass com/sun/org/apache/xerces/internal/util/Status
instanceKlass javax/xml/catalog/CatalogFeatures$Feature
instanceKlass com/sun/org/apache/xerces/internal/utils/XMLSecurityPropertyManager$Property
instanceKlass com/sun/org/apache/xerces/internal/utils/XMLSecurityPropertyManager$State
instanceKlass com/sun/org/apache/xerces/internal/utils/XMLSecurityManager$NameMap
instanceKlass jdk/xml/internal/JdkProperty$State
instanceKlass com/sun/org/apache/xerces/internal/utils/XMLSecurityManager$Limit
instanceKlass org/apache/felix/scr/impl/logger/InternalLogger$Level
instanceKlass org/eclipse/osgi/container/ModuleContainerAdaptor$ContainerEvent
instanceKlass org/eclipse/osgi/container/Module$StartOptions
instanceKlass java/lang/StackWalker$Option
instanceKlass org/eclipse/equinox/plurl/impl/PlurlImpl$SetFactories
instanceKlass org/eclipse/osgi/container/ModuleDatabase$Sort
instanceKlass org/eclipse/osgi/container/Module$Settings
instanceKlass org/eclipse/osgi/container/ModuleContainerAdaptor$ModuleEvent
instanceKlass org/eclipse/osgi/storage/ContentProvider$Type
instanceKlass org/eclipse/osgi/container/Module$State
instanceKlass org/osgi/service/log/LogLevel
instanceKlass sun/util/logging/PlatformLogger$Level
instanceKlass jdk/internal/logger/BootstrapLogger$LoggingBackend
instanceKlass java/lang/reflect/ProxyGenerator$PrimitiveTypeInfo
instanceKlass java/lang/annotation/RetentionPolicy
instanceKlass java/nio/file/AccessMode
instanceKlass java/util/stream/MatchOps$MatchKind
instanceKlass java/nio/file/attribute/PosixFilePermission
instanceKlass jdk/internal/icu/util/CodePointTrie$ValueWidth
instanceKlass jdk/internal/icu/util/CodePointTrie$Type
instanceKlass java/text/Normalizer$Form
instanceKlass java/time/temporal/ChronoUnit
instanceKlass java/time/temporal/ChronoField
instanceKlass sun/security/util/DisabledAlgorithmConstraints$Constraint$Operator
instanceKlass java/lang/System$Logger$Level
instanceKlass sun/security/rsa/RSAUtil$KeyType
instanceKlass sun/security/util/KnownOIDs
instanceKlass lombok/patcher/StackRequest
instanceKlass java/util/regex/Pattern$Qtype
instanceKlass java/lang/invoke/MethodHandleImpl$ArrayAccess
instanceKlass java/util/zip/ZipCoder$Comparison
instanceKlass java/nio/file/LinkOption
instanceKlass sun/nio/fs/WindowsPathType
instanceKlass java/util/concurrent/TimeUnit
instanceKlass java/nio/file/StandardOpenOption
instanceKlass java/util/stream/Collector$Characteristics
instanceKlass java/util/stream/StreamShape
instanceKlass java/lang/invoke/MethodHandles$Lookup$ClassOption
instanceKlass java/lang/invoke/VarHandle$AccessType
instanceKlass java/lang/invoke/VarHandle$AccessMode
instanceKlass java/lang/invoke/MethodHandleImpl$Intrinsic
instanceKlass java/lang/invoke/LambdaForm$BasicType
instanceKlass java/lang/invoke/LambdaForm$Kind
instanceKlass sun/invoke/util/Wrapper
instanceKlass java/util/stream/StreamOpFlag$Type
instanceKlass java/util/stream/StreamOpFlag
instanceKlass java/io/File$PathStatus
instanceKlass java/lang/module/ModuleDescriptor$Requires$Modifier
instanceKlass java/lang/reflect/AccessFlag$Location
instanceKlass java/lang/reflect/AccessFlag
instanceKlass java/lang/module/ModuleDescriptor$Modifier
instanceKlass java/lang/reflect/ClassFileFormatVersion
instanceKlass java/lang/Thread$State
ciInstanceKlass java/lang/Enum 1 1 204 9 7 12 1 1 1 9 12 1 1 10 7 12 1 1 1 9 12 1 10 7 12 1 1 1 100 1 10 10 12 1 1 10 12 1 7 1 10 10 7 12 1 1 10 12 1 1 18 12 1 1 10 100 12 1 1 1 10 12 1 1 11 7 12 1 1 1 100 1 8 1 10 12 1 100 1 7 1 10 8 1 10 12 1 1 10 12 1 1 8 1 10 12 1 10 100 1 8 1 10 10 12 1 1 10 100 12 1 1 1 7 1 7 1 7 1 1 1 1 1 1 1 1 1 1 1 1 1 1 1 1 1 1 1 1 1 1 1 1 1 1 1 1 1 1 1 1 1 1 1 1 1 1 1 1 1 1 1 1 1 1 1 3 1 1 1 1 100 1 7 1 1 100 1 1 1 1 1 1 1 1 1 1 1 16 15 10 12 16 15 10 100 12 1 1 1 1 1 100 1 100 1 1
instanceKlass java/lang/ref/ReferenceQueue$Null
instanceKlass java/lang/ref/NativeReferenceQueue
ciInstanceKlass java/lang/ref/ReferenceQueue 1 1 183 9 7 12 1 1 1 11 7 12 1 1 1 11 12 1 9 7 12 1 1 1 11 12 1 10 7 12 1 1 9 12 1 1 7 1 10 9 12 1 1 10 12 1 1 9 7 12 1 1 1 9 12 1 9 12 1 9 12 1 1 100 1 10 9 12 1 1 9 12 1 7 1 10 100 12 1 1 1 10 12 1 10 12 1 1 10 7 12 1 1 1 10 12 1 5 0 10 10 12 10 12 1 1 10 12 1 10 12 1 1 100 1 8 1 10 12 1 10 12 1 10 12 1 1 10 12 11 100 12 1 1 1 10 7 12 1 1 7 1 10 1 1 1 1 1 1 1 1 1 1 100 1 1 1 1 1 1 1 1 1 1 1 1 1 1 1 7 1 1 1 1 1 1 1 1 1 1 1 1 1 1 1
staticfield java/lang/ref/ReferenceQueue NULL Ljava/lang/ref/ReferenceQueue; java/lang/ref/ReferenceQueue$Null
staticfield java/lang/ref/ReferenceQueue ENQUEUED Ljava/lang/ref/ReferenceQueue; java/lang/ref/ReferenceQueue$Null
staticfield java/lang/ref/ReferenceQueue $assertionsDisabled Z 1
ciInstanceKlass java/lang/reflect/Method 1 1 472 9 7 12 1 1 1 10 7 12 1 1 1 10 7 12 1 1 9 12 1 1 10 12 1 1 10 12 1 1 10 7 12 1 1 10 7 12 1 1 1 9 12 1 1 9 12 1 9 12 1 1 9 12 1 9 12 1 9 12 1 1 9 12 1 9 12 1 1 9 12 1 9 12 1 9 12 1 1 100 1 8 1 10 12 1 10 12 1 9 12 1 1 8 1 10 7 12 1 1 10 7 12 1 1 1 10 12 1 1 10 12 1 1 10 12 1 10 12 1 1 10 12 1 1 9 100 12 1 1 1 10 12 1 1 10 12 10 7 12 1 1 10 12 1 1 10 12 1 10 12 1 10 12 1 10 7 12 1 1 1 10 12 1 1 10 7 1 10 7 12 1 1 1 10 7 12 1 1 10 12 1 1 10 12 1 1 10 12 1 10 7 12 1 1 1 10 12 1 10 8 1 10 12 1 10 12 1 7 1 8 1 8 1 8 1 10 12 1 10 12 1 1 10 12 1 1 10 10 12 1 1 10 12 1 11 7 1 10 12 1 9 12 1 1 10 12 1 1 10 12 1 10 12 1 1 10 12 1 1 11 7 12 1 1 1 11 12 1 9 12 1 1 10 12 1 10 12 1 10 12 1 10 12 1 10 12 1 10 12 1 9 12 1 1 10 7 12 1 1 1 10 7 12 1 1 10 12 1 1 10 7 12 1 1 1 10 7 12 1 1 1 10 7 12 1 1 1 11 7 12 1 1 1 10 7 12 1 1 1 7 1 100 1 100 1 10 12 1 10 12 1 1 10 12 1 100 1 8 1 10 12 1 10 10 12 1 1 10 12 1 1 10 12 1 1 10 12 1 1 8 1 10 12 1 1 1 1 1 1 1 1 1 1 1 1 1 1 1 1 1 1 1 1 1 1 1 1 1 1 1 1 1 1 1 1 1 1 1 1 1 1 1 1 1 1 1 1 1 1 1 1 1 1 1 1 1 100 1 7 1 7 1 1 1 1 1 1 1 1 1 1 1 1 1 1 1 1 1 1 1 1 1 1 1 1 1 1 1 1 1 1
ciInstanceKlass java/lang/reflect/Field 1 1 457 9 7 12 1 1 1 10 12 1 1 10 7 12 1 1 1 10 7 12 1 1 9 12 1 1 10 12 1 1 10 12 1 1 10 7 12 1 1 10 7 12 1 1 1 9 12 1 1 9 12 1 9 12 1 9 12 1 1 9 12 1 1 9 12 1 9 12 1 1 9 12 1 1 100 1 8 1 10 12 1 10 12 1 9 12 1 1 9 12 1 10 12 1 10 7 12 1 1 10 12 1 1 10 12 1 1 10 12 1 10 12 1 1 9 100 12 1 1 1 10 100 12 1 1 1 7 1 10 12 1 1 10 12 1 1 10 12 1 1 10 12 1 10 12 1 10 7 1 10 7 12 1 1 7 1 10 8 1 10 12 1 1 10 12 1 1 8 1 10 12 10 12 1 8 1 8 1 10 11 7 1 9 12 1 10 12 1 1 10 12 1 1 11 7 12 1 1 1 10 12 1 11 12 1 1 11 12 1 1 11 12 1 1 11 12 1 1 11 12 1 1 11 12 1 1 11 12 1 1 11 12 1 1 11 12 1 1 11 12 1 1 11 12 1 1 11 12 1 1 11 12 1 1 11 12 1 1 11 12 1 1 11 12 1 1 11 12 1 1 10 12 1 10 7 12 1 1 10 12 1 10 12 1 10 12 1 9 12 1 1 10 7 12 1 1 1 10 12 1 1 10 12 1 10 7 12 1 1 10 12 1 1 11 7 1 10 12 1 7 1 10 100 12 1 1 1 10 7 12 1 1 1 9 12 1 10 7 12 1 1 1 11 7 12 1 1 1 10 12 1 1 10 12 1 1 9 100 12 1 1 10 100 12 1 1 1 10 12 1 1 7 1 1 1 1 1 1 1 1 1 1 1 1 1 1 1 1 1 1 1 1 1 1 1 1 1 1 1 1 1 1 1 1 1 1 1 1 1 1 1 100 1 1 1 1 1 1 1 1 1 1 1 1 1 1 1 1 1 1 1 1 1 1 1 1 1 1 1 1 1 1 1 1 7 1 1 1 1 1 1 1 1 1 100 1 1
ciInstanceKlass java/lang/reflect/Parameter 1 1 243 10 7 12 1 1 1 9 7 12 1 1 1 9 12 1 1 9 12 1 1 9 12 1 10 12 1 1 10 12 1 1 10 7 12 1 1 1 7 1 10 10 12 1 1 11 7 12 1 1 1 10 12 1 10 100 12 1 1 1 10 12 1 1 10 12 1 10 12 1 8 1 8 1 10 7 12 1 1 1 10 12 1 10 12 9 100 12 1 1 1 10 100 12 1 1 1 10 12 1 8 1 10 12 1 9 12 1 1 10 12 1 1 9 12 1 1 10 12 1 1 10 12 1 1 10 12 1 1 10 12 1 10 10 12 1 10 100 12 1 1 1 10 12 1 1 11 7 12 1 1 10 7 12 1 1 7 1 10 100 12 1 1 1 10 12 1 1 10 12 1 1 10 12 1 1 10 12 1 1 9 12 1 100 1 10 11 12 1 1 11 12 1 1 7 1 1 1 1 1 1 1 1 1 1 1 1 1 1 1 1 1 1 1 1 1 1 1 1 1 1 1 1 1 1 1 1 1 1 1 1 1 1 1 1 1 100 1 1 1 1 1 1
ciInstanceKlass java/lang/reflect/RecordComponent 1 1 196 10 7 12 1 1 1 9 7 12 1 1 1 9 12 1 1 9 12 1 10 12 1 1 10 12 1 1 10 100 12 1 1 1 10 12 1 1 9 12 1 1 10 12 1 1 10 12 1 1 10 12 1 10 100 12 1 1 10 100 12 1 1 9 12 1 1 10 100 12 1 1 1 11 100 12 1 1 1 10 9 100 12 1 1 1 10 100 12 1 1 1 9 12 1 1 10 100 12 1 1 1 10 12 1 1 11 7 12 1 1 10 7 12 1 1 7 1 9 12 1 9 12 1 1 9 12 1 10 100 12 1 1 1 10 12 1 1 10 12 1 1 7 1 10 10 12 1 10 12 1 1 8 1 10 12 1 10 12 1 9 12 1 7 1 1 1 1 1 1 1 1 1 1 1 1 1 1 1 1 1 1 1 1 1 1 7 1 1 1 1 1 1 100 1 1
ciInstanceKlass java/lang/StringBuffer 1 1 483 10 7 12 1 1 1 10 12 1 10 12 1 10 12 1 1 9 7 12 1 1 1 10 12 1 1 10 12 1 10 12 1 1 9 12 1 1 10 12 1 10 12 1 1 10 12 1 1 10 12 1 10 12 1 1 10 12 1 10 12 1 1 10 12 1 1 10 7 12 1 1 1 10 12 1 1 10 12 1 10 12 1 10 12 1 10 12 1 10 12 1 10 12 1 10 12 1 10 12 1 10 12 1 10 12 1 10 12 1 10 12 1 10 12 1 10 12 1 1 10 12 1 10 12 1 1 10 12 1 1 10 10 12 1 1 10 12 1 10 12 1 10 12 1 10 12 1 10 12 1 10 12 1 10 12 10 12 1 10 12 1 10 12 1 10 12 1 1 10 12 1 10 12 1 10 10 12 1 1 10 12 1 10 12 1 10 12 1 10 10 100 12 1 1 1 10 10 12 1 1 9 12 1 1 10 100 12 1 1 10 100 1 8 10 100 12 1 1 1 8 10 12 1 8 1 10 12 1 10 12 1 10 100 12 1 1 1 10 100 12 1 1 1 7 1 10 12 100 1 8 1 10 10 12 1 1 10 12 1 1 10 12 1 10 12 1 10 12 1 1 10 12 1 10 12 1 10 12 1 10 12 1 10 12 1 10 12 10 12 1 10 12 1 10 12 1 10 12 1 10 12 1 10 12 1 10 12 1 10 12 1 10 12 1 10 12 1 10 12 10 12 10 12 1 10 12 1 10 12 1 10 12 10 12 1 10 12 1 10 12 1 10 12 1 10 12 1 10 12 1 10 12 1 10 12 1 10 12 1 10 12 1 10 12 1 7 1 10 12 1 9 7 12 1 1 1 9 7 1 9 12 1 1 7 1 7 1 7 1 7 1 1 1 1 5 0 1 1 1 1 1 1 1 1 1 1 1 1 1 1 1 1 1 1 1 1 1 1 1 1 1 1 1 1 1 1 1 1 1 1 1 1 1 1 1 1 1 1 1 1 1 1 1 1 1 1 1 1 1 1 1 1 1 1 1 1 1 100 1 1 1 1 1 7 1 1 1 1 1 1 1 1 1 1 1 1 1 1 1 1 1 1
staticfield java/lang/StringBuffer serialPersistentFields [Ljava/io/ObjectStreamField; 3 [Ljava/io/ObjectStreamField;
instanceKlass java/net/URLClassLoader
instanceKlass jdk/internal/loader/BuiltinClassLoader
ciInstanceKlass java/security/SecureClassLoader 1 1 102 10 7 12 1 1 1 7 1 10 12 1 9 7 12 1 1 1 10 12 1 10 12 1 10 12 1 1 10 12 1 1 10 12 1 7 1 10 7 1 10 12 1 7 1 10 12 1 11 7 12 1 1 1 7 1 11 12 1 10 12 1 1 1 1 1 1 1 1 1 1 1 1 1 1 1 1 1 1 1 1 1 1 1 1 1 1 1 1 1 1 1 1 1 1 1 1 100 1 1 1 1
ciInstanceKlass java/util/jar/Manifest 1 1 339 10 7 12 1 1 1 7 1 10 9 7 12 1 1 1 7 1 10 9 12 1 1 9 12 1 1 10 12 1 10 12 1 1 10 12 1 1 10 12 1 1 10 12 1 1 11 7 1 11 12 1 1 10 12 1 1 10 100 12 1 1 1 100 1 7 1 10 8 1 10 12 1 1 10 12 1 1 10 12 1 10 12 1 11 100 1 10 12 1 10 12 1 1 11 12 1 1 10 12 1 11 12 1 1 11 100 12 1 1 1 11 7 12 1 1 11 12 1 1 100 1 10 12 1 8 1 11 12 1 7 1 10 12 1 1 11 12 1 10 12 1 10 12 1 10 7 12 1 1 1 8 1 10 12 1 1 10 9 7 12 1 1 1 10 12 1 1 10 100 12 1 10 12 1 10 12 1 9 100 12 1 1 1 8 1 10 12 1 8 1 8 1 7 1 10 12 1 10 12 1 10 12 1 1 100 1 8 1 10 12 1 1 8 1 10 10 12 1 1 8 1 10 12 1 1 10 7 12 1 1 1 10 12 1 10 11 12 1 1 10 12 1 10 7 12 1 1 1 10 12 1 1 10 12 1 10 12 1 1 11 10 12 1 11 10 12 1 7 1 1 1 1 1 1 1 1 1 1 1 1 1 1 1 1 1 1 1 1 1 1 1 1 1 1 1 1 1 1 1 1 1 1 1 1 1 1 1 1 1 1 1 100 1 1 1 1 1 1 1 1 1 1 1 1 1 1 7 1 1 1 1 1 1 1 1 1 1 1
ciInstanceKlass java/io/ByteArrayInputStream 1 1 117 10 7 12 1 1 1 9 7 12 1 1 1 9 12 1 1 9 12 1 9 12 1 10 100 12 1 1 1 10 7 12 1 1 1 10 7 12 1 1 1 10 100 12 1 1 1 10 12 1 1 3 10 100 1 10 100 12 1 1 1 9 12 1 1 100 1 10 10 7 12 1 1 1 1 1 1 1 1 1 1 1 1 1 1 1 1 1 1 1 1 1 1 1 1 1 1 1 1 1 1 1 100 1 1 1 1 1 1 1 1 1 1 1 1 1 1
staticfield java/io/ByteArrayInputStream $assertionsDisabled Z 1
instanceKlass java/nio/DoubleBuffer
instanceKlass java/nio/FloatBuffer
instanceKlass java/nio/ShortBuffer
instanceKlass java/nio/CharBuffer
instanceKlass java/nio/IntBuffer
instanceKlass java/nio/LongBuffer
instanceKlass java/nio/ByteBuffer
ciInstanceKlass java/nio/Buffer 1 1 256 100 1 10 7 12 1 1 1 9 7 12 1 1 1 9 12 1 9 12 1 1 9 12 1 9 12 1 1 10 12 1 1 10 12 1 1 10 12 100 1 7 1 10 8 1 10 12 1 1 10 12 1 8 1 8 1 10 12 1 1 10 12 1 8 1 9 12 1 1 100 1 8 1 10 12 1 8 1 8 1 9 12 10 12 1 8 1 8 1 8 1 10 12 1 8 1 8 1 8 1 100 1 10 100 1 10 100 1 10 9 12 1 1 10 7 12 1 1 1 100 1 10 12 1 1 10 12 1 10 100 12 1 1 10 7 12 1 1 1 10 7 12 1 1 1 9 12 1 1 10 7 12 1 1 1 9 12 1 1 7 1 10 10 12 1 1 7 1 10 10 7 12 1 1 1 1 1 3 1 1 1 1 1 1 1 1 1 1 1 1 1 1 100 1 1 1 1 1 1 1 7 1 1 1 1 1 1 1 1 1 1 1 1 1 1 1 1 1 1 1 1 1 1 1 1 1 1 1 1 1 1 1 1 1 1 1 1 1 1 1 100 1 100 1 100 1 100 1 100 1 100 1 100 1 1
staticfield java/nio/Buffer UNSAFE Ljdk/internal/misc/Unsafe; jdk/internal/misc/Unsafe
staticfield java/nio/Buffer SCOPED_MEMORY_ACCESS Ljdk/internal/misc/ScopedMemoryAccess; jdk/internal/misc/ScopedMemoryAccess
staticfield java/nio/Buffer IOOBE_FORMATTER Ljava/util/function/BiFunction; jdk/internal/util/Preconditions$4
staticfield java/nio/Buffer $assertionsDisabled Z 1
instanceKlass org/eclipse/jdt/core/dom/ASTNode$NodeList
instanceKlass java/util/Collections$CopiesList
instanceKlass org/eclipse/osgi/internal/container/InternalUtils$CopyOnFirstWriteList
instanceKlass org/eclipse/osgi/internal/weaving/DynamicImportList
instanceKlass java/util/AbstractSequentialList
instanceKlass java/util/Collections$SingletonList
instanceKlass java/util/Vector
instanceKlass sun/security/jca/ProviderList$ServiceList
instanceKlass sun/security/jca/ProviderList$3
instanceKlass java/util/Arrays$ArrayList
instanceKlass java/util/ArrayList$SubList
instanceKlass java/util/Collections$EmptyList
instanceKlass java/util/ArrayList
ciInstanceKlass java/util/AbstractList 1 1 218 10 7 12 1 1 1 9 7 12 1 1 1 10 12 1 1 10 12 1 1 100 1 10 10 12 1 1 11 7 12 1 1 1 11 12 1 1 11 12 1 10 7 12 1 1 1 10 12 1 11 12 1 11 12 1 11 12 1 10 12 1 1 10 12 1 1 11 7 12 1 1 1 11 7 1 11 7 1 10 12 1 7 1 10 12 1 10 12 1 1 7 1 100 1 10 12 1 100 1 10 100 1 7 1 10 8 1 10 12 1 1 10 12 1 10 12 1 1 10 12 1 8 1 100 1 8 1 8 1 8 1 10 7 1 11 10 10 12 1 11 12 1 10 12 1 1 8 1 8 1 1 1 1 1 1 1 1 1 1 1 1 1 1 1 1 1 1 1 1 1 1 1 1 1 1 1 1 1 1 1 1 1 1 1 1 1 1 1 1 1 1 1 1 1 1 1 1 1 1 1 1 1 1 1 1 1 1 100 1 100 1 1 1 1 1 1 1
ciInstanceKlass java/util/List 1 1 251 10 100 12 1 1 1 11 100 12 1 1 1 11 100 12 1 1 1 11 12 1 1 11 100 12 1 1 11 12 1 1 11 12 1 1 10 100 12 1 1 1 7 1 7 1 10 12 1 1 100 1 10 100 12 1 1 1 11 12 1 1 11 12 1 11 12 1 100 1 10 12 1 11 12 1 1 11 12 1 1 11 12 1 10 100 12 1 1 1 9 7 12 1 1 1 7 1 10 12 10 12 1 7 1 10 12 1 1 10 12 1 10 12 1 1 11 12 1 1 100 1 1 1 1 1 1 1 1 1 1 1 1 1 1 1 1 1 1 1 1 1 1 1 1 1 1 1 1 1 1 1 1 1 1 1 1 1 1 1 1 1 1 1 1 100 1 100 1 1 1 1 1 1 1 1 1 1 1 1 1 1 1 1 1 1 1 1 1 1 1 1 1 1 1 1 1 1 1 1 1 1 1 1 1 1 1 1 1 1 1 1 1 1 1 1 1 1 1 1 1 1 1 1 1 1 1 1 1 1 1 1 1 1 1 1 1 1 1 1 1 1 1 1 100 1 1 100 1 1 1
ciInstanceKlass java/util/SequencedCollection 1 1 109 100 1 10 12 1 1 11 7 12 1 1 1 11 7 12 1 1 1 11 12 1 1 11 12 1 7 1 7 1 1 1 1 1 1 1 1 1 1 1 1 1 1 1 1 1 1 1 1 1 1 1 1 1 1 1 1 1 100 1 8 1 1 12 10 1 1 1 8 1 1 1 8 1 1 1 8 1 1 1 8 1 1 8 1 1 1 8 1 1 8 1 1 1 8 1 1 8 1 1 1 8 1 1 8 1 1 8 1
ciInstanceKlass java/util/Collection 1 1 115 11 7 12 1 1 1 7 1 11 7 12 1 1 1 10 100 12 1 1 1 11 12 1 1 11 100 12 1 1 1 11 12 1 1 11 100 12 1 1 1 11 12 1 1 10 100 12 1 1 1 11 12 1 10 7 12 1 1 1 100 1 100 1 1 1 1 1 1 1 1 1 1 1 1 1 1 1 1 1 1 1 1 1 1 1 1 1 1 1 1 1 1 1 1 1 1 1 1 1 1 1 1 1 1 1 1 1 1 1 1 1 1 1 1
ciInstanceKlass java/lang/Iterable 1 1 62 10 7 12 1 1 1 11 7 12 1 1 1 11 7 12 1 1 1 11 12 1 1 11 7 12 1 1 1 10 100 12 1 1 1 100 1 1 1 1 1 1 1 1 1 1 1 1 1 1 1 1 1 1 1 1 1 1 1 1 1 1
ciMethod java/util/List of ([Ljava/lang/Object;)Ljava/util/List; 254 0 2430 0 -1
instanceKlass java/util/Hashtable$ValueCollection
instanceKlass com/sun/jna/Structure$StructureSet
instanceKlass java/util/IdentityHashMap$Values
instanceKlass java/util/AbstractMap$2
instanceKlass java/util/TreeMap$Values
instanceKlass org/eclipse/osgi/internal/container/NamespaceList$Builder
instanceKlass java/util/AbstractQueue
instanceKlass java/util/LinkedHashMap$LinkedValues
instanceKlass java/util/HashMap$Values
instanceKlass java/util/ArrayDeque
instanceKlass java/util/AbstractSet
instanceKlass java/util/ImmutableCollections$AbstractImmutableCollection
instanceKlass java/util/AbstractList
ciInstanceKlass java/util/AbstractCollection 1 1 160 10 7 12 1 1 1 10 7 12 1 1 1 10 12 1 1 11 7 12 1 1 1 11 12 1 1 10 12 1 1 10 100 12 1 1 1 10 12 1 1 10 12 1 1 10 7 12 1 1 10 7 12 1 1 1 7 1 10 7 12 1 1 1 10 100 12 1 1 1 100 1 10 11 12 1 11 7 1 10 12 1 10 12 1 10 100 12 1 1 1 11 8 1 7 1 10 10 12 1 1 8 1 10 12 1 10 12 1 1 1 1 1 1 1 1 1 1 1 1 1 1 1 1 1 1 1 1 1 1 1 1 1 1 1 1 1 1 1 1 1 1 1 1 1 1 1 1 1 1 1 1 1 1 1 1 1 1 1 1
ciMethod java/util/AbstractCollection <init> ()V 708 0 202881 0 80
ciInstanceKlass java/lang/AssertionStatusDirectives 0 0 24 10 100 12 1 1 1 100 1 1 1 1 1 1 1 1 1 1 1 1 1 1 1 1
instanceKlass org/eclipse/jdt/internal/compiler/parser/SourceTypeConverter$AnonymousMemberFound
instanceKlass java/util/concurrent/CompletionException
instanceKlass org/eclipse/jdt/internal/compiler/ast/LambdaExpression$1NotPertientToApplicability
instanceKlass org/eclipse/jdt/internal/compiler/ast/LambdaExpression$CopyFailureException
instanceKlass org/eclipse/jdt/internal/compiler/lookup/Scope$MethodClashException
instanceKlass lombok/core/AnnotationValues$AnnotationValueDecodeFail
instanceKlass org/eclipse/jdt/internal/compiler/flow/UnconditionalFlowInfo$AssertionFailedException
instanceKlass org/eclipse/jdt/internal/compiler/problem/ShouldNotImplement
instanceKlass java/nio/file/ProviderNotFoundException
instanceKlass java/nio/file/FileSystemAlreadyExistsException
instanceKlass java/nio/file/FileSystemNotFoundException
instanceKlass org/eclipse/lsp4j/jsonrpc/ResponseErrorException
instanceKlass org/eclipse/lsp4j/jsonrpc/JsonRpcException
instanceKlass org/eclipse/jdt/internal/core/search/matching/MatchLocator$WrappedCoreException
instanceKlass org/eclipse/lsp4j/jsonrpc/MessageIssueException
instanceKlass com/google/gson/JsonParseException
instanceKlass java/io/UncheckedIOException
instanceKlass com/sun/jna/LastErrorException
instanceKlass org/eclipse/text/edits/MalformedTreeException
instanceKlass org/w3c/dom/DOMException
instanceKlass org/eclipse/jdt/internal/codeassist/select/SelectionNodeFound
instanceKlass org/eclipse/jdt/internal/core/DeltaProcessor$1FoundRelevantDeltaException
instanceKlass org/eclipse/jdt/internal/compiler/lookup/ReferenceBinding$DysfunctionalInterfaceException
instanceKlass org/eclipse/jdt/internal/codeassist/complete/InvalidCursorLocation
instanceKlass org/eclipse/jdt/internal/codeassist/complete/CompletionNodeFound
instanceKlass org/eclipse/jdt/internal/compiler/problem/AbortCompilation
instanceKlass org/eclipse/jdt/internal/compiler/lookup/SourceTypeCollisionException
instanceKlass org/eclipse/jdt/internal/core/builder/MissingSourceFileException
instanceKlass org/eclipse/jdt/internal/core/builder/ImageBuilderInternalException
instanceKlass java/lang/NegativeArraySizeException
instanceKlass org/eclipse/jdt/internal/core/ClasspathEntry$AssertionFailedException
instanceKlass java/lang/reflect/UndeclaredThrowableException
instanceKlass org/eclipse/core/internal/events/BuildManager$JobManagerSuspendedException
instanceKlass org/eclipse/core/internal/localstore/IsSynchronizedVisitor$ResourceChangedException
instanceKlass java/lang/IllegalCallerException
instanceKlass org/eclipse/core/internal/dtree/ObjectNotFoundException
instanceKlass org/eclipse/core/internal/utils/WrappedRuntimeException
instanceKlass org/eclipse/core/runtime/OperationCanceledException
instanceKlass org/osgi/util/promise/FailedPromisesException
instanceKlass org/eclipse/core/runtime/InvalidRegistryObjectException
instanceKlass java/util/concurrent/RejectedExecutionException
instanceKlass org/eclipse/core/runtime/AssertionFailedException
instanceKlass java/util/MissingResourceException
instanceKlass org/osgi/service/component/ComponentException
instanceKlass org/osgi/framework/hooks/weaving/WeavingException
instanceKlass java/lang/reflect/InaccessibleObjectException
instanceKlass java/util/ConcurrentModificationException
instanceKlass org/osgi/framework/ServiceException
instanceKlass java/lang/TypeNotPresentException
instanceKlass java/lang/IndexOutOfBoundsException
instanceKlass org/eclipse/osgi/framework/util/ThreadInfoReport
instanceKlass org/eclipse/osgi/storage/Storage$StorageException
instanceKlass java/util/NoSuchElementException
instanceKlass java/lang/SecurityException
instanceKlass java/lang/invoke/WrongMethodTypeException
instanceKlass java/lang/UnsupportedOperationException
instanceKlass java/lang/IllegalStateException
instanceKlass java/lang/IllegalArgumentException
instanceKlass java/lang/ArithmeticException
instanceKlass java/lang/NullPointerException
instanceKlass java/lang/IllegalMonitorStateException
instanceKlass java/lang/ArrayStoreException
instanceKlass java/lang/ClassCastException
ciInstanceKlass java/lang/RuntimeException 1 1 40 10 7 12 1 1 1 10 12 1 10 12 1 10 12 1 10 12 1 100 1 1 1 1 5 0 1 1 1 1 1 1 1 1 1 1 1 1 1 1
instanceKlass org/eclipse/jdt/internal/compiler/util/Tuples$Pair
instanceKlass org/eclipse/jdt/internal/compiler/ast/SwitchStatement$SingletonBootstrap
instanceKlass org/eclipse/jdt/internal/core/JavadocContents$Range
instanceKlass org/eclipse/jdt/internal/compiler/util/CharArray
instanceKlass org/eclipse/jdt/internal/compiler/ast/Pattern$TestContextRecord
instanceKlass org/eclipse/jdt/internal/core/JarPackageFragmentRootInfo$PackageContent
instanceKlass org/eclipse/jdt/internal/core/JrtPackageFragmentRoot$JrtModuleKey
instanceKlass org/eclipse/jdt/ls/core/internal/handlers/BaseInitHandler$JdtlsInfo
instanceKlass java/lang/reflect/Executable$ParameterData
instanceKlass java/nio/DirectByteBuffer$Deallocator
instanceKlass org/eclipse/jdt/internal/core/JavaModelManager$SecondaryTypesCache
instanceKlass java/lang/reflect/Proxy$ProxyBuilder$ProxyClassContext
instanceKlass org/eclipse/equinox/launcher/Main$Identifier
instanceKlass sun/security/pkcs/SignerInfo$AlgorithmInfo
instanceKlass jdk/internal/misc/ThreadTracker$ThreadRef
instanceKlass java/security/SecureClassLoader$CodeSourceKey
instanceKlass jdk/internal/module/ModuleReferenceImpl$CachedHash
instanceKlass java/util/stream/Collectors$CollectorImpl
instanceKlass jdk/internal/reflect/ReflectionFactory$Config
instanceKlass jdk/internal/foreign/abi/UpcallLinker$CallRegs
instanceKlass jdk/internal/foreign/abi/VMStorage
ciInstanceKlass java/lang/Record 1 1 22 10 7 12 1 1 1 100 1 1 1 1 1 1 1 1 1 1 1 1 1 1
ciInstanceKlass java/lang/invoke/MethodType 1 1 780 7 1 10 7 12 1 1 1 9 12 1 1 9 12 1 1 9 12 1 1 10 7 12 1 1 1 9 7 12 1 1 8 1 10 100 12 1 1 1 9 7 1 9 7 1 10 12 1 1 7 1 10 8 1 10 12 1 1 10 12 1 10 12 1 1 7 1 8 1 10 12 1 100 1 10 10 12 1 10 12 1 1 10 12 1 1 11 7 12 1 1 1 9 12 1 11 12 1 1 7 10 12 1 1 10 12 1 1 7 1 7 1 10 7 12 1 1 1 10 12 1 10 12 1 9 12 1 1 10 7 12 1 1 10 12 1 1 10 7 12 1 1 1 10 7 12 1 1 1 10 12 1 9 12 1 1 10 12 1 1 10 12 1 1 10 12 1 1 10 12 1 1 10 12 1 1 10 12 1 10 12 1 10 12 1 1 10 12 1 8 1 8 1 10 12 1 1 9 12 1 1 100 1 10 10 12 1 1 10 12 1 10 12 1 1 10 12 1 1 10 12 1 10 12 1 10 12 1 8 1 10 12 1 1 10 7 12 1 1 1 10 12 1 10 12 1 1 10 12 1 10 12 1 10 12 1 1 10 12 1 10 12 1 9 12 1 10 12 1 10 10 12 1 1 10 12 1 9 12 1 1 10 12 1 1 11 12 1 1 10 12 1 1 10 12 1 10 12 1 7 1 8 1 8 1 8 1 10 12 1 10 12 1 10 12 1 1 10 10 12 1 11 12 1 1 11 12 1 10 100 12 1 1 1 9 12 1 10 12 1 10 12 1 1 10 12 1 1 10 12 1 10 12 1 10 100 12 1 1 1 10 12 1 1 10 12 1 10 12 1 10 12 1 10 9 12 1 1 7 1 10 12 1 10 12 1 1 9 100 12 1 1 1 10 7 12 1 1 1 10 7 12 1 1 1 10 12 1 1 10 7 12 1 1 1 10 12 1 1 8 1 10 7 12 1 1 1 11 12 1 1 9 12 1 1 10 12 1 1 10 12 1 10 12 1 1 10 12 1 1 10 100 12 1 1 100 1 10 12 1 1 11 100 12 1 1 18 12 1 1 11 12 1 1 18 12 1 11 12 1 100 1 11 100 12 1 1 10 12 1 100 1 10 12 1 10 100 12 1 1 10 12 1 1 9 12 1 1 9 100 12 1 1 1 10 7 12 1 1 1 9 12 1 10 100 12 1 1 10 12 1 100 10 12 1 1 10 12 1 7 1 10 10 12 1 1 7 1 7 1 9 12 1 1 7 1 7 1 7 1 1 1 5 0 1 1 1 1 1 1 1 3 1 3 1 3 1 1 1 1 1 1 1 1 1 1 1 1 1 1 1 1 1 1 1 1 1 1 1 1 1 1 1 1 1 1 1 1 1 1 1 1 1 1 1 1 1 1 1 1 1 1 1 1 1 1 1 1 1 1 1 1 1 1 1 1 1 1 1 1 1 1 1 1 1 1 1 1 1 1 1 1 1 1 1 1 1 1 1 1 1 1 1 1 1 1 1 1 1 1 1 1 1 1 1 1 1 1 1 1 1 1 1 1 1 1 1 1 1 1 1 1 1 1 1 1 1 1 1 1 1 1 1 1 1 1 7 1 7 1 1 1 1 1 1 1 1 1 1 1 1 1 7 1 1 1 7 1 1 1 1 1 1 1 1 1 1 1 1 1 1 1 1 1 1 1 1 1 1 16 15 10 12 16 16 15 10 12 16 15 10 100 12 1 1 1 1 1 7 1 1 7 1 1 100 1 100 1 1
staticfield java/lang/invoke/MethodType internTable Ljdk/internal/util/ReferencedKeySet; jdk/internal/util/ReferencedKeySet
staticfield java/lang/invoke/MethodType NO_PTYPES [Ljava/lang/Class; 0 [Ljava/lang/Class;
staticfield java/lang/invoke/MethodType objectOnlyTypes [Ljava/lang/invoke/MethodType; 20 [Ljava/lang/invoke/MethodType;
staticfield java/lang/invoke/MethodType METHOD_HANDLE_ARRAY [Ljava/lang/Class; 1 [Ljava/lang/Class;
staticfield java/lang/invoke/MethodType serialPersistentFields [Ljava/io/ObjectStreamField; 0 [Ljava/io/ObjectStreamField;
staticfield java/lang/invoke/MethodType $assertionsDisabled Z 1
ciInstanceKlass java/lang/invoke/TypeDescriptor$OfMethod 1 0 43 100 1 100 1 100 1 1 1 1 1 1 1 1 1 1 1 1 1 1 1 1 1 1 1 1 1 1 1 1 1 1 1 1 1 1 1 1 1 1 100 1 1
instanceKlass java/lang/InstantiationException
instanceKlass java/lang/IllegalAccessException
instanceKlass java/lang/reflect/InvocationTargetException
instanceKlass java/lang/NoSuchFieldException
instanceKlass java/lang/NoSuchMethodException
instanceKlass java/lang/ClassNotFoundException
ciInstanceKlass java/lang/ReflectiveOperationException 1 1 34 10 7 12 1 1 1 10 12 1 10 12 1 10 12 1 100 1 1 1 1 5 0 1 1 1 1 1 1 1 1 1 1 1
instanceKlass java/lang/invoke/DelegatingMethodHandle
instanceKlass java/lang/invoke/BoundMethodHandle
instanceKlass java/lang/invoke/DirectMethodHandle
ciInstanceKlass java/lang/invoke/MethodHandle 1 1 733 100 1 9 7 12 1 1 1 10 7 12 1 1 1 10 7 12 1 1 1 7 1 7 1 10 12 1 1 9 12 1 1 10 12 1 10 12 1 1 10 12 1 1 10 7 12 1 1 1 10 12 1 1 10 12 1 1 11 7 12 1 1 1 10 12 1 1 10 12 1 10 12 1 10 12 1 1 9 12 1 1 9 12 1 1 10 7 12 1 1 1 10 12 1 1 10 12 1 10 12 1 100 1 7 1 10 8 1 10 12 1 1 10 12 1 8 1 10 12 1 1 10 12 1 10 7 12 1 1 1 10 12 1 1 10 12 1 1 10 12 1 1 10 7 12 1 1 1 10 12 1 1 10 12 1 1 10 12 1 10 12 1 1 10 7 12 1 1 10 7 12 1 1 10 12 1 10 12 1 10 12 1 1 10 12 1 1 10 12 1 1 10 12 1 1 10 7 12 1 1 1 10 7 12 1 1 1 10 12 1 1 10 12 1 1 10 12 1 1 8 1 10 7 12 1 1 1 8 1 10 12 1 10 12 1 1 10 12 1 1 10 12 1 8 1 10 12 1 1 8 1 10 12 1 8 1 10 7 12 1 1 1 9 12 1 1 100 1 10 9 7 12 1 1 1 9 7 1 8 1 10 12 1 1 10 12 1 10 12 1 1 10 12 1 10 12 1 1 10 12 1 10 12 1 1 10 12 1 10 12 1 1 10 12 1 1 8 1 10 12 1 1 8 1 10 12 1 10 12 1 1 10 12 1 10 12 1 10 12 1 1 9 100 12 1 1 1 10 12 1 1 11 12 1 10 12 1 10 12 1 1 10 100 12 1 1 100 1 11 12 1 10 100 1 11 12 1 7 1 10 12 1 11 12 1 9 100 12 1 1 1 11 12 1 1 11 100 12 1 1 1 10 12 1 1 9 12 1 11 12 1 9 12 1 9 12 1 9 12 1 11 12 1 1 9 12 1 9 12 1 9 12 1 9 12 1 9 12 1 9 12 1 9 12 1 8 1 10 12 1 10 12 1 8 1 10 12 1 10 12 1 10 12 1 1 10 10 10 7 12 1 1 10 12 1 1 100 1 7 1 8 1 8 1 10 10 12 1 1 10 12 1 10 12 1 7 1 10 100 12 1 1 1 10 9 7 12 1 1 1 10 12 1 1 10 12 1 1 8 1 8 1 10 7 12 1 1 9 12 1 9 12 1 1 9 12 1 1 10 12 1 7 1 10 12 1 10 12 1 1 9 12 1 1 9 12 1 1 10 7 12 1 1 1 11 7 12 1 1 9 12 1 10 12 1 1 9 12 1 10 12 1 8 10 12 1 1 8 1 1 1 1 1 1 1 1 7 1 1 1 1 1 1 1 1 1 1 1 1 1 1 1 1 1 1 1 1 1 1 1 1 1 1 1 1 1 1 100 1 1 1 1 1 1 1 1 1 1 1 1 1 1 1 1 1 1 1 1 1 1 1 1 1 1 1 1 1 1 1 1 1 1 1 1 1 1 1 1 1 1 1 1 1 1 1 1 1 1 1 1 1 1 1 1 1 1 1 1 1 1 1 1 1 1 1 1 1 1 1 1 1 1 1 1 1 1 1 1 1 1 1 1 1 1 100 1 1 100 1 7 1 100 1 1 100 1 1 100 1 1 1 1
staticfield java/lang/invoke/MethodHandle FORM_OFFSET J 20
staticfield java/lang/invoke/MethodHandle UPDATE_OFFSET J 13
staticfield java/lang/invoke/MethodHandle $assertionsDisabled Z 1
ciInstanceKlass java/util/concurrent/ConcurrentHashMap 1 1 1210 7 1 7 1 3 10 12 1 1 3 7 1 10 7 12 1 1 1 7 1 10 7 12 1 1 1 100 1 11 12 1 1 11 12 1 11 12 1 1 9 12 1 1 9 12 1 1 9 12 1 10 7 12 1 1 1 7 1 10 12 1 1 10 12 1 1 10 7 12 1 1 1 4 10 12 1 9 12 1 10 12 1 1 100 1 10 5 0 10 12 1 10 12 1 1 5 0 10 12 1 1 10 12 1 9 12 1 1 10 12 1 1 9 12 1 9 12 1 1 10 12 1 1 9 12 1 10 12 1 1 9 12 1 1 10 12 1 1 100 1 10 100 1 10 12 1 10 12 1 1 10 12 1 1 10 12 1 1 10 12 1 10 12 1 1 10 12 1 1 7 1 10 12 1 1 7 1 100 1 8 1 10 12 1 10 12 1 1 10 12 1 1 11 7 12 1 1 10 12 1 1 11 12 1 1 11 7 12 1 1 1 11 7 12 1 1 1 11 12 1 7 1 11 12 1 11 12 1 10 12 1 1 10 12 1 1 9 12 1 1 10 7 12 1 1 1 9 10 12 1 1 9 12 1 10 12 1 1 5 0 9 12 1 1 7 1 10 12 1 9 12 1 1 7 1 10 12 1 9 12 1 7 1 10 7 1 10 10 12 1 1 8 1 10 12 1 10 12 1 1 11 100 1 10 12 1 10 100 12 1 1 1 8 1 10 100 12 1 1 1 8 1 10 12 1 8 1 10 12 1 10 12 1 1 10 100 12 1 1 10 12 1 10 12 1 10 12 1 9 12 1 9 10 12 1 9 12 1 1 11 100 12 1 1 1 11 7 12 1 1 1 100 1 10 12 11 100 12 1 1 10 11 7 12 1 10 12 1 100 1 10 12 1 100 1 10 10 9 7 12 1 1 1 10 12 3 10 7 12 1 1 9 12 1 10 12 1 1 9 12 1 1 9 12 1 10 12 1 1 10 7 12 1 1 9 12 1 9 7 12 1 1 10 12 1 1 10 12 1 3 9 12 1 9 12 1 10 12 1 1 7 1 9 3 9 12 1 7 1 10 12 1 9 12 1 10 12 1 9 12 1 10 12 1 9 12 1 10 100 12 1 1 1 100 10 12 1 7 1 5 0 10 100 12 1 1 100 1 10 12 1 1 10 12 1 10 12 1 100 1 10 12 1 10 100 1 100 1 10 10 12 1 10 100 1 10 12 1 10 100 1 10 12 1 10 7 1 10 12 1 1 100 1 10 12 1 10 10 12 1 100 1 10 12 1 10 10 12 1 100 1 10 12 1 10 100 1 10 12 1 10 100 1 10 12 1 10 100 1 10 12 1 10 100 1 10 12 1 10 100 1 10 12 1 10 100 1 10 12 1 10 100 1 10 12 1 10 100 1 10 10 100 1 10 10 100 1 10 10 100 1 10 12 1 10 100 1 10 12 1 10 100 1 10 12 1 10 100 1 10 12 1 10 100 1 10 12 1 10 100 1 10 10 100 1 10 10 100 1 10 10 100 1 10 12 1 10 100 1 10 12 1 10 100 1 10 12 1 10 100 1 10 12 1 10 100 1 10 12 1 10 10 12 1 10 7 12 1 1 1 10 12 1 7 1 7 1 10 12 1 9 12 1 1 9 12 1 1 10 12 1 1 8 10 12 1 1 8 8 8 8 7 10 12 1 1 10 12 1 100 1 8 1 10 7 1 7 1 7 1 1 1 5 0 1 1 3 1 3 1 1 1 1 3 1 3 1 3 1 1 1 1 1 3 1 3 1 3 1 1 1 1 1 1 1 1 1 1 1 1 1 1 1 1 1 1 1 1 1 1 1 1 1 100 1 1 1 1 1 1 1 1 1 1 1 1 1 1 1 1 1 1 1 1 1 1 1 1 1 1 1 1 1 1 1 1 1 1 1 1 1 1 1 1 1 1 1 1 1 1 1 1 1 1 1 1 1 1 1 1 1 1 1 1 1 1 1 1 1 1 1 1 1 1 1 1 1 1 1 1 1 1 1 1 1 1 1 1 100 1 1 1 1 1 1 1 1 1 1 1 7 1 1 1 1 1 1 1 1 1 1 1 1 1 1 1 1 1 1 1 1 1 1 1 1 1 1 1 1 1 1 1 1 1 1 1 1 1 1 1 1 1 1 1 1 1 1 1 1 1 1 1 1 1 1 1 1 1 1 1 1 1 1 1 1 1 1 1 1 1 1 1 1 1 1 1 1 1 1 1 1 1 1 1 1 1 1 1 1 1 1 1 1 1 1 1 1 1 1 1 1 1 1 1 1 1 1 1 1 1 1 1 1 1 1 1 1 1 1 1 1 1 1 1 1 1 1 1 1 1 1 1 1 1 1 1 1 1 1 1 1 1 1 1 1 1 1 1 1 1 1 1 1 1 1 1 1 1 1 1 1 1 1 1 1 1 1 1 1 1 1 1 1 1 1 1 1 1 1 1 1 1 1 1 1 1 1 1 1 1 1 1 1 1 1 1 1 1 1 1 1 1 1 1 1 1 1 1 1 1 1 1 1 1 1 1 1 1 1 1 1 1 1 1 100 1 100 1 100 1 100 1 100 1 100 1 100 1 100 1 100 1 1 1 1 1 1 1 1 1 1 1 1 1 1 1 1 1 1 1 1 1 1 1 1 1 1 1 1 1 1 1 1 1 1 1 1 1 1 1 1 1 1 1 1 1 1 1 1 1 1 1 1 1 1 1 1 1 1
staticfield java/util/concurrent/ConcurrentHashMap NCPU I 12
staticfield java/util/concurrent/ConcurrentHashMap serialPersistentFields [Ljava/io/ObjectStreamField; 3 [Ljava/io/ObjectStreamField;
staticfield java/util/concurrent/ConcurrentHashMap U Ljdk/internal/misc/Unsafe; jdk/internal/misc/Unsafe
staticfield java/util/concurrent/ConcurrentHashMap SIZECTL J 20
staticfield java/util/concurrent/ConcurrentHashMap TRANSFERINDEX J 32
staticfield java/util/concurrent/ConcurrentHashMap BASECOUNT J 24
staticfield java/util/concurrent/ConcurrentHashMap CELLSBUSY J 36
staticfield java/util/concurrent/ConcurrentHashMap CELLVALUE J 144
staticfield java/util/concurrent/ConcurrentHashMap ABASE I 16
staticfield java/util/concurrent/ConcurrentHashMap ASHIFT I 2
instanceKlass com/google/gson/internal/LinkedTreeMap
instanceKlass java/util/concurrent/ConcurrentSkipListMap
instanceKlass org/eclipse/osgi/internal/framework/FilterImpl$ServiceReferenceMap
instanceKlass org/eclipse/osgi/internal/serviceregistry/ShrinkableValueCollectionMap
instanceKlass java/util/Collections$SingletonMap
instanceKlass java/util/TreeMap
instanceKlass java/util/IdentityHashMap
instanceKlass java/util/EnumMap
instanceKlass java/util/WeakHashMap
instanceKlass java/util/Collections$EmptyMap
instanceKlass sun/util/PreHashedMap
instanceKlass java/util/HashMap
instanceKlass java/util/ImmutableCollections$AbstractImmutableMap
instanceKlass java/util/concurrent/ConcurrentHashMap
ciInstanceKlass java/util/AbstractMap 1 1 196 10 7 12 1 1 1 10 7 12 1 1 1 11 7 12 1 1 1 10 11 12 1 1 11 7 12 1 1 1 11 12 1 1 7 1 11 12 1 10 12 1 1 11 12 1 100 1 10 11 12 1 11 7 1 10 12 1 1 11 12 1 9 12 1 1 7 1 10 12 1 9 12 1 1 7 1 10 11 11 12 1 1 11 12 1 7 1 100 1 11 12 1 8 1 7 1 10 10 12 1 1 8 1 10 12 1 10 12 1 1 10 12 1 1 1 1 1 1 1 1 1 1 1 1 1 1 1 1 1 1 1 1 1 1 1 1 1 1 1 1 1 1 1 1 1 1 1 1 1 1 1 1 7 1 1 1 1 1 1 1 7 1 1 1 1 1 1 1 1 1 100 1 1 1 1 1 1 1 1 1 100 1 100 1 100 1 100 1 100 1 1 1 1 1 1
ciInstanceKlass java/util/concurrent/ConcurrentMap 1 1 208 11 7 12 1 1 1 10 100 12 1 1 11 12 1 1 11 100 12 1 1 1 11 7 12 1 1 1 11 12 1 1 100 1 11 12 1 11 12 1 100 1 11 100 12 1 1 1 18 12 1 11 12 1 1 11 100 12 1 1 11 12 1 1 11 100 12 1 11 12 1 1 11 12 1 1 7 1 7 1 1 1 1 1 1 1 1 1 1 1 1 1 1 1 1 1 1 1 1 1 1 1 1 1 1 1 1 1 1 1 1 1 1 1 1 1 1 1 1 1 1 1 1 1 1 1 1 1 1 1 1 1 1 1 1 1 1 1 1 16 15 11 12 15 10 100 12 1 1 1 1 1 100 1 100 1 1 1 100 1 8 1 1 12 10 1 1 1 8 1 1 1 8 1 1 8 1 1 1 8 1 1 1 8 1 1 1 8 1 1 1 8 1 1 1 8 1 1 1 8 1 1 1 8 1 1 8 1
ciInstanceKlass jdk/internal/loader/ClassLoaders 1 1 183 10 7 12 1 1 1 10 7 12 1 1 1 10 12 1 1 10 100 12 1 1 1 9 7 12 1 1 1 9 12 1 1 9 12 1 1 7 1 11 100 12 1 1 1 100 1 11 12 1 1 11 12 1 1 10 100 12 1 1 1 10 100 12 1 1 1 100 1 100 1 10 7 12 1 1 1 9 12 1 1 10 12 1 1 7 1 10 12 1 1 10 12 1 7 1 8 1 10 7 12 1 1 1 10 12 1 1 7 1 10 12 1 10 12 1 10 12 1 8 1 10 7 12 1 1 8 1 8 1 10 12 1 7 1 10 12 1 10 12 1 10 12 1 1 1 1 1 1 1 1 1 1 1 1 1 1 1 1 1 1 1 1 7 1 1 1 1 1 1 1 1 1 1 1 1 1 1 1 1 1 1 1
staticfield jdk/internal/loader/ClassLoaders JLA Ljdk/internal/access/JavaLangAccess; java/lang/System$2
staticfield jdk/internal/loader/ClassLoaders BOOT_LOADER Ljdk/internal/loader/ClassLoaders$BootClassLoader; jdk/internal/loader/ClassLoaders$BootClassLoader
staticfield jdk/internal/loader/ClassLoaders PLATFORM_LOADER Ljdk/internal/loader/ClassLoaders$PlatformClassLoader; jdk/internal/loader/ClassLoaders$PlatformClassLoader
staticfield jdk/internal/loader/ClassLoaders APP_LOADER Ljdk/internal/loader/ClassLoaders$AppClassLoader; jdk/internal/loader/ClassLoaders$AppClassLoader
instanceKlass jdk/internal/loader/ClassLoaders$BootClassLoader
instanceKlass jdk/internal/loader/ClassLoaders$PlatformClassLoader
instanceKlass jdk/internal/loader/ClassLoaders$AppClassLoader
ciInstanceKlass jdk/internal/loader/BuiltinClassLoader 1 1 737 9 7 12 1 1 1 10 7 12 1 1 1 10 7 12 1 1 1 9 12 1 1 9 12 1 1 7 1 10 12 1 9 12 1 10 12 1 9 12 1 10 7 12 1 1 1 10 7 12 1 1 1 10 7 12 1 1 1 11 7 12 1 1 1 7 1 7 1 10 10 12 1 1 8 1 10 12 1 10 12 7 1 10 12 1 10 12 1 1 11 7 12 1 1 1 11 7 12 1 1 1 11 12 1 1 7 1 8 1 8 1 10 9 12 1 1 10 7 12 1 1 11 12 1 1 10 12 1 1 10 12 1 1 10 12 1 1 10 7 12 1 1 1 10 12 1 10 7 12 1 1 1 10 12 1 1 11 7 12 1 1 1 10 7 12 1 1 7 1 10 7 12 1 1 1 10 12 1 100 1 8 1 10 12 1 1 10 8 1 10 12 1 1 10 12 1 1 10 12 1 1 11 7 12 1 1 11 12 1 7 1 10 11 12 1 1 11 10 12 1 1 7 1 10 12 1 10 7 12 1 10 12 1 7 1 10 12 1 10 7 12 1 1 1 100 1 10 12 1 1 11 12 1 7 1 100 1 10 12 1 10 12 1 1 100 1 100 1 10 12 1 10 12 1 18 12 1 1 10 12 1 10 12 1 1 18 100 1 10 7 12 1 1 1 7 1 10 10 12 1 1 10 12 1 1 10 12 1 1 10 12 1 9 12 1 1 100 1 10 10 12 1 1 10 12 1 1 10 12 1 10 12 10 12 1 1 10 12 1 1 10 12 1 1 10 12 1 10 12 1 1 18 12 1 7 1 10 12 1 1 10 12 1 10 12 1 1 10 12 1 100 1 10 12 1 7 1 10 12 1 10 7 12 1 1 1 10 12 1 11 12 1 7 1 10 12 1 7 1 100 1 10 12 1 10 12 1 11 12 1 1 10 12 1 1 10 12 1 1 10 12 1 1 10 12 1 1 10 12 1 10 12 1 10 12 1 10 12 1 8 1 10 12 1 1 10 7 12 1 1 10 12 1 100 1 8 1 8 1 10 10 12 1 8 1 8 1 10 7 12 1 1 1 11 7 12 1 1 1 9 7 12 1 1 1 10 7 12 1 1 1 9 12 1 9 12 1 9 12 1 9 12 1 9 12 1 9 12 1 10 7 12 1 1 1 8 1 10 12 1 7 1 10 12 1 1 10 12 1 7 1 10 11 12 1 1 10 12 10 12 1 10 12 1 100 1 10 12 1 10 12 1 10 10 12 1 10 7 12 1 1 8 1 10 7 12 1 1 10 12 1 1 1 1 1 1 1 1 1 1 1 1 1 1 1 1 1 1 1 1 1 1 1 1 1 1 1 1 1 1 1 1 1 1 1 1 1 1 1 1 1 1 1 1 1 1 1 1 1 1 1 1 1 1 1 1 7 1 1 1 1 1 1 1 1 1 1 1 1 1 1 1 1 1 1 7 1 7 1 1 1 1 1 1 1 1 1 1 1 1 1 1 1 1 1 1 1 1 1 1 1 1 1 1 1 1 1 1 1 1 1 1 1 1 1 1 1 1 1 1 1 1 1 1 1 1 1 1 1 100 1 1 16 15 10 12 16 15 10 12 16 15 10 12 16 1 15 10 100 12 1 1 1 1 1 100 1 1 1 1 1 100 1 100 1 1
staticfield jdk/internal/loader/BuiltinClassLoader packageToModule Ljava/util/Map; java/util/concurrent/ConcurrentHashMap
staticfield jdk/internal/loader/BuiltinClassLoader $assertionsDisabled Z 1
ciInstanceKlass jdk/internal/loader/ClassLoaders$AppClassLoader 1 1 119 8 1 10 7 12 1 1 1 10 7 12 1 1 1 10 7 12 1 1 1 10 12 1 1 10 7 12 1 1 1 10 12 1 1 10 12 1 1 7 1 8 1 10 12 10 7 12 1 1 1 10 7 12 1 1 10 12 1 1 10 12 1 1 10 7 12 1 1 1 7 1 10 12 1 1 1 1 1 1 1 1 1 1 1 1 1 1 1 1 1 1 1 1 1 7 1 1 1 1 1 1 1 1 1 1 1 1 1 1 1 1 1 1 1 7 1 1 1
ciInstanceKlass jdk/internal/loader/ClassLoaders$PlatformClassLoader 1 1 42 8 1 10 7 12 1 1 1 10 7 12 1 1 1 7 1 10 12 1 7 1 1 1 1 1 1 1 1 1 1 1 1 1 1 7 1 1 1 100 1 1
ciInstanceKlass java/lang/ArithmeticException 1 1 26 10 100 12 1 1 1 10 12 1 100 1 1 1 1 5 0 1 1 1 1 1 1 1 1 1
ciInstanceKlass java/lang/ArrayStoreException 1 1 26 10 100 12 1 1 1 10 12 1 100 1 1 1 1 5 0 1 1 1 1 1 1 1 1 1
ciInstanceKlass java/lang/ClassCastException 1 1 26 10 7 12 1 1 1 10 12 1 100 1 1 1 1 5 0 1 1 1 1 1 1 1 1 1
ciInstanceKlass java/lang/ClassNotFoundException 1 1 96 7 1 10 7 12 1 1 1 10 12 1 10 12 1 1 10 100 12 1 1 1 8 1 10 100 12 1 1 1 10 7 12 1 1 10 100 12 1 1 1 10 100 12 1 1 1 10 12 1 1 7 1 10 12 1 9 12 1 1 1 1 1 5 0 1 1 1 1 1 1 1 1 1 1 1 1 1 1 1 1 1 1 100 1 1 1 1 1 1 1 1 1 1 1 1
staticfield java/lang/ClassNotFoundException serialPersistentFields [Ljava/io/ObjectStreamField; 1 [Ljava/io/ObjectStreamField;
ciInstanceKlass java/lang/IllegalMonitorStateException 1 1 26 10 100 12 1 1 1 10 12 1 100 1 1 1 1 5 0 1 1 1 1 1 1 1 1 1
ciInstanceKlass java/lang/BootstrapMethodError 0 0 45 10 100 12 1 1 1 10 12 1 10 12 1 10 100 12 1 1 1 10 100 12 1 1 1 1 1 1 5 0 1 1 1 1 1 1 1 1 1 1 1 100 1 1 1
instanceKlass java/lang/ExceptionInInitializerError
instanceKlass java/lang/ClassFormatError
instanceKlass java/lang/UnsatisfiedLinkError
instanceKlass java/lang/IncompatibleClassChangeError
instanceKlass java/lang/BootstrapMethodError
instanceKlass java/lang/NoClassDefFoundError
ciInstanceKlass java/lang/LinkageError 1 1 31 10 7 12 1 1 1 10 12 1 10 12 1 100 1 1 1 1 5 0 1 1 1 1 1 1 1 1 1 1 1
ciInstanceKlass java/lang/NullPointerException 1 1 52 10 7 12 1 1 1 10 12 1 9 7 12 1 1 1 10 12 1 1 9 12 1 1 10 12 1 1 10 12 1 1 1 1 5 0 1 1 1 1 1 1 1 1 100 1 100 1 100 1 1 1
ciInstanceKlass java/lang/NoClassDefFoundError 0 0 26 10 100 12 1 1 1 10 12 1 100 1 1 1 1 5 0 1 1 1 1 1 1 1 1 1
ciInstanceKlass java/lang/StackOverflowError 1 1 26 10 100 12 1 1 1 10 12 1 100 1 1 1 1 5 0 1 1 1 1 1 1 1 1 1
ciInstanceKlass java/lang/StackTraceElement 1 1 235 10 7 12 1 1 1 10 7 12 1 1 9 12 1 1 9 12 1 1 9 12 1 9 12 1 8 1 10 100 12 1 1 1 7 1 9 12 1 8 1 9 12 1 9 12 1 9 12 1 1 10 12 1 1 10 12 1 8 1 10 100 12 1 1 1 7 1 10 12 1 10 12 1 1 10 12 1 10 12 1 1 10 12 1 10 12 1 10 10 12 1 8 1 10 12 1 10 12 1 1 10 12 1 1 10 12 1 10 12 1 10 12 1 9 12 1 1 10 7 12 1 1 1 10 12 1 1 7 1 10 12 1 1 10 7 12 1 1 10 7 12 1 1 1 10 7 12 1 1 10 7 12 1 1 10 10 12 1 1 10 12 1 1 10 12 1 1 10 12 1 7 1 1 1 1 1 1 1 3 1 3 1 1 5 0 1 1 1 1 1 1 1 1 1 1 1 1 1 1 1 1 1 1 1 1 1 1 1 1 1 1 1 1 1 7 1 7 1 1 1 1 1 1 1 100 1 1 1 1 1 1 1 1 1
instanceKlass java/util/concurrent/locks/AbstractQueuedSynchronizer
ciInstanceKlass java/util/concurrent/locks/AbstractOwnableSynchronizer 1 1 32 10 7 12 1 1 1 9 7 12 1 1 1 100 1 1 1 1 5 0 1 1 1 1 1 1 1 1 1 1 1 1
ciInstanceKlass jdk/internal/vm/Continuation 0 0 549 9 100 12 1 1 1 9 12 1 9 12 1 100 1 7 1 10 12 1 1 8 1 10 12 1 1 10 12 1 10 12 1 1 10 12 1 9 7 12 1 1 1 11 100 12 1 1 1 10 7 1 9 12 1 1 9 12 1 1 10 8 1 10 12 1 9 12 1 1 10 11 12 1 1 100 1 10 100 12 1 1 1 10 12 1 1 10 12 1 10 12 1 1 11 12 1 1 9 12 1 1 10 12 1 1 18 12 1 1 10 7 12 1 1 1 100 1 10 12 1 11 100 12 1 1 1 10 12 1 9 12 1 10 12 1 1 100 1 8 1 10 12 1 10 12 1 1 9 12 1 1 11 12 1 1 9 12 1 1 8 1 10 11 12 1 1 11 12 1 1 10 12 1 1 10 12 1 1 9 12 1 10 12 1 10 10 12 1 8 1 10 12 1 8 1 8 1 10 7 12 1 1 1 10 7 12 1 1 1 10 12 1 9 12 1 11 12 1 7 1 10 12 1 10 12 1 1 9 12 1 1 7 1 10 12 1 1 9 12 1 1 10 12 1 10 12 1 11 7 12 1 1 10 7 1 10 12 1 8 1 9 12 1 10 12 1 1 9 12 1 1 10 7 12 1 1 8 1 8 1 8 1 8 1 10 12 1 1 10 12 1 10 12 1 10 12 1 10 12 1 1 10 12 1 1 8 1 10 12 1 1 9 12 1 1 10 12 1 1 9 12 1 8 1 10 7 12 1 1 1 10 12 1 8 1 100 1 8 1 10 9 12 1 1 8 1 10 7 12 1 1 10 100 12 1 1 8 1 8 1 10 12 10 100 12 1 1 1 10 7 1 10 7 12 1 1 1 18 11 100 12 1 1 1 18 12 1 11 12 1 1 7 1 10 7 12 1 1 10 12 1 1 8 10 12 1 1 10 100 12 1 1 1 10 100 12 1 1 10 12 1 8 1 10 12 1 7 1 7 1 10 12 1 1 1 1 1 1 1 1 1 1 1 1 1 1 1 1 1 1 1 1 1 1 1 1 1 1 1 1 1 1 1 1 1 1 1 1 1 1 1 1 1 1 1 1 1 1 1 1 1 1 1 1 1 1 1 1 1 1 1 1 1 1 1 1 1 1 1 1 1 1 1 1 1 1 1 100 1 1 16 1 15 10 12 16 15 11 7 12 1 1 1 16 1 16 1 15 10 12 16 15 10 100 12 1 1 1 1 1 1 1 1 100 1 100 1 1
ciInstanceKlass jdk/internal/misc/UnsafeConstants 1 1 34 10 100 12 1 1 1 9 7 12 1 1 1 9 12 1 9 12 1 1 9 12 1 9 12 1 1 1 1 1 1 1 1 1
staticfield jdk/internal/misc/UnsafeConstants ADDRESS_SIZE0 I 8
staticfield jdk/internal/misc/UnsafeConstants PAGE_SIZE I 4096
staticfield jdk/internal/misc/UnsafeConstants BIG_ENDIAN Z 0
staticfield jdk/internal/misc/UnsafeConstants UNALIGNED_ACCESS Z 1
staticfield jdk/internal/misc/UnsafeConstants DATA_CACHE_LINE_FLUSH_SIZE I 0
instanceKlass com/sun/jna/win32/W32APIOptions$2
instanceKlass com/sun/jna/win32/W32APIOptions$1
instanceKlass org/eclipse/jdt/ls/core/internal/preferences/Preferences$ReferencedLibraries$3
instanceKlass java/lang/ProcessEnvironment
instanceKlass java/util/LinkedHashMap
ciInstanceKlass java/util/HashMap 1 1 629 10 7 12 1 1 1 7 1 10 12 1 1 7 1 10 7 12 1 1 1 100 1 11 12 1 1 11 12 1 11 12 1 1 10 7 12 1 1 1 7 1 3 10 7 12 1 1 1 100 1 7 1 10 8 1 10 12 1 1 10 12 1 10 12 1 1 10 12 1 10 7 12 1 1 1 8 1 10 12 1 9 12 1 1 10 12 1 9 12 1 1 4 10 12 1 10 12 1 1 11 7 12 1 1 9 12 1 1 10 7 12 1 1 1 6 0 10 12 1 1 11 12 1 1 11 7 12 1 1 1 11 7 12 1 1 1 11 12 1 1 7 1 11 12 1 11 12 1 10 12 1 10 12 1 1 9 12 10 12 1 1 9 7 12 1 1 1 9 12 9 12 1 10 12 1 1 9 12 1 7 1 10 12 1 1 10 12 1 1 10 12 1 1 10 12 1 1 10 12 1 1 9 12 1 10 12 1 1 3 4 10 12 1 1 10 12 1 1 9 12 1 1 9 10 12 1 1 10 12 1 1 10 12 1 1 10 12 1 9 12 1 1 7 1 10 12 1 10 12 1 10 7 12 1 1 1 7 1 9 12 1 1 7 1 10 9 12 7 1 10 100 1 10 11 7 12 1 1 1 100 1 10 11 100 12 1 1 11 7 12 1 1 1 10 12 1 100 1 7 1 10 12 1 10 12 1 10 12 1 10 100 12 1 1 10 12 1 1 10 12 1 1 10 100 12 1 1 1 8 10 100 12 1 1 1 100 1 10 4 4 10 12 1 1 10 100 12 1 1 1 10 12 1 8 1 6 0 10 100 12 1 1 1 100 1 11 100 12 1 1 1 10 12 1 10 12 1 10 10 12 1 1 6 0 8 1 10 12 1 10 12 7 1 7 1 1 1 1 5 0 1 3 1 1 1 3 1 3 1 3 1 1 1 1 1 1 1 1 1 1 1 1 1 1 1 1 1 1 1 1 1 1 100 1 1 1 1 1 1 1 1 1 1 1 1 1 1 1 1 1 1 1 1 1 1 1 1 1 1 1 1 1 1 1 1 1 100 1 1 1 1 1 1 1 1 1 1 1 1 1 1 1 1 1 1 1 1 1 1 1 1 1 1 1 1 1 1 1 1 1 1 1 1 1 1 1 1 1 1 1 1 1 1 1 1 1 1 1 7 1 1 1 1 1 1 1 1 1 1 1 1 1 1 1 1 1 1 1 1 1 1 1 1 1 1 1 1 1 1 1 1 1 1 1 1 1 1 1 1 1 1 1 1 1 1 1 1 100 1 1 1 1 1 1 1 1 7 1 1 1 1 1 1 1 1 1 1 1 1 1 1 1 1 1 1 100 1 100 1 100 1 100 1 100 1 100 1 100 1 100 1 1 1 1 1 1 1 1 1 1 1 1 1 1 1 1 1 1
ciMethod java/util/HashMap get (Ljava/lang/Object;)Ljava/lang/Object; 1024 0 15256 0 0
ciMethod java/util/HashMap put (Ljava/lang/Object;Ljava/lang/Object;)Ljava/lang/Object; 1024 0 15660 0 256
ciMethod java/util/HashMap containsKey (Ljava/lang/Object;)Z 1024 0 8737 0 696
ciMethod java/util/HashMap keySet ()Ljava/util/Set; 1024 0 6922 0 0
ciMethod java/util/HashMap newNode (ILjava/lang/Object;Ljava/lang/Object;Ljava/util/HashMap$Node;)Ljava/util/HashMap$Node; 918 0 7974 0 224
ciMethod java/util/HashMap afterNodeAccess (Ljava/util/HashMap$Node;)V 90 0 657 0 0
ciMethod java/util/HashMap afterNodeInsertion (Z)V 994 0 1795 0 80
ciMethod java/util/HashMap replacementTreeNode (Ljava/util/HashMap$Node;Ljava/util/HashMap$Node;)Ljava/util/HashMap$TreeNode; 36 0 18 0 -1
ciMethod java/util/HashMap newTreeNode (ILjava/lang/Object;Ljava/lang/Object;Ljava/util/HashMap$Node;)Ljava/util/HashMap$TreeNode; 12 0 6 0 -1
ciInstanceKlass java/lang/Void 1 1 31 10 7 12 1 1 1 8 1 10 7 12 1 1 1 9 7 12 1 1 1 1 1 1 1 1 1 1 1 1 1
staticfield java/lang/Void TYPE Ljava/lang/Class; java/lang/Class
ciInstanceKlass java/lang/invoke/LambdaForm 1 1 1059 7 1 100 1 10 7 12 1 1 1 9 12 1 1 9 12 1 9 12 1 9 12 1 1 9 12 1 1 9 12 1 1 9 12 1 1 9 12 1 1 9 12 1 10 7 12 1 1 9 12 1 10 12 1 1 100 1 10 10 12 1 1 10 12 1 10 12 1 10 12 1 1 10 12 1 9 12 1 9 12 1 10 12 1 1 10 7 12 1 1 1 10 12 1 1 9 100 12 1 1 1 10 12 1 1 9 7 12 1 1 10 12 1 10 12 1 1 10 12 1 1 10 12 1 1 7 1 10 7 12 1 1 1 10 12 1 1 10 12 1 10 12 1 1 9 12 1 1 9 12 1 9 12 1 1 10 12 1 9 12 1 10 100 12 1 1 1 10 12 1 1 7 1 10 12 1 9 12 1 1 10 7 12 1 1 1 10 12 1 10 12 1 7 1 10 12 1 10 12 1 10 12 1 1 10 12 1 1 10 12 1 10 12 1 10 12 1 10 12 1 1 8 1 10 12 1 10 12 1 10 10 12 1 8 1 8 1 9 12 1 9 12 1 1 10 12 1 1 10 12 1 9 12 1 10 12 1 1 10 7 12 1 1 1 10 12 1 1 10 12 1 10 12 1 10 100 12 1 1 1 9 12 1 10 12 1 8 1 8 1 8 1 8 1 8 1 8 1 8 1 8 1 10 12 1 9 12 1 7 1 10 12 1 1 9 12 1 10 12 1 10 12 1 1 10 12 10 12 1 10 12 1 1 10 12 1 1 10 10 12 1 1 10 12 1 1 7 1 8 1 10 12 1 1 10 12 1 10 12 1 1 10 8 1 10 12 1 1 8 1 8 1 8 1 10 12 1 10 12 1 10 12 1 1 100 1 10 12 1 1 10 12 1 1 10 7 12 1 1 1 10 12 1 1 9 12 1 1 8 1 10 100 12 1 1 1 10 7 12 1 1 10 12 10 12 1 1 10 12 1 1 9 12 1 8 10 12 1 1 100 1 10 12 1 1 10 12 1 9 7 12 1 1 9 7 12 1 1 1 8 1 10 100 12 1 1 10 12 1 1 7 1 7 1 10 10 12 1 1 10 12 1 1 8 1 8 1 7 1 8 1 10 12 10 12 1 10 12 1 10 12 1 1 8 1 8 1 10 12 1 10 12 1 1 8 1 8 1 8 1 7 1 8 1 7 1 8 1 7 1 8 1 10 12 1 8 1 9 10 7 12 1 1 1 10 12 1 9 12 1 1 10 12 1 10 10 12 1 10 12 1 10 12 1 10 12 1 1 10 12 1 10 12 1 1 10 12 1 1 10 12 1 1 10 12 1 1 8 1 100 10 12 1 10 12 1 9 12 1 1 10 7 12 1 1 8 1 8 1 7 1 8 1 8 1 8 1 8 1 8 1 8 1 8 1 8 1 10 12 1 1 10 12 1 1 10 12 1 10 12 1 10 12 1 10 12 1 8 1 8 1 8 1 10 12 1 8 1 10 12 1 8 1 8 1 8 1 8 1 8 1 10 12 1 10 12 1 10 12 1 1 10 7 12 1 1 1 10 12 1 10 12 1 10 12 1 10 12 1 10 12 1 10 12 1 10 12 1 9 12 1 1 8 1 10 12 1 1 9 12 1 1 10 12 1 1 9 12 1 9 12 1 1 9 12 1 9 12 1 1 7 1 10 7 12 1 1 1 9 12 1 10 12 1 10 12 1 8 1 10 12 1 9 12 1 1 7 1 10 7 12 1 1 1 8 1 100 1 10 12 1 9 12 1 9 12 1 10 12 1 10 12 1 10 7 12 1 1 1 10 12 1 9 7 12 1 1 10 12 1 1 10 12 1 10 12 1 10 12 1 9 12 10 12 1 10 10 12 1 9 12 1 9 9 12 1 7 9 12 1 1 10 12 1 1 9 12 1 10 12 1 10 7 1 9 1 1 1 1 3 1 3 1 1 3 1 3 1 1 1 1 1 1 1 1 1 1 1 1 1 1 1 1 1 1 1 1 1 1 1 1 1 1 1 1 1 1 1 1 1 1 1 1 1 1 1 1 1 1 1 1 1 1 1 1 1 1 1 100 1 1 1 1 1 1 1 1 1 1 1 1 1 1 1 1 1 1 1 1 1 1 1 1 1 1 1 1 1 1 1 1 1 1 1 1 1 1 1 1 1 1 1 1 1 1 1 1 1 1 1 1 1 1 1 1 1 1 1 1 1 1 100 1 1 1 1 1 1 1 1 1 1 1 1 1 1 1 1 1 1 1 1 1 1 1 1 1 1 1 1 1 1 1 1 1 1 7 1 1 1 1 1 1 1 1 1 1 1 1 1 1 1 1 1 1 1 1 1 1 100 1 1 1 100 1 1 7 1 1 1 1 1 1 1 1 1 1 1
staticfield java/lang/invoke/LambdaForm DEFAULT_CUSTOMIZED Ljava/lang/invoke/MethodHandle; 
staticfield java/lang/invoke/LambdaForm DEFAULT_KIND Ljava/lang/invoke/LambdaForm$Kind; java/lang/invoke/LambdaForm$Kind
staticfield java/lang/invoke/LambdaForm COMPILE_THRESHOLD I 0
staticfield java/lang/invoke/LambdaForm INTERNED_ARGUMENTS [[Ljava/lang/invoke/LambdaForm$Name; 5 [[Ljava/lang/invoke/LambdaForm$Name;
staticfield java/lang/invoke/LambdaForm IMPL_NAMES Ljava/lang/invoke/MemberName$Factory; java/lang/invoke/MemberName$Factory
staticfield java/lang/invoke/LambdaForm LF_identity [Ljava/lang/invoke/LambdaForm; 6 [Ljava/lang/invoke/LambdaForm;
staticfield java/lang/invoke/LambdaForm LF_zero [Ljava/lang/invoke/LambdaForm; 6 [Ljava/lang/invoke/LambdaForm;
staticfield java/lang/invoke/LambdaForm NF_identity [Ljava/lang/invoke/LambdaForm$NamedFunction; 6 [Ljava/lang/invoke/LambdaForm$NamedFunction;
staticfield java/lang/invoke/LambdaForm NF_zero [Ljava/lang/invoke/LambdaForm$NamedFunction; 6 [Ljava/lang/invoke/LambdaForm$NamedFunction;
staticfield java/lang/invoke/LambdaForm createFormsLock Ljava/lang/Object; java/lang/Object
staticfield java/lang/invoke/LambdaForm DEBUG_NAME_COUNTERS Ljava/util/HashMap; 
staticfield java/lang/invoke/LambdaForm DEBUG_NAMES Ljava/util/HashMap; 
staticfield java/lang/invoke/LambdaForm TRACE_INTERPRETER Z 0
staticfield java/lang/invoke/LambdaForm $assertionsDisabled Z 1
ciInstanceKlass java/lang/invoke/MemberName 1 1 724 7 1 7 1 100 1 9 12 1 1 10 7 12 1 1 1 9 12 1 1 10 12 1 1 10 12 1 1 10 12 1 1 10 12 1 10 12 1 1 10 7 12 1 1 1 10 12 1 9 7 12 1 1 10 12 1 7 1 7 1 10 12 1 8 1 10 12 1 1 10 12 1 10 12 1 1 10 12 1 9 12 1 1 8 1 10 100 12 1 1 1 7 1 10 10 12 1 1 100 1 100 1 10 12 1 9 12 1 1 100 1 8 1 10 12 1 10 12 1 10 12 1 10 12 1 10 12 1 1 10 12 1 10 12 1 10 12 1 1 8 1 8 1 10 12 1 8 1 9 12 1 1 3 10 12 1 10 12 1 10 12 1 10 10 7 12 1 1 1 10 12 1 10 12 1 10 12 1 10 12 1 7 1 8 10 12 1 1 10 12 1 1 8 1 9 7 1 8 9 7 1 10 12 1 1 10 12 1 10 12 1 8 1 10 12 1 1 10 12 1 10 12 1 10 12 1 10 12 1 1 7 1 10 12 1 1 10 12 1 8 1 10 12 1 10 12 1 8 1 10 12 1 1 10 12 1 1 7 1 10 12 1 1 10 12 8 1 8 1 7 1 10 12 1 10 100 12 1 1 1 100 1 10 12 10 12 1 10 12 1 10 12 1 10 12 1 10 10 12 1 10 12 1 10 12 1 3 10 12 1 3 10 12 1 3 3 3 3 3 3 10 12 1 3 9 12 1 10 12 1 1 3 10 12 1 10 10 7 12 1 1 1 10 12 1 1 10 7 12 1 1 10 10 12 1 10 12 1 1 10 12 1 10 10 12 1 1 10 12 1 10 12 1 10 12 1 7 1 10 10 10 12 100 1 10 10 10 12 1 1 10 12 1 1 10 10 12 1 8 10 7 1 10 12 1 10 7 1 10 12 1 10 12 1 10 12 1 10 10 12 1 10 12 1 1 10 12 1 1 10 12 1 10 12 1 10 12 1 100 1 10 12 1 1 100 1 8 1 10 7 1 10 12 1 10 12 10 12 1 1 10 12 1 10 12 1 8 1 8 1 8 1 8 1 10 12 1 10 12 1 10 7 12 1 1 1 8 1 8 1 10 12 1 8 1 10 10 10 12 1 10 12 1 8 1 8 1 10 10 12 1 8 1 10 100 12 1 1 1 8 1 100 1 10 12 1 10 12 1 1 10 12 1 8 1 8 1 8 1 8 1 100 1 10 8 1 8 1 8 1 8 1 10 12 1 7 1 100 1 7 1 10 100 1 10 7 1 10 7 12 1 1 1 9 7 12 1 1 1 7 1 7 1 1 1 1 1 1 1 3 1 3 1 3 1 3 1 3 1 3 1 1 1 1 1 1 1 1 3 1 3 1 1 1 1 1 1 1 1 1 1 1 1 1 1 1 1 1 1 1 1 1 1 1 1 1 1 1 1 1 1 1 1 1 1 1 1 1 1 1 1 1 1 1 1 1 1 1 1 1 1 1 1 1 1 1 1 1 1 1 1 1 1 1 1 1 1 1 1 1 1 1 1 1 1 1 1 1 1 1 1 1 1 1 1 1 1 1 1 1 1 1 1 1 1 1 1 7 1 1 1 1 1 1 1 1 1 1 1 1 1 1 1
staticfield java/lang/invoke/MemberName $assertionsDisabled Z 1
instanceKlass java/lang/invoke/VarHandleLongs$FieldInstanceReadOnly
instanceKlass java/lang/invoke/VarHandleBooleans$FieldInstanceReadOnly
instanceKlass java/lang/invoke/VarHandleReferences$FieldInstanceReadOnly
instanceKlass java/lang/invoke/VarHandleByteArrayAsDoubles$ByteArrayViewVarHandle
instanceKlass java/lang/invoke/VarHandleByteArrayAsFloats$ByteArrayViewVarHandle
instanceKlass java/lang/invoke/VarHandleByteArrayAsChars$ByteArrayViewVarHandle
instanceKlass java/lang/invoke/VarHandleByteArrayAsShorts$ByteArrayViewVarHandle
instanceKlass java/lang/invoke/VarHandleInts$FieldInstanceReadOnly
instanceKlass java/lang/invoke/VarHandleByteArrayAsLongs$ByteArrayViewVarHandle
instanceKlass java/lang/invoke/VarHandleByteArrayAsInts$ByteArrayViewVarHandle
instanceKlass java/lang/invoke/VarHandleReferences$FieldStaticReadOnly
ciInstanceKlass java/lang/invoke/VarHandle 1 1 474 10 7 12 1 1 1 10 7 12 1 1 9 12 1 1 9 12 1 1 100 1 10 8 1 10 12 1 1 10 7 12 1 1 1 10 12 1 1 10 7 12 1 1 1 9 100 12 1 1 1 10 12 1 1 10 7 12 1 1 1 10 12 1 1 9 12 1 10 12 1 9 12 1 1 10 7 12 1 1 10 12 1 9 7 12 1 1 1 9 12 1 1 10 12 1 1 100 1 7 1 10 8 1 10 12 1 1 10 12 1 8 1 10 12 1 10 12 1 9 12 1 1 9 12 1 10 12 1 10 12 1 1 10 12 1 10 10 100 12 1 1 1 10 12 1 1 10 12 1 1 10 7 12 1 1 1 10 100 12 1 1 1 10 100 12 1 1 1 9 12 1 1 9 10 12 1 10 12 1 1 10 12 1 1 10 12 1 10 7 12 1 1 1 9 12 1 1 10 12 1 1 9 12 1 10 12 1 10 12 1 10 7 12 1 1 100 1 10 9 7 12 1 1 1 9 12 1 1 10 7 12 1 1 1 10 12 1 10 12 1 10 12 1 10 12 1 10 12 1 10 12 1 1 8 10 12 1 1 7 1 10 12 1 1 7 1 1 1 1 1 1 1 1 1 1 1 1 1 1 1 1 1 1 1 1 1 1 1 1 1 1 1 1 1 1 1 1 1 1 1 1 1 1 1 1 1 1 1 1 1 1 1 1 1 1 1 1 1 1 1 1 1 1 1 1 1 1 1 1 1 1 1 1 100 1 1 1 1 1 1 1 1 100 1 1 1 1 1 1 1 1 1 1 1 1 100 1 100 1 1 100 1 100 1 100 1 100 1 100 1 100 1 100 1 100 1 100 1 100 1 100 1 100 1 100 1 100 1 100 1 100 1 100 1 100 1 100 1 100 1 100 1 100 1 100 1 100 1 100 1 100 1 100 1 100 1 100 1 100 1 100 1 100 1 100 1 100 1 100 1 1 1 1 1 1 100 1 1 1 100 1 1 100 1 100 1 100 1 100 1 100 1 100 1 1 1 1 100 1 100 1 100 1 100 1 100 1 100 1 100 1 100 1
staticfield java/lang/invoke/VarHandle VFORM_OFFSET J 16
staticfield java/lang/invoke/VarHandle $assertionsDisabled Z 1
instanceKlass jdk/internal/reflect/FieldAccessorImpl
instanceKlass jdk/internal/reflect/ConstructorAccessorImpl
instanceKlass jdk/internal/reflect/MethodAccessorImpl
ciInstanceKlass jdk/internal/reflect/MagicAccessorImpl 1 1 16 10 7 12 1 1 1 100 1 1 1 1 1 1 1 1
instanceKlass jdk/internal/reflect/DirectMethodHandleAccessor
ciInstanceKlass jdk/internal/reflect/MethodAccessorImpl 1 1 38 10 7 12 1 1 1 10 100 12 1 1 1 100 1 1 1 1 1 1 1 100 1 100 1 1 1 1 1 1 1 1 1 1 1 1 1 1
ciInstanceKlass jdk/internal/reflect/MethodAccessor 1 0 17 100 1 100 1 1 1 1 100 1 100 1 1 1 1 1 1
instanceKlass jdk/internal/reflect/DirectConstructorHandleAccessor$NativeAccessor
instanceKlass jdk/internal/reflect/DirectConstructorHandleAccessor
instanceKlass jdk/internal/reflect/NativeConstructorAccessorImpl
ciInstanceKlass jdk/internal/reflect/ConstructorAccessorImpl 1 1 27 10 7 12 1 1 1 100 1 100 1 1 1 1 1 1 1 1 1 100 1 100 1 100 1 1 1
ciInstanceKlass jdk/internal/reflect/ConstructorAccessor 1 0 16 100 1 100 1 1 1 1 100 1 100 1 100 1 1 1
ciInstanceKlass jdk/internal/reflect/DelegatingClassLoader 0 0 18 10 100 12 1 1 1 100 1 1 1 1 1 1 1 1 1 1
ciInstanceKlass jdk/internal/reflect/CallerSensitive 1 0 17 100 1 100 1 100 1 1 1 1 1 1 1 1 1 1 1
ciInstanceKlass jdk/internal/reflect/NativeConstructorAccessorImpl 0 0 125 10 7 12 1 1 1 9 7 12 1 1 1 100 1 10 12 1 9 12 1 1 9 12 1 1 10 100 12 1 1 1 10 7 12 1 1 1 10 7 12 1 1 1 9 12 1 9 12 1 1 9 12 1 1 10 7 12 1 1 1 100 1 10 10 12 1 1 10 12 1 10 12 1 1 10 12 1 7 1 10 12 1 1 10 12 1 1 8 10 12 1 1 1 1 1 1 1 1 1 1 1 1 1 1 1 1 1 1 1 1 1 1 100 1 100 1 100 1 1 1 1 1 1 1
ciInstanceKlass jdk/internal/reflect/ConstantPool 1 1 142 10 7 12 1 1 1 9 7 12 1 1 1 10 12 1 1 10 12 1 1 10 12 1 10 12 1 1 10 12 1 1 10 12 1 10 12 1 1 10 12 1 10 12 1 1 10 12 1 10 12 1 10 12 1 10 12 1 1 10 12 1 1 10 12 1 1 10 12 1 1 10 12 1 10 12 1 1 10 100 12 1 1 1 8 11 7 12 1 1 1 10 7 12 1 1 1 1 1 1 1 1 1 1 1 1 1 1 1 1 1 1 1 1 1 1 1 1 1 1 1 1 1 1 1 1 1 1 1 1 1 1 1 1 1 1 1 1 1 1 1 1
ciInstanceKlass jdk/internal/reflect/UnsafeStaticFieldAccessorImpl 0 0 47 10 7 12 1 1 1 9 7 12 1 1 1 10 7 12 1 1 1 9 12 1 1 8 11 100 12 1 1 1 10 100 12 1 1 1 1 1 1 1 1 1 1 1 1 1 1
ciInstanceKlass jdk/internal/reflect/FieldAccessor 1 0 48 100 1 100 1 1 1 1 100 1 1 1 1 1 1 1 1 1 1 1 1 1 1 1 1 1 1 1 100 1 1 1 1 1 1 1 1 1 1 1 1 1 1 1 1 1 1 1
instanceKlass jdk/internal/reflect/MethodHandleFieldAccessorImpl
instanceKlass jdk/internal/reflect/UnsafeFieldAccessorImpl
ciInstanceKlass jdk/internal/reflect/FieldAccessorImpl 1 1 269 10 7 12 1 1 1 9 7 12 1 1 1 10 7 12 1 1 1 10 7 12 1 1 10 7 12 1 1 1 10 12 1 1 7 1 10 10 12 1 1 10 12 1 1 8 1 10 10 12 1 100 1 8 1 10 12 1 8 1 10 12 1 8 1 10 12 1 100 1 10 12 1 1 10 8 1 10 12 1 1 8 1 10 7 12 1 1 8 1 10 7 12 1 1 8 1 10 7 12 1 1 8 1 10 7 12 1 1 8 1 10 7 12 1 1 8 1 10 7 12 1 1 8 1 10 7 12 1 1 8 1 10 7 12 1 1 10 12 1 1 8 1 10 12 1 1 10 100 12 1 1 1 8 1 10 12 1 8 1 8 1 8 1 8 1 10 7 12 1 1 1 8 1 8 1 8 1 10 12 7 1 1 1 1 1 1 1 1 1 1 1 1 1 1 1 1 1 1 1 1 1 1 1 1 1 1 1 1 1 1 1 1 1 1 1 1 1 1 1 1 1 1 1 1 1 1 1 1 1 1 1 1 1 1 1 1 1 1 1 1 1 1 1 1 1 1 1 1 1 1 1 1 1 1 1 1 1 1 1 1 1 1 1 1 1 1 1 1
instanceKlass jdk/internal/reflect/UnsafeStaticFieldAccessorImpl
ciInstanceKlass jdk/internal/reflect/UnsafeFieldAccessorImpl 0 0 62 10 100 12 1 1 1 10 100 12 1 1 1 10 100 12 1 1 1 9 100 12 1 1 10 12 1 9 12 1 1 10 100 12 1 1 1 9 12 1 1 10 12 1 10 12 1 1 1 1 1 1 1 1 1 1 1 1 1 1 1 1
instanceKlass java/lang/invoke/VolatileCallSite
instanceKlass java/lang/invoke/MutableCallSite
instanceKlass java/lang/invoke/ConstantCallSite
ciInstanceKlass java/lang/invoke/CallSite 1 1 296 10 7 12 1 1 1 10 7 12 1 1 1 9 12 1 1 10 7 12 1 1 1 10 12 1 7 1 10 12 1 1 10 12 1 1 9 100 12 1 1 1 10 7 12 1 1 10 12 1 1 100 1 7 1 10 10 7 12 1 1 1 10 12 1 1 8 1 10 12 1 10 12 1 1 10 12 1 10 12 1 1 10 12 1 1 10 10 100 12 1 1 10 12 1 1 9 12 1 9 100 12 1 1 1 8 1 10 7 12 1 1 1 10 12 1 1 7 1 10 12 1 1 9 12 1 8 1 100 1 10 12 1 10 12 1 100 1 8 1 10 10 12 1 10 12 1 1 100 1 10 12 1 1 10 12 1 10 12 1 10 12 1 1 10 12 1 1 9 12 1 1 8 10 12 1 1 9 12 1 1 100 1 10 10 12 1 10 7 12 1 1 1 10 12 1 1 10 12 1 1 10 12 1 10 7 12 1 1 1 7 1 8 1 10 10 12 10 12 1 1 7 1 7 1 7 1 8 1 10 12 1 10 7 12 1 1 1 1 1 1 1 1 1 1 1 1 1 1 1 1 1 1 1 1 1 1 1 1 1 1 1 1 1 1 1 1 1 1 1 1 1 1 1 1 1 1 1 1 1 1 1 1 1 1 1 1 1 1 1 7 1 7 1 1 1
staticfield java/lang/invoke/CallSite $assertionsDisabled Z 1
ciInstanceKlass java/lang/invoke/ConstantCallSite 1 1 65 10 7 12 1 1 1 9 7 12 1 1 1 9 12 1 1 10 7 12 1 1 1 10 12 1 100 1 10 12 9 12 1 1 100 1 10 10 12 1 1 10 12 1 1 1 1 1 1 1 1 1 1 1 1 1 100 1 1 1 1 1 1 1 1
staticfield java/lang/invoke/ConstantCallSite UNSAFE Ljdk/internal/misc/Unsafe; jdk/internal/misc/Unsafe
instanceKlass java/lang/invoke/DirectMethodHandle$StaticAccessor
instanceKlass java/lang/invoke/DirectMethodHandle$Special
instanceKlass java/lang/invoke/DirectMethodHandle$Interface
instanceKlass java/lang/invoke/DirectMethodHandle$Constructor
instanceKlass java/lang/invoke/DirectMethodHandle$Accessor
ciInstanceKlass java/lang/invoke/DirectMethodHandle 1 1 923 7 1 7 1 100 1 7 1 7 1 10 7 12 1 1 1 10 7 12 1 1 1 7 1 10 12 1 10 12 1 1 10 7 12 1 1 10 12 1 1 10 12 1 10 12 1 7 1 10 12 1 1 10 12 1 1 10 12 1 10 12 1 1 10 7 12 1 1 1 10 12 1 9 12 1 1 100 1 10 9 12 1 1 9 12 1 10 12 1 10 12 1 10 12 1 1 10 12 1 10 12 1 10 12 1 10 7 12 1 1 1 10 12 1 10 12 1 1 8 1 10 12 1 1 7 1 10 12 1 7 1 10 10 12 1 10 12 1 10 12 1 10 7 12 1 1 1 10 12 1 1 7 1 10 12 1 10 12 1 7 1 10 12 1 10 12 1 1 10 12 1 1 10 12 1 8 10 7 12 1 1 1 10 12 1 10 12 1 10 12 1 1 10 12 1 9 7 12 1 1 1 7 1 10 12 1 10 7 12 1 1 1 10 12 1 10 12 1 1 9 12 1 1 7 1 10 8 1 10 12 1 1 10 12 1 1 8 1 10 12 1 10 12 1 10 10 12 1 10 12 1 10 12 1 10 12 1 10 12 1 1 10 12 1 10 12 1 1 10 12 1 10 12 1 1 10 10 7 12 1 1 1 10 12 1 10 12 1 1 10 12 1 10 12 1 1 8 1 9 7 12 1 1 1 8 1 9 12 1 9 12 1 8 1 9 12 1 9 12 1 8 1 9 12 1 9 12 1 8 1 10 12 1 10 12 1 1 9 12 1 1 7 1 10 12 1 1 7 1 10 7 12 1 1 1 10 12 1 1 10 12 1 10 12 1 1 7 1 10 12 1 1 10 12 1 10 12 1 1 7 1 10 12 1 1 10 12 1 10 7 12 1 1 1 10 12 1 10 12 1 1 10 12 1 9 12 1 1 10 7 1 9 12 9 12 1 10 7 12 1 1 1 10 12 1 7 1 7 1 7 1 9 12 1 1 10 7 12 1 1 1 10 12 10 12 1 7 1 10 12 1 10 12 1 1 8 1 9 12 1 9 12 1 10 12 1 1 9 12 1 1 10 7 12 1 1 1 9 12 1 1 9 12 1 1 10 12 1 10 12 1 10 12 1 10 12 1 1 10 12 1 9 12 1 10 12 1 10 12 1 10 12 1 10 12 1 1 10 12 1 1 9 12 1 1 10 12 1 1 9 7 12 1 1 1 9 12 1 9 12 1 9 12 1 9 12 1 9 12 1 9 12 1 9 12 1 9 12 1 9 12 1 9 12 1 9 12 1 9 12 1 9 12 1 9 12 1 9 12 1 9 12 1 9 12 1 9 12 1 9 12 1 9 12 1 9 12 1 9 12 1 9 12 1 9 12 1 9 12 1 9 12 1 9 12 1 9 12 1 9 12 1 9 12 1 9 12 1 9 12 1 9 12 1 9 12 1 9 12 1 9 12 1 8 1 9 12 1 1 9 12 1 1 10 12 1 10 12 1 1 9 7 1 10 12 1 9 12 1 1 10 12 10 12 1 10 12 1 10 12 1 10 12 1 10 8 1 8 1 8 1 8 1 10 12 1 1 9 12 1 1 10 12 1 10 100 12 1 1 1 8 9 12 1 1 10 12 1 1 8 1 8 8 9 12 1 8 1 8 8 8 8 8 1 8 10 12 1 7 1 10 12 1 8 1 8 1 10 12 1 10 12 1 10 12 1 10 12 1 1 7 1 1 1 1 3 1 3 1 3 1 3 1 3 1 3 1 3 1 3 1 3 1 3 1 1 1 1 1 1 1 1 1 1 3 1 3 1 1 1 1 3 1 1 1 1 1 1 1 1 1 1 1 1 1 1 1 1 1 1 1 1 1 1 1 1 1 1 1 1 1 1 1 1 1 1 1 1 1 1 1 1 1 1 1 1 1 1 1 1 1 1 1 1 1 1 1 1 1 100 1 1 1 1 1 1 1 1 1 100 1 1 1 1 1 1 1 1 1 1 1 1 1 1 1 1 1 1 1 1 1 1 1 1 1 1 1 1 1 1 1 1 1 1 1 1 1 1 1 1 1 1 1 1 1 1 1 1 1 1 1 1
staticfield java/lang/invoke/DirectMethodHandle IMPL_NAMES Ljava/lang/invoke/MemberName$Factory; java/lang/invoke/MemberName$Factory
staticfield java/lang/invoke/DirectMethodHandle FT_UNCHECKED_REF I 8
staticfield java/lang/invoke/DirectMethodHandle ACCESSOR_FORMS [Ljava/lang/invoke/LambdaForm; 132 [Ljava/lang/invoke/LambdaForm;
staticfield java/lang/invoke/DirectMethodHandle ALL_WRAPPERS [Lsun/invoke/util/Wrapper; 10 [Lsun/invoke/util/Wrapper;
staticfield java/lang/invoke/DirectMethodHandle NFS [Ljava/lang/invoke/LambdaForm$NamedFunction; 12 [Ljava/lang/invoke/LambdaForm$NamedFunction;
staticfield java/lang/invoke/DirectMethodHandle OBJ_OBJ_TYPE Ljava/lang/invoke/MethodType; java/lang/invoke/MethodType
staticfield java/lang/invoke/DirectMethodHandle LONG_OBJ_TYPE Ljava/lang/invoke/MethodType; java/lang/invoke/MethodType
staticfield java/lang/invoke/DirectMethodHandle $assertionsDisabled Z 1
ciInstanceKlass java/lang/invoke/MutableCallSite 0 0 63 10 100 12 1 1 1 10 12 1 9 100 12 1 1 1 10 12 1 10 12 1 1 9 12 1 1 10 100 12 1 1 1 10 100 12 1 1 1 10 12 1 1 1 1 1 1 1 1 1 1 1 1 1 1 1 1 1 1 100 1 1 1
ciInstanceKlass java/lang/invoke/VolatileCallSite 0 0 37 10 100 12 1 1 1 10 12 1 10 100 12 1 1 1 10 12 1 10 12 1 1 1 1 1 1 1 1 1 1 1 1 1 1 1 1
ciInstanceKlass java/lang/invoke/ResolvedMethodName 1 1 16 10 100 12 1 1 1 100 1 1 1 1 1 1 1 1
ciInstanceKlass java/lang/invoke/MethodHandleNatives 1 1 685 100 1 10 7 12 1 1 1 9 7 12 1 1 1 10 12 1 1 100 1 10 10 12 1 1 10 12 1 10 12 1 8 1 8 1 8 1 8 1 8 1 8 1 8 1 8 1 8 1 8 1 10 12 1 1 7 1 10 7 12 1 1 1 10 7 12 1 1 1 7 1 10 10 12 1 1 8 1 10 12 1 8 1 10 12 1 1 8 1 10 12 1 1 9 7 12 1 1 1 8 1 10 100 12 1 1 1 7 1 10 12 100 1 100 1 8 1 7 1 10 10 12 1 7 1 9 7 12 1 1 10 12 1 1 10 12 1 10 7 12 1 1 1 10 12 1 1 9 12 1 8 1 10 12 1 1 10 12 1 8 1 10 12 1 1 7 1 10 12 1 10 7 12 1 1 1 10 12 1 10 12 1 1 10 12 1 1 8 1 10 12 1 1 8 1 10 12 1 8 1 8 1 8 1 7 1 10 12 1 8 1 10 7 12 1 1 1 10 12 1 1 10 7 12 1 1 10 10 12 1 1 10 12 1 10 100 12 1 1 1 100 1 8 1 10 100 12 1 1 1 7 1 8 1 10 12 1 8 1 8 1 8 1 8 1 8 1 10 12 1 1 10 12 1 1 10 12 1 10 12 1 1 10 12 1 1 7 1 10 12 1 7 1 7 1 10 12 1 10 12 1 8 1 8 1 10 10 12 1 1 10 12 1 1 8 1 10 7 12 1 1 8 1 8 1 10 12 1 1 10 7 12 1 1 1 100 1 10 12 1 1 7 1 9 12 1 1 10 7 12 1 1 1 10 10 12 1 9 12 1 10 12 1 9 12 1 9 12 1 10 12 1 1 10 12 1 10 12 1 1 7 1 7 1 10 12 1 1 10 12 1 10 12 1 1 10 7 12 1 1 1 10 12 1 8 1 10 12 1 10 12 1 10 12 1 1 10 12 1 10 7 12 1 1 1 10 12 1 1 100 1 8 1 10 9 7 12 1 1 1 10 12 1 1 10 12 1 1 7 1 10 12 1 1 10 12 1 1 100 1 100 1 10 10 100 1 100 1 10 100 1 10 10 12 1 1 10 7 1 10 12 1 10 12 1 1 10 12 1 1 10 12 1 1 10 12 1 10 12 1 1 10 8 1 10 12 1 10 12 1 10 12 1 10 12 1 10 12 1 1 10 12 1 10 12 1 10 12 1 10 10 7 12 1 1 10 12 1 1 1 1 1 1 1 1 1 1 1 1 1 7 1 1 1 1 1 1 1 1 1 1 1 1 1 1 1 1 1 1 1 1 1 1 1 1 1 1 1 1 1 1 1 1 1 1 1 1 1 1 1 1 1 1 1 1 1 1 1 1 1 1 1 1 1 1 1 1 1 1 1 1 1 1 1 100 1 1 1 1 1 1 1 1 1 1 1 1 1 1 1 1 1 1 1 1 1 1 1 1 1 1 1 1 1 1 1 1 1 100 1 1 1 1 1 1 1 1 1 1 1 1 1 1 1 1 1 1 1 1 1 1 1 1 1 1 1 1 1 1 1 1 100 1 1
staticfield java/lang/invoke/MethodHandleNatives $assertionsDisabled Z 1
ciInstanceKlass jdk/internal/foreign/abi/NativeEntryPoint 0 0 194 10 7 12 1 1 1 9 7 12 1 1 1 9 12 1 1 100 1 8 1 10 12 1 10 12 1 1 100 1 10 100 12 1 1 1 10 12 1 9 12 1 1 18 12 1 1 10 100 12 1 1 1 10 7 12 1 1 1 9 7 12 1 1 1 7 1 10 8 1 10 12 1 1 10 12 1 10 12 1 1 8 1 10 12 1 1 7 1 8 1 10 12 1 10 12 1 1 10 12 1 9 12 1 1 18 12 1 1 10 100 12 1 1 1 10 12 1 1 10 12 1 10 100 12 1 1 1 10 1 1 1 1 1 1 1 1 1 1 1 1 1 1 1 1 1 1 1 1 1 1 1 1 1 1 1 1 1 1 1 1 1 1 1 1 1 16 1 15 10 12 16 1 16 15 10 12 15 10 100 12 1 1 1 1 1 100 1 1 100 1 100 1 1
ciInstanceKlass jdk/internal/foreign/abi/ABIDescriptor 0 0 55 10 100 12 1 1 1 9 100 12 1 1 1 9 12 1 1 9 12 1 9 12 1 9 12 1 1 9 12 1 9 12 1 1 9 12 1 9 12 1 9 12 1 9 12 1 1 1 1 1 1 1 1 1 1
ciInstanceKlass jdk/internal/foreign/abi/VMStorage 0 0 91 10 7 12 1 1 1 9 7 12 1 1 1 9 12 1 1 9 12 1 1 9 12 1 1 7 1 10 8 1 10 12 1 1 10 12 1 10 12 1 1 10 12 1 18 12 1 18 12 1 1 18 12 1 1 1 1 1 1 1 1 1 1 1 1 1 1 1 1 1 1 1 8 1 15 15 15 15 15 10 100 12 1 1 1 1 100 1 100 1 1
ciInstanceKlass jdk/internal/foreign/abi/UpcallLinker$CallRegs 0 0 66 10 7 12 1 1 1 9 7 12 1 1 1 9 12 1 18 12 1 1 18 12 1 1 18 12 1 1 1 1 1 1 1 1 1 1 1 1 1 1 1 1 1 1 100 1 1 1 8 1 15 15 15 10 100 12 1 1 1 1 1 100 1 100 1 1
ciInstanceKlass java/lang/StackWalker 1 1 271 9 7 12 1 1 1 7 1 10 7 12 1 1 1 10 12 1 1 10 7 12 1 1 1 10 12 1 1 10 12 1 11 7 12 1 1 1 10 12 1 1 10 12 1 1 10 12 1 1 100 1 8 1 10 12 1 10 12 1 10 12 1 10 7 12 1 1 9 12 1 1 9 12 1 1 9 12 1 1 9 12 1 1 10 12 1 1 9 12 1 1 9 12 1 1 9 12 1 1 10 7 12 1 1 1 11 12 1 1 100 1 8 1 10 10 7 12 1 1 9 12 1 1 10 12 1 1 10 7 12 1 1 1 10 7 12 1 1 1 18 12 1 1 100 1 8 1 10 8 1 10 12 1 1 10 100 12 1 1 1 10 12 1 1 9 7 12 1 1 11 100 12 1 1 1 10 12 1 1 1 1 1 1 1 1 1 1 1 1 1 1 1 1 1 1 1 1 1 1 1 1 1 1 1 1 1 1 1 1 1 1 1 1 1 1 1 1 1 1 1 1 1 1 1 1 1 1 1 1 1 1 1 1 1 1 1 1 1 1 1 1 1 1 7 1 1 16 15 10 12 16 1 15 10 100 12 1 1 1 1 1 1 1 1 1 100 1 100 1 1
staticfield java/lang/StackWalker DEFAULT_EMPTY_OPTION Ljava/util/EnumSet; java/util/RegularEnumSet
staticfield java/lang/StackWalker DEFAULT_WALKER Ljava/lang/StackWalker; java/lang/StackWalker
ciInstanceKlass java/lang/StackWalker$StackFrame 1 1 41 100 1 10 12 1 1 100 1 100 1 1 1 1 1 1 1 1 1 1 1 1 1 1 1 1 1 1 1 1 1 1 1 1 1 1 1 100 1 1 1
instanceKlass java/lang/LiveStackFrameInfo
ciInstanceKlass java/lang/StackFrameInfo 1 1 142 10 7 12 1 1 1 9 7 12 1 1 1 9 7 1 9 12 1 1 11 7 12 1 1 1 9 12 1 1 11 12 1 1 10 12 1 1 10 7 12 1 1 1 10 12 1 11 12 1 11 12 1 1 11 12 1 10 12 1 1 9 12 1 1 10 12 1 1 10 7 12 1 1 10 12 1 1 11 12 1 1 9 12 1 1 10 7 1 10 12 1 9 12 1 1 10 12 1 1 100 1 8 1 10 12 1 10 7 12 1 1 1 7 1 1 1 1 1 1 1 1 1 1 1 1 1 1 1 1 1 1 7 1 1 7 1 1 1 1 1 1
staticfield java/lang/StackFrameInfo JLIA Ljdk/internal/access/JavaLangInvokeAccess; java/lang/invoke/MethodHandleImpl$1
ciInstanceKlass java/lang/LiveStackFrameInfo 0 0 97 10 7 12 1 1 1 9 7 12 1 1 1 9 12 1 9 12 1 9 12 1 9 12 1 1 7 1 10 12 1 1 10 12 1 8 1 10 12 1 1 8 1 8 1 8 1 10 100 1 10 12 1 100 1 10 12 1 7 1 7 1 1 1 3 1 3 1 1 1 1 1 1 1 1 1 1 1 1 1 1 1 1 1 1 1 1 1 1 1 1 1 1 1 100 1 1
ciInstanceKlass java/lang/LiveStackFrame 0 0 135 100 1 10 100 12 1 1 1 11 7 12 1 1 1 11 12 1 10 7 12 1 1 1 100 1 8 1 10 12 1 1 10 7 12 1 1 1 9 100 12 1 1 1 10 7 12 1 1 1 10 7 12 1 1 1 11 12 1 10 12 1 7 1 7 1 1 1 1 1 1 1 1 1 1 1 1 1 1 1 1 1 1 1 1 1 1 1 1 1 1 1 1 100 1 1 1 1 1 1 1 100 1 8 1 1 12 10 1 1 1 8 1 1 1 8 1 1 1 8 1 1 1 8 1 1 8 1 1 1 8 1 1 8 1
instanceKlass java/lang/StackStreamFactory$StackFrameTraverser
ciInstanceKlass java/lang/StackStreamFactory$AbstractStackWalker 1 1 375 7 1 7 1 3 10 7 12 1 1 1 10 7 12 1 1 10 7 12 1 1 1 9 12 1 1 10 12 1 1 9 12 1 1 9 12 1 1 9 12 1 1 9 12 1 10 7 12 1 1 1 10 12 1 1 10 7 12 1 1 9 12 1 1 9 12 1 1 10 12 1 1 9 7 12 1 1 1 10 12 1 1 10 12 1 9 12 1 1 10 7 12 1 1 1 10 12 1 1 9 12 1 1 9 7 12 1 1 1 7 1 10 8 1 10 12 1 1 10 12 1 8 1 10 12 1 1 10 100 12 1 1 1 100 1 8 1 10 12 1 8 1 10 12 10 7 12 1 1 9 12 1 8 1 5 0 8 1 8 1 9 12 1 1 10 12 1 1 18 12 1 1 10 7 12 1 1 1 10 12 1 1 10 12 1 10 12 1 9 12 1 10 12 1 10 12 1 10 12 1 10 12 1 10 12 1 10 12 1 1 8 1 10 12 1 10 12 1 10 12 1 10 12 1 1 8 1 10 12 1 1 10 12 1 1 10 12 1 1 10 12 1 10 12 1 10 7 12 1 1 1 10 12 1 10 12 1 9 12 1 8 1 10 12 1 10 12 1 10 12 1 1 10 12 1 10 12 1 10 12 1 1 10 12 1 10 12 1 10 12 1 10 12 1 10 12 1 10 12 1 1 10 12 1 1 10 12 1 8 1 1 1 1 1 1 1 1 1 1 1 1 1 7 1 1 1 1 1 1 1 7 1 1 1 1 7 1 1 1 1 1 1 1 1 1 1 1 1 1 1 1 1 1 1 1 16 15 15 10 100 12 1 1 1 1 1 1 1 1 100 1 100 1 1
ciInstanceKlass jdk/internal/module/Modules 1 1 504 10 7 12 1 1 1 9 7 12 1 1 1 11 7 12 1 1 1 11 12 1 1 11 12 1 1 11 12 1 1 11 12 1 11 12 1 11 12 1 11 12 1 11 12 1 1 10 7 12 1 1 1 10 100 12 1 1 1 18 12 1 1 10 7 12 1 1 1 7 1 10 7 12 1 1 1 10 100 12 1 1 1 10 100 12 1 1 10 12 1 1 11 12 1 9 12 1 1 11 7 12 1 1 1 10 12 1 1 10 10 12 1 10 9 12 1 1 10 100 12 1 1 10 12 1 1 10 100 12 1 1 100 1 11 100 12 1 1 1 10 100 12 1 1 1 11 100 12 1 1 10 12 1 1 10 100 12 1 1 10 100 12 1 1 1 10 12 1 1 10 12 1 1 11 12 1 1 18 12 1 1 11 100 12 1 1 10 100 12 1 1 1 11 100 12 1 1 1 7 1 11 12 1 1 11 7 12 1 1 1 11 12 1 1 10 12 1 1 10 100 12 1 1 18 12 1 1 11 12 1 1 18 12 1 1 11 12 1 1 10 12 1 18 18 10 12 1 1 9 12 1 1 11 7 12 1 1 1 100 1 10 11 12 1 11 12 1 1 11 12 1 1 10 100 1 10 12 1 1 10 100 12 1 1 10 12 1 1 11 12 10 12 1 1 7 1 10 18 12 1 10 12 1 1 7 1 8 1 10 12 1 10 100 12 1 1 18 12 1 11 11 12 10 12 1 10 10 100 1 18 12 1 10 10 10 7 12 1 1 10 7 12 1 1 1 10 12 1 1 1 1 1 1 1 1 1 1 1 1 1 1 1 1 1 1 1 1 1 1 1 1 1 1 1 1 1 1 1 1 1 100 1 1 1 1 1 1 1 1 1 1 1 1 1 1 1 1 1 1 1 1 1 1 1 1 1 1 1 1 1 1 1 1 1 1 1 7 1 1 1 1 1 1 1 1 1 1 1 1 1 1 1 1 1 1 1 1 1 1 1 16 15 10 12 1 16 16 15 10 12 1 16 1 16 1 15 10 12 1 16 1 16 1 15 10 12 16 1 15 10 16 1 15 10 12 16 1 15 10 12 16 15 10 12 16 15 10 12 15 10 100 12 1 1 1 1 1 1 100 1 100 1 1
staticfield jdk/internal/module/Modules JLA Ljdk/internal/access/JavaLangAccess; java/lang/System$2
staticfield jdk/internal/module/Modules JLMA Ljdk/internal/access/JavaLangModuleAccess; java/lang/module/ModuleDescriptor$1
staticfield jdk/internal/module/Modules $assertionsDisabled Z 1
ciInstanceKlass java/util/ArrayList 1 1 509 10 7 12 1 1 1 7 1 9 7 12 1 1 1 9 12 1 100 1 7 1 10 8 1 10 12 1 1 10 12 1 10 12 1 1 10 12 1 9 12 1 11 7 12 1 1 1 9 12 1 1 11 12 1 1 7 10 7 12 1 1 1 9 12 1 10 12 1 10 12 1 1 10 7 12 1 1 1 10 7 12 1 1 1 10 12 1 1 10 12 1 1 10 12 1 1 10 12 1 10 12 1 1 100 1 7 1 10 12 1 10 10 7 12 1 1 1 10 7 12 1 1 10 12 1 100 1 10 10 12 10 12 1 1 10 12 1 1 10 12 1 10 12 10 12 1 1 7 1 10 12 1 1 10 12 1 1 10 12 1 100 1 10 11 12 1 1 11 7 12 1 1 1 11 12 1 10 12 1 10 12 1 10 12 1 1 100 1 10 12 1 1 10 10 12 1 1 10 12 1 8 1 8 1 8 1 8 1 10 12 1 1 10 12 1 1 11 12 1 7 1 10 100 12 1 1 10 12 1 10 12 1 1 10 100 12 1 1 10 12 1 10 100 12 1 1 1 11 100 12 1 1 1 10 12 1 100 1 8 1 10 7 1 10 12 1 7 1 10 12 1 10 12 1 1 7 1 10 12 1 10 12 1 1 11 7 12 1 1 7 1 10 12 1 10 12 1 1 11 100 12 1 1 10 12 1 1 10 12 1 1 10 12 1 1 10 12 1 1 11 100 12 1 1 10 12 1 1 7 1 7 1 7 1 1 1 1 5 0 1 3 1 1 1 1 1 1 1 1 1 1 1 1 1 1 1 1 1 1 1 1 1 1 1 1 1 1 1 1 1 1 1 1 1 1 1 1 1 1 1 1 1 1 1 1 1 1 1 1 1 1 1 1 1 1 1 1 1 1 1 1 1 1 1 1 1 1 1 1 1 1 1 1 1 1 1 1 1 1 1 1 1 1 1 1 1 1 1 1 1 1 1 1 1 1 1 1 1 1 1 1 1 1 1 1 100 1 1 1 1 7 1 1 1 1 1 1 1 1 1 1 1 1 1 1 1 1 1 1 1 1 1 1 1 1 1 1 1 1 1 100 1 1 1 1 1 1 1 1 1 1 1 1 1 1 1 1 1 1 100 1 100 1 1 1 1 1 1
staticfield java/util/ArrayList EMPTY_ELEMENTDATA [Ljava/lang/Object; 0 [Ljava/lang/Object;
staticfield java/util/ArrayList DEFAULTCAPACITY_EMPTY_ELEMENTDATA [Ljava/lang/Object; 0 [Ljava/lang/Object;
ciInstanceKlass java/util/RandomAccess 1 0 7 100 1 100 1 1 1
instanceKlass org/eclipse/jdt/ls/core/internal/preferences/Preferences$ReferencedLibraries$2
instanceKlass org/eclipse/jdt/ls/core/internal/preferences/Preferences$ReferencedLibraries$1
instanceKlass java/util/LinkedHashSet
ciInstanceKlass java/util/HashSet 1 1 303 10 7 12 1 1 1 7 1 10 9 7 12 1 1 1 11 7 12 1 1 1 10 7 12 1 1 1 10 12 1 1 10 12 1 1 10 12 1 10 12 1 7 1 10 10 12 1 1 11 7 12 1 1 1 10 10 12 1 1 10 12 1 1 9 12 1 1 10 12 1 1 10 12 1 1 10 12 1 10 7 12 1 1 1 10 100 1 7 1 10 12 1 10 100 12 1 1 10 12 1 10 12 1 10 12 1 1 10 12 1 1 11 7 12 1 1 11 12 1 10 12 1 1 10 100 12 1 1 1 10 12 1 100 1 7 1 10 8 1 10 12 1 1 10 12 1 10 12 1 1 10 12 1 10 12 1 10 7 12 1 1 1 8 1 10 12 1 4 4 10 12 1 1 8 1 10 12 1 1 4 10 100 12 1 1 1 100 1 10 12 1 1 11 100 12 1 1 1 100 1 10 12 1 7 1 10 12 1 10 12 1 1 10 12 1 100 1 8 1 10 10 12 1 10 10 7 1 7 1 1 1 1 5 0 1 1 1 1 1 1 1 1 1 1 1 1 1 1 1 1 1 1 1 1 1 1 1 1 1 1 1 1 1 1 1 1 1 1 100 1 1 1 1 7 1 1 1 1 1 1 1 1 1 1 1 1 1 1 1 1 1 1 1 100 1 1 100 1 7 1 1 1
staticfield java/util/HashSet PRESENT Ljava/lang/Object; java/lang/Object
instanceKlass com/google/gson/internal/LinkedTreeMap$EntrySet
instanceKlass java/util/Hashtable$EntrySet
instanceKlass java/lang/ProcessEnvironment$CheckedEntrySet
instanceKlass org/eclipse/osgi/framework/util/CaseInsensitiveDictionaryMap$KeySet
instanceKlass java/util/concurrent/ConcurrentSkipListSet
instanceKlass java/util/AbstractMap$1
instanceKlass org/eclipse/osgi/framework/eventmgr/CopyOnWriteIdentityMap$Snapshot$EntrySet
instanceKlass java/util/TreeMap$EntrySet
instanceKlass java/util/LinkedHashMap$LinkedEntrySet
instanceKlass java/util/TreeMap$KeySet
instanceKlass java/util/TreeSet
instanceKlass java/util/LinkedHashMap$LinkedKeySet
instanceKlass java/util/Collections$SingletonSet
instanceKlass java/util/WeakHashMap$EntrySet
instanceKlass java/util/IdentityHashMap$KeySet
instanceKlass java/util/EnumSet
instanceKlass jdk/internal/util/ReferencedKeySet
instanceKlass java/util/HashMap$KeySet
instanceKlass java/util/WeakHashMap$KeySet
instanceKlass java/util/Collections$SetFromMap
instanceKlass java/util/HashSet
instanceKlass java/util/ImmutableCollections$MapN$1
instanceKlass java/util/Collections$EmptySet
instanceKlass java/util/HashMap$EntrySet
ciInstanceKlass java/util/AbstractSet 1 1 96 10 7 12 1 1 1 7 1 7 1 11 12 1 1 10 7 1 10 12 1 1 100 1 100 1 10 12 1 1 11 7 12 1 1 1 11 12 1 1 10 7 12 1 1 10 7 12 1 1 1 11 10 12 1 1 11 12 1 11 12 1 1 1 1 1 1 1 1 1 1 1 1 1 1 1 1 100 1 1 1 1 1 1 1 1 1 1 1 1 1 1 1 1 1 1
ciMethod java/util/HashSet iterator ()Ljava/util/Iterator; 4440 0 8006 0 1464
ciMethod java/util/HashSet contains (Ljava/lang/Object;)Z 4240 0 10813 0 1416
ciInstanceKlass java/lang/module/ModuleDescriptor 1 1 516 10 7 12 1 1 1 9 7 12 1 1 1 100 1 10 9 12 1 1 9 12 1 1 9 12 1 11 7 12 1 1 1 9 12 1 1 9 7 12 1 1 1 11 12 1 1 9 12 1 9 12 1 9 12 1 11 12 1 1 18 12 1 1 11 100 12 1 1 1 11 12 1 11 12 1 1 11 12 1 1 9 12 1 9 12 1 9 12 1 9 12 1 9 12 1 9 12 1 9 12 1 9 12 1 1 11 12 1 1 11 7 12 1 1 1 11 12 1 1 10 12 1 9 100 12 1 1 1 10 100 12 1 1 1 10 7 12 1 1 1 10 100 12 1 1 1 10 12 1 7 1 10 10 12 10 12 1 1 8 1 10 12 1 10 10 7 12 1 1 1 10 12 1 1 10 12 1 10 12 1 1 10 7 12 1 1 10 12 1 10 12 1 11 10 100 12 1 1 10 12 1 10 12 1 1 11 10 12 1 10 12 1 8 1 8 1 10 12 1 11 12 1 8 1 8 1 8 1 8 1 8 1 8 1 7 1 10 12 1 100 1 8 1 10 12 1 7 1 10 12 1 11 12 11 12 1 10 12 1 1 100 1 10 100 12 1 1 1 10 100 12 1 1 1 10 12 1 10 12 1 1 8 1 10 12 1 1 18 11 12 1 11 12 1 1 8 1 10 100 12 1 1 1 11 12 1 1 11 7 1 7 1 10 7 1 11 12 11 12 1 1 10 100 12 1 1 1 10 12 1 10 12 1 10 12 1 10 9 100 12 1 1 1 10 12 1 1 10 7 12 1 1 7 1 10 10 7 12 1 1 1 1 1 1 1 1 1 1 1 1 1 1 1 1 1 1 1 1 1 1 1 1 1 1 1 1 1 1 1 1 1 1 1 1 1 1 1 1 1 1 1 1 1 1 1 1 1 1 1 1 1 1 1 1 1 1 1 1 1 7 1 1 1 1 1 1 1 1 1 1 1 1 1 1 1 1 1 1 1 1 1 1 1 1 1 1 1 1 1 1 1 1 1 1 1 1 1 1 1 1 1 1 1 1 1 1 1 1 1 100 1 100 1 100 1 100 1 100 1 100 1 100 1 1 16 15 10 16 1 15 10 12 16 15 10 100 12 1 1 1 1 1 1 1 1 1 1 1 1 1 100 1 100 1 1
staticfield java/lang/module/ModuleDescriptor $assertionsDisabled Z 1
ciInstanceKlass java/util/LinkedHashSet 1 1 163 10 7 12 1 1 1 4 11 7 12 1 1 1 10 7 12 1 1 1 10 7 12 1 1 1 10 7 12 1 1 1 100 1 10 100 12 1 1 1 100 1 7 1 10 12 1 8 1 10 12 1 1 10 12 1 10 12 1 1 10 12 1 10 12 1 9 12 1 1 100 1 10 12 1 9 12 1 1 10 12 1 1 10 12 1 10 12 1 1 11 7 12 1 1 1 11 12 1 11 12 1 11 12 1 100 1 10 12 1 10 12 1 7 1 7 1 1 1 1 5 0 1 1 1 1 1 1 1 1 1 1 1 1 1 1 1 1 1 1 1 1 1 1 1 1 1 1 1 1 1 1 1 1 1 1 1 1 1 1 1 1 1
ciInstanceKlass java/util/SequencedSet 1 1 78 11 7 12 1 1 1 7 1 7 1 7 1 1 1 1 1 1 1 1 1 1 1 1 1 1 1 100 1 8 1 1 12 10 1 1 1 8 1 1 1 8 1 1 1 8 1 1 1 8 1 1 1 8 1 1 8 1 1 1 8 1 1 8 1 1 8 1 1 1 8 1 1 8 1 1 8 1
ciInstanceKlass java/lang/annotation/Annotation 1 0 17 100 1 100 1 1 1 1 1 1 1 1 1 1 1 1 1
ciInstanceKlass java/util/LinkedHashMap 1 1 386 9 7 12 1 1 1 9 12 1 1 9 12 1 9 7 12 1 1 9 12 1 10 7 12 1 1 1 10 12 1 1 10 12 1 1 9 12 1 9 12 1 1 9 12 1 10 12 1 1 100 1 10 10 12 1 1 10 12 1 10 12 1 1 9 12 1 1 9 12 1 10 12 1 1 10 100 12 1 1 1 10 12 1 10 12 1 10 12 10 12 1 1 10 7 12 1 1 1 10 12 1 1 10 12 1 1 9 7 1 10 12 1 10 12 1 1 9 12 1 1 7 1 10 12 1 7 1 100 1 10 10 12 1 1 10 12 1 1 9 12 1 1 7 1 10 7 1 10 12 1 9 12 1 7 1 10 100 1 10 11 100 12 1 1 1 100 1 10 11 7 12 1 1 100 1 7 1 10 8 1 10 12 1 1 10 12 1 10 12 1 1 10 12 1 10 12 1 1 10 100 1 10 12 1 7 1 1 1 1 5 0 1 1 1 3 1 3 1 3 1 1 1 1 1 1 1 1 1 1 1 1 1 1 1 1 1 1 1 1 1 1 1 1 1 1 1 1 1 1 1 1 1 1 1 1 1 1 1 1 1 1 1 1 1 1 1 7 1 1 1 1 1 1 1 1 100 1 1 1 1 1 1 1 1 1 1 1 1 1 1 1 1 1 1 1 1 1 1 1 1 1 1 1 1 100 1 1 1 1 1 1 1 1 1 1 1 1 1 1 100 1 1 1 1 1 1 1 1 1 7 1 1 1 1 1 1 1 1 1 1 1 1 1 1 1 1 1 1 1 1 1 1 1 1 1 1 1 1 1 1 1 100 1 100 1 100 1 100 1 1 1 1 1 100 1 7 1 1 1 1 1 1 1 1 1
ciInstanceKlass java/util/SequencedMap 1 1 157 11 7 12 1 1 1 11 100 12 1 1 1 11 7 12 1 1 1 100 1 11 12 1 1 100 1 10 12 1 1 11 12 1 1 11 12 1 1 100 1 10 12 100 1 10 12 1 100 1 10 100 1 10 7 1 7 1 1 1 1 1 1 1 1 1 1 1 1 1 1 1 1 1 1 1 1 1 1 1 1 1 1 1 1 1 1 1 1 1 1 1 1 1 1 1 1 1 1 1 1 1 1 1 1 1 1 100 1 8 1 1 12 10 1 1 1 8 1 1 1 8 1 1 8 1 1 1 8 1 1 1 8 1 1 1 8 1 1 1 8 1 1 1 8 1 1 1 8 1 1 1 8 1 1 8 1
ciMethod java/util/LinkedHashMap keySet ()Ljava/util/Set; 526 0 1655 0 0
ciMethod java/util/LinkedHashMap sequencedKeySet ()Ljava/util/SequencedSet; 526 0 1656 0 0
instanceKlass lombok/eclipse/agent/PatchDelegate$1
instanceKlass lombok/core/configuration/ConfigurationFile$1
instanceKlass lombok/patcher/Symbols$1
instanceKlass jdk/internal/jimage/ImageBufferCache$1
instanceKlass sun/nio/ch/Invoker$1
instanceKlass lombok/eclipse/agent/PatchDelegate$1
instanceKlass java/lang/ThreadLocal$SuppliedThreadLocal
instanceKlass com/sun/jna/Native$7
instanceKlass com/sun/jna/Structure$2
instanceKlass com/sun/jna/Structure$1
instanceKlass org/apache/felix/scr/impl/ComponentRegistry$1
instanceKlass java/util/concurrent/locks/ReentrantReadWriteLock$Sync$ThreadLocalHoldCounter
instanceKlass jdk/internal/jimage/ImageBufferCache$1
instanceKlass jdk/internal/math/FloatingDecimal$1
instanceKlass jdk/internal/misc/CarrierThreadLocal
ciInstanceKlass java/lang/ThreadLocal 1 1 332 9 7 12 1 1 1 3 10 7 12 1 1 1 7 1 10 12 1 1 10 7 12 1 1 10 12 1 9 12 1 1 10 7 12 1 1 1 10 12 1 1 9 12 1 1 100 1 100 1 10 10 12 1 10 12 1 1 10 7 12 1 1 1 9 7 12 1 1 1 10 12 1 10 12 1 1 10 12 1 1 10 12 1 1 10 12 1 1 7 1 10 12 1 1 9 12 1 10 12 1 10 12 10 12 1 1 10 12 1 9 12 1 1 10 12 10 12 1 100 1 10 8 1 10 7 12 1 1 1 10 7 12 1 1 1 10 7 12 1 1 1 7 1 9 100 12 1 1 1 18 12 1 1 10 7 12 1 1 1 7 1 18 12 1 1 10 12 1 1 7 1 7 1 10 12 1 9 7 12 1 1 1 10 100 12 1 1 1 11 12 1 1 11 7 12 1 1 11 12 1 7 1 8 1 11 12 1 1 10 12 1 1 11 100 12 1 1 1 10 100 12 1 1 1 11 12 1 1 10 7 12 1 1 10 12 1 10 1 1 1 1 1 1 1 1 1 1 1 1 1 1 1 1 1 1 1 1 1 1 1 1 1 1 1 1 1 1 1 1 1 1 1 1 1 1 1 1 1 1 1 1 1 1 1 1 1 1 1 1 1 1 1 1 1 1 1 1 1 1 1 1 1 1 1 16 15 10 12 16 16 15 10 12 15 10 100 12 1 1 1 1 1 1 1 1 1 100 1 100 1 1
staticfield java/lang/ThreadLocal TRACE_VTHREAD_LOCALS Z 0
staticfield java/lang/ThreadLocal nextHashCode Ljava/util/concurrent/atomic/AtomicInteger; java/util/concurrent/atomic/AtomicInteger
staticfield java/lang/ThreadLocal $assertionsDisabled Z 1
ciMethod java/lang/ThreadLocal get ()Ljava/lang/Object; 516 0 10979 0 -1
ciInstanceKlass java/util/ImmutableCollections$ListN 1 1 119 10 7 12 1 1 1 9 7 12 1 1 1 9 12 1 1 100 1 8 1 10 12 1 100 1 10 12 1 10 7 12 1 1 1 10 7 12 1 1 1 10 12 1 10 7 12 1 1 1 100 1 10 10 7 12 1 1 1 7 1 1 1 1 1 1 1 1 1 1 1 1 1 1 1 1 1 1 1 1 1 1 1 1 1 1 1 1 1 100 1 7 1 1 1 1 1 1 1 1 1 1 1 1 1 1 1 100 1 1 1 1 1 1 7 1 1 1 1
ciInstanceKlass java/util/ImmutableCollections$MapN 1 1 149 100 1 10 7 12 1 1 1 7 1 8 1 10 12 1 9 7 12 1 1 1 7 1 9 12 1 1 10 7 12 1 1 1 10 12 1 1 100 1 7 1 10 8 1 10 12 1 1 10 12 1 10 12 1 1 10 10 12 1 1 10 12 1 1 7 1 10 12 1 10 7 12 1 1 1 100 1 8 1 10 100 1 10 12 1 1 1 1 1 1 1 1 1 1 1 1 1 1 1 1 1 1 1 1 1 1 100 1 1 1 1 1 1 1 1 1 1 1 1 1 1 1 1 1 1 1 100 1 7 1 1 1 1 1 1 1 1 1 1 1 100 1 1 100 1 7 1 1
instanceKlass java/util/LinkedHashMap$Entry
ciInstanceKlass java/util/HashMap$Node 1 1 95 10 7 12 1 1 1 9 7 12 1 1 1 9 12 1 1 9 12 1 9 12 1 1 7 1 10 10 12 1 1 8 1 10 12 1 10 12 1 1 10 7 12 1 1 1 7 1 11 12 1 1 10 12 1 1 11 12 1 1 1 1 1 1 1 1 1 1 1 1 1 1 1 1 1 1 1 1 1 1 1 1 1 1 1 1 1 1 100 1 1 1 7 1 1
ciMethod java/util/HashMap$Node <init> (ILjava/lang/Object;Ljava/lang/Object;Ljava/util/HashMap$Node;)V 1024 0 14408 0 0
ciMethod java/util/HashMap$Node getKey ()Ljava/lang/Object; 282 0 141 0 0
ciInstanceKlass java/util/HashMap$TreeNode 1 1 250 7 1 10 7 12 1 1 1 9 7 12 1 1 1 9 12 1 1 9 12 1 9 12 1 1 9 12 1 1 10 12 1 1 100 1 10 12 1 9 12 1 9 12 1 9 12 1 1 10 7 12 1 1 1 10 12 1 1 10 12 1 1 10 12 1 1 10 12 1 1 10 12 1 1 10 7 12 1 1 1 10 7 12 1 1 1 10 7 12 1 1 1 9 12 1 10 12 1 1 10 12 1 1 10 12 1 1 10 12 1 1 9 100 1 10 12 1 1 10 12 1 1 10 12 1 10 12 1 1 10 12 1 10 12 1 10 12 1 1 1 1 1 1 1 1 1 1 1 1 1 1 1 1 1 1 1 1 1 1 1 1 1 1 100 1 1 1 1 1 1 1 1 1 1 1 1 1 1 1 1 1 1 1 1 1 1 1 1 1 1 1 1 1 1 1 1 1 1 1 1 1 1 1 1 1 1 1 1 1 1 1 1 1 1 1 1 1 1 1 1 1 1 1 1 1 1 1 1 1 1 1 1 1 1 1 1 1 1 1 1 1 1 1 1 100 1 1 1 1
staticfield java/util/HashMap$TreeNode $assertionsDisabled Z 1
instanceKlass java/util/HashMap$TreeNode
ciInstanceKlass java/util/LinkedHashMap$Entry 1 1 41 10 7 12 1 1 1 100 1 1 1 1 1 1 1 1 1 1 1 1 1 1 1 1 1 1 1 1 1 1 1 1 1 1 100 1 1 100 1 1 1
ciMethod java/util/HashMap$TreeNode split (Ljava/util/HashMap;[Ljava/util/HashMap$Node;II)V 2 24 2 0 -1
ciMethod java/util/HashMap$TreeNode find (ILjava/lang/Object;Ljava/lang/Class;)Ljava/util/HashMap$TreeNode; 54 54 27 0 -1
ciMethod java/util/HashMap$TreeNode root ()Ljava/util/HashMap$TreeNode; 0 0 1 0 -1
ciMethod java/util/HashMap$TreeNode putTreeVal (Ljava/util/HashMap;[Ljava/util/HashMap$Node;ILjava/lang/Object;Ljava/lang/Object;)Ljava/util/HashMap$TreeNode; 12 34 6 0 0
ciMethod java/util/HashMap$TreeNode getTreeNode (ILjava/lang/Object;)Ljava/util/HashMap$TreeNode; 0 0 1 0 -1
ciMethod java/util/HashMap$TreeNode treeify ([Ljava/util/HashMap$Node;)V 4 78 2 0 -1
ciMethod java/util/HashMap$TreeNode tieBreakOrder (Ljava/lang/Object;Ljava/lang/Object;)I 120 0 60 0 -1
ciMethod java/util/HashMap$TreeNode balanceInsertion (Ljava/util/HashMap$TreeNode;Ljava/util/HashMap$TreeNode;)Ljava/util/HashMap$TreeNode; 44 30 22 0 -1
ciMethod java/util/HashMap$TreeNode moveRootToFront ([Ljava/util/HashMap$Node;Ljava/util/HashMap$TreeNode;)V 16 0 8 0 -1
ciInstanceKlass java/util/HashMap$KeySet 1 1 129 9 7 12 1 1 1 10 7 12 1 1 1 9 7 12 1 1 1 10 12 1 7 1 10 12 1 10 12 1 1 10 12 1 1 10 12 1 1 100 1 10 12 1 100 1 10 12 1 1 10 12 1 100 1 10 9 12 1 1 9 12 1 9 100 12 1 1 1 11 100 12 1 1 1 9 12 1 1 100 1 10 1 1 1 1 1 1 1 1 1 1 1 1 1 1 1 1 1 1 1 1 1 1 1 1 1 1 1 1 1 1 1 1 1 1 1 1 100 1 1 1 1 1 1 1 1 1 1
ciMethod java/util/HashMap$KeySet iterator ()Ljava/util/Iterator; 1024 0 6798 0 0
ciMethod java/util/HashMap$KeySet <init> (Ljava/util/HashMap;)V 290 0 465 0 0
instanceKlass java/util/HashMap$ValueIterator
instanceKlass java/util/HashMap$KeyIterator
instanceKlass java/util/HashMap$EntryIterator
ciInstanceKlass java/util/HashMap$HashIterator 1 1 91 9 7 12 1 1 1 10 7 12 1 1 1 9 7 12 1 1 1 9 12 1 9 12 1 1 9 12 1 1 9 12 1 9 12 1 9 12 1 100 1 10 100 1 10 9 7 1 100 1 10 9 12 1 9 12 1 1 10 12 1 1 1 1 1 1 1 1 1 1 1 1 1 1 1 100 1 1 1 1 1 1 1 1 1 1 1 1 1 1 1
ciMethod java/util/HashMap$HashIterator <init> (Ljava/util/HashMap;)V 1024 1010 4757 0 0
ciInstanceKlass java/util/HashMap$KeyIterator 1 1 45 10 7 12 1 1 1 10 7 12 1 1 1 9 7 12 1 1 1 100 1 1 1 1 1 1 1 1 1 1 1 1 1 1 1 1 1 1 1 100 1 1 1 1 1
ciMethod java/util/HashMap$KeyIterator <init> (Ljava/util/HashMap;)V 1024 0 6798 0 0
instanceKlass java/util/LinkedHashMap$LinkedValueIterator
instanceKlass java/util/LinkedHashMap$LinkedEntryIterator
instanceKlass java/util/LinkedHashMap$LinkedKeyIterator
ciInstanceKlass java/util/LinkedHashMap$LinkedHashIterator 1 1 100 9 7 12 1 1 1 10 7 12 1 1 1 9 12 1 1 9 7 12 1 1 1 9 12 1 9 12 1 9 12 1 1 9 12 1 9 12 1 100 1 10 100 1 10 9 7 12 1 1 9 12 1 100 1 10 9 7 12 1 1 9 12 1 1 10 12 1 1 1 1 1 1 1 1 1 1 1 1 1 1 1 1 1 1 1 1 1 1 1 1 1 1 1 1 1 1 100 1 1
ciMethod java/util/LinkedHashMap$LinkedHashIterator <init> (Ljava/util/LinkedHashMap;Z)V 1024 0 4488 0 0
ciMethod java/util/LinkedHashMap$LinkedHashIterator hasNext ()Z 514 0 5378 0 88
ciMethod java/util/LinkedHashMap$LinkedHashIterator nextNode ()Ljava/util/LinkedHashMap$Entry; 830 0 5537 0 216
ciInstanceKlass java/util/zip/ZipFile$Source$Key 1 1 84 10 7 12 1 1 1 9 7 12 1 1 1 9 12 1 1 10 7 12 1 1 1 9 12 1 1 100 1 5 0 11 7 12 1 1 1 10 7 12 1 1 1 10 7 12 1 1 1 10 12 1 1 11 12 1 1 10 10 1 1 1 1 1 1 1 1 1 1 1 1 1 1 1 1 1 1 100 1 1 100 1 1 1
ciMethod java/util/AbstractSet <init> ()V 694 0 21706 0 80
ciMethod java/util/HashMap getNode (Ljava/lang/Object;)Ljava/util/HashMap$Node; 1024 38 15001 0 0
ciMethod java/util/HashMap resize ()[Ljava/util/HashMap$Node; 90 1000 9766 0 1432
ciMethod java/util/HashMap compareComparables (Ljava/lang/Class;Ljava/lang/Object;Ljava/lang/Object;)I 0 0 1 0 -1
ciMethod java/util/HashMap comparableClassFor (Ljava/lang/Object;)Ljava/lang/Class; 150 0 75 0 -1
ciMethod java/util/HashMap treeifyBin ([Ljava/util/HashMap$Node;I)V 0 0 2 0 0
ciMethod java/util/HashMap putVal (ILjava/lang/Object;Ljava/lang/Object;ZZ)Ljava/lang/Object; 5976 366 36243 0 1520
ciMethod java/util/HashMap hash (Ljava/lang/Object;)I 544 0 63583 0 0
ciMethod java/util/Arrays hashCode ([C)I 610 0 9865 0 0
ciMethod java/util/Arrays equals ([C[C)Z 518 0 7631 0 -1
ciMethod jdk/internal/util/ArraysSupport vectorizedHashCode (Ljava/lang/Object;IIII)I 734 0 10649 0 -1
ciMethod java/util/Iterator next ()Ljava/lang/Object; 0 0 1 0 -1
ciMethod java/util/Iterator hasNext ()Z 0 0 1 0 -1
ciMethod java/util/Set contains (Ljava/lang/Object;)Z 0 0 1 0 -1
ciMethod java/util/Set iterator ()Ljava/util/Iterator; 0 0 1 0 -1
ciMethod java/lang/String toCharArray ()[C 516 0 20685 0 -1
ciMethod java/lang/String isLatin1 ()Z 776 0 2640399 0 112
ciMethod java/lang/String valueOf (Ljava/lang/Object;)Ljava/lang/String; 102 0 14374 0 128
ciMethod java/lang/String valueOf ([C)Ljava/lang/String; 106 0 9864 0 0
ciMethod java/lang/String <init> ([C)V 512 0 6460 0 1200
ciMethod java/lang/String <init> ([CIILjava/lang/Void;)V 1024 0 9832 0 1344
ciMethod java/lang/Class getSimpleName ()Ljava/lang/String; 34 0 25 0 -1
ciMethod java/util/Map containsKey (Ljava/lang/Object;)Z 0 0 1 0 -1
ciMethod java/util/Map put (Ljava/lang/Object;Ljava/lang/Object;)Ljava/lang/Object; 0 0 1 0 -1
ciMethod java/util/Map get (Ljava/lang/Object;)Ljava/lang/Object; 0 0 1 0 -1
ciMethod java/lang/Object getClass ()Ljava/lang/Class; 256 0 128 0 -1
ciMethod java/lang/Object <init> ()V 1024 0 1466086 0 136
ciInstanceKlass java/util/NoSuchElementException 0 0 34 10 100 12 1 1 1 10 12 1 10 12 1 10 12 1 100 1 1 1 1 5 0 1 1 1 1 1 1 1 1 1 1 1
ciInstanceKlass java/security/Provider$UString 1 1 56 10 7 12 1 1 1 9 7 12 1 1 1 9 7 12 1 1 1 10 7 12 1 1 1 9 12 1 10 12 1 1 10 12 1 1 1 1 1 1 1 1 1 1 1 1 1 1 1 1 1 1 100 1 1 1
ciInstanceKlass java/util/LinkedHashMap$LinkedKeySet 1 1 177 9 7 12 1 1 1 10 7 12 1 1 1 9 12 1 1 9 7 12 1 1 1 10 12 1 7 1 10 12 1 10 12 1 1 10 100 12 1 1 1 10 12 1 1 100 1 10 100 12 1 1 1 100 1 10 12 1 1 10 12 1 1 100 1 10 9 12 1 9 12 1 1 9 100 12 1 1 1 11 100 12 1 1 1 9 12 1 9 12 1 9 12 1 100 1 10 100 1 10 10 12 1 1 9 100 1 9 12 10 12 1 1 10 10 12 100 1 1 1 1 1 1 1 1 1 1 1 1 1 1 1 1 1 1 1 1 1 1 1 1 1 1 1 1 1 1 1 1 1 1 1 1 1 1 1 1 1 1 1 1 1 1 1 1 1 1 1 1 1 1 1 1 1 1 1 1
ciInstanceKlass java/util/LinkedHashMap$LinkedKeyIterator 1 1 46 10 7 12 1 1 1 10 7 12 1 1 1 10 7 12 1 1 1 100 1 1 1 1 1 1 1 1 1 1 1 1 1 1 1 1 1 1 1 1 100 1 1 1 1 1
ciInstanceKlass sun/security/x509/AlgorithmId 1 1 625 10 7 12 1 1 1 9 7 12 1 1 1 9 12 1 1 10 100 12 1 1 1 9 12 1 1 100 1 100 1 8 1 10 12 1 10 7 12 1 1 10 12 1 10 12 1 1 10 12 1 1 100 1 10 100 12 1 1 10 12 1 1 7 1 10 10 12 1 1 9 12 1 10 7 12 1 1 1 9 12 1 9 12 1 9 12 1 9 12 1 9 12 1 9 12 1 9 12 1 9 12 1 9 12 1 9 12 1 9 12 1 9 12 1 9 12 1 9 12 1 9 12 1 9 12 1 9 12 1 9 12 1 9 12 1 9 12 1 9 12 1 9 12 1 9 12 1 9 12 1 9 12 1 9 12 1 10 12 1 1 10 12 1 10 12 1 1 10 12 1 1 10 10 12 1 10 7 12 1 1 1 9 12 1 1 10 12 10 12 1 1 100 1 10 8 1 8 1 10 100 12 1 1 1 10 12 1 1 8 1 10 9 12 1 10 10 12 1 10 12 1 1 11 100 12 1 1 1 10 12 1 10 10 7 12 1 1 10 12 1 10 12 1 10 12 1 1 10 12 1 8 1 8 1 10 12 1 9 12 1 1 8 1 10 12 1 10 12 1 1 10 7 12 1 1 1 10 12 1 10 12 1 1 10 12 1 8 1 8 1 10 12 1 10 12 1 10 12 1 1 8 1 10 8 1 10 12 1 10 12 1 10 12 1 8 1 10 12 1 1 10 10 12 1 1 10 12 1 1 8 1 10 12 1 1 9 100 12 1 1 1 10 12 1 1 10 12 9 12 1 10 12 1 1 10 100 1 10 12 1 1 10 100 12 1 1 1 10 100 1 8 1 8 1 8 1 8 1 8 1 8 1 8 1 8 1 8 1 8 1 8 1 100 1 10 10 100 12 1 1 1 10 12 1 1 10 12 1 1 11 100 12 1 1 1 11 100 12 1 1 1 11 12 1 8 1 10 12 1 1 10 12 1 1 10 12 1 1 9 12 1 9 12 1 9 12 1 9 12 1 9 12 1 9 12 1 9 12 1 9 12 1 9 12 1 9 12 1 9 12 1 9 12 1 9 12 1 9 12 1 9 12 1 9 12 1 9 12 1 9 12 1 9 12 1 9 12 1 9 12 1 9 12 1 9 12 1 9 12 1 9 12 1 9 12 1 9 12 1 9 12 1 9 12 1 9 12 1 9 12 1 9 12 1 9 12 1 9 12 1 9 12 1 100 1 100 1 1 1 1 5 0 1 1 1 1 1 1 1 1 1 1 1 1 1 1 1 1 1 1 1 1 1 1 1 1 1 1 1 1 1 1 1 1 1 1 1 1 1 1 1 1 1 1 1 1 1 1 1 1 100 1 1 1 1 1 1 1 1 1 1 1 1 1 1 1 1 1 100 1 1 1 1 1
staticfield sun/security/x509/AlgorithmId MD2_oid Lsun/security/util/ObjectIdentifier; sun/security/util/ObjectIdentifier
staticfield sun/security/x509/AlgorithmId MD5_oid Lsun/security/util/ObjectIdentifier; sun/security/util/ObjectIdentifier
staticfield sun/security/x509/AlgorithmId SHA_oid Lsun/security/util/ObjectIdentifier; sun/security/util/ObjectIdentifier
staticfield sun/security/x509/AlgorithmId SHA224_oid Lsun/security/util/ObjectIdentifier; sun/security/util/ObjectIdentifier
staticfield sun/security/x509/AlgorithmId SHA256_oid Lsun/security/util/ObjectIdentifier; sun/security/util/ObjectIdentifier
staticfield sun/security/x509/AlgorithmId SHA384_oid Lsun/security/util/ObjectIdentifier; sun/security/util/ObjectIdentifier
staticfield sun/security/x509/AlgorithmId SHA512_oid Lsun/security/util/ObjectIdentifier; sun/security/util/ObjectIdentifier
staticfield sun/security/x509/AlgorithmId SHA512_224_oid Lsun/security/util/ObjectIdentifier; sun/security/util/ObjectIdentifier
staticfield sun/security/x509/AlgorithmId SHA512_256_oid Lsun/security/util/ObjectIdentifier; sun/security/util/ObjectIdentifier
staticfield sun/security/x509/AlgorithmId SHA3_224_oid Lsun/security/util/ObjectIdentifier; sun/security/util/ObjectIdentifier
staticfield sun/security/x509/AlgorithmId SHA3_256_oid Lsun/security/util/ObjectIdentifier; sun/security/util/ObjectIdentifier
staticfield sun/security/x509/AlgorithmId SHA3_384_oid Lsun/security/util/ObjectIdentifier; sun/security/util/ObjectIdentifier
staticfield sun/security/x509/AlgorithmId SHA3_512_oid Lsun/security/util/ObjectIdentifier; sun/security/util/ObjectIdentifier
staticfield sun/security/x509/AlgorithmId DSA_oid Lsun/security/util/ObjectIdentifier; sun/security/util/ObjectIdentifier
staticfield sun/security/x509/AlgorithmId EC_oid Lsun/security/util/ObjectIdentifier; sun/security/util/ObjectIdentifier
staticfield sun/security/x509/AlgorithmId RSAEncryption_oid Lsun/security/util/ObjectIdentifier; sun/security/util/ObjectIdentifier
staticfield sun/security/x509/AlgorithmId RSASSA_PSS_oid Lsun/security/util/ObjectIdentifier; sun/security/util/ObjectIdentifier
staticfield sun/security/x509/AlgorithmId MGF1_oid Lsun/security/util/ObjectIdentifier; sun/security/util/ObjectIdentifier
staticfield sun/security/x509/AlgorithmId SHA1withRSA_oid Lsun/security/util/ObjectIdentifier; sun/security/util/ObjectIdentifier
staticfield sun/security/x509/AlgorithmId SHA224withRSA_oid Lsun/security/util/ObjectIdentifier; sun/security/util/ObjectIdentifier
staticfield sun/security/x509/AlgorithmId SHA256withRSA_oid Lsun/security/util/ObjectIdentifier; sun/security/util/ObjectIdentifier
staticfield sun/security/x509/AlgorithmId SHA384withRSA_oid Lsun/security/util/ObjectIdentifier; sun/security/util/ObjectIdentifier
staticfield sun/security/x509/AlgorithmId SHA512withRSA_oid Lsun/security/util/ObjectIdentifier; sun/security/util/ObjectIdentifier
staticfield sun/security/x509/AlgorithmId SHA512$224withRSA_oid Lsun/security/util/ObjectIdentifier; sun/security/util/ObjectIdentifier
staticfield sun/security/x509/AlgorithmId SHA512$256withRSA_oid Lsun/security/util/ObjectIdentifier; sun/security/util/ObjectIdentifier
staticfield sun/security/x509/AlgorithmId MD2withRSA_oid Lsun/security/util/ObjectIdentifier; sun/security/util/ObjectIdentifier
staticfield sun/security/x509/AlgorithmId MD5withRSA_oid Lsun/security/util/ObjectIdentifier; sun/security/util/ObjectIdentifier
staticfield sun/security/x509/AlgorithmId SHA3_224withRSA_oid Lsun/security/util/ObjectIdentifier; sun/security/util/ObjectIdentifier
staticfield sun/security/x509/AlgorithmId SHA3_256withRSA_oid Lsun/security/util/ObjectIdentifier; sun/security/util/ObjectIdentifier
staticfield sun/security/x509/AlgorithmId SHA3_384withRSA_oid Lsun/security/util/ObjectIdentifier; sun/security/util/ObjectIdentifier
staticfield sun/security/x509/AlgorithmId SHA3_512withRSA_oid Lsun/security/util/ObjectIdentifier; sun/security/util/ObjectIdentifier
ciInstanceKlass java/util/ConcurrentModificationException 0 0 34 10 100 12 1 1 1 10 12 1 10 12 1 10 12 1 100 1 1 1 1 5 0 1 1 1 1 1 1 1 1 1 1 1
ciInstanceKlass org/eclipse/core/runtime/IStatus 1 0 34 100 1 100 1 1 1 1 3 1 3 1 3 1 3 1 3 1 1 1 1 1 1 1 1 1 1 1 1 1 1 1 1 1
ciInstanceKlass org/eclipse/core/runtime/IPath 1 1 137 7 1 100 1 100 1 1 1 1 3 1 3 1 1 1 1 1 1 10 7 1 12 1 1 9 12 10 12 1 9 12 1 1 1 1 7 1 10 12 1 1 1 1 1 10 12 1 1 1 10 12 1 1 1 1 1 1 10 7 1 12 1 1 11 12 1 1 1 1 11 100 1 1 1 1 1 1 1 1 1 1 1 1 1 1 1 1 1 1 1 1 1 1 1 1 1 1 1 1 1 1 1 1 1 1 1 1 1 1 1 1 1 1 1 1 1 1 1 1 1 11 12 1 100 1 11 12 1 1 1 1 1 1 1 1 1
staticfield org/eclipse/core/runtime/IPath EMPTY Lorg/eclipse/core/runtime/IPath; org/eclipse/core/runtime/Path
staticfield org/eclipse/core/runtime/IPath ROOT Lorg/eclipse/core/runtime/IPath; org/eclipse/core/runtime/Path
ciInstanceKlass org/eclipse/core/runtime/Assert 1 1 68 7 1 100 1 1 1 1 10 12 1 1 1 1 1 1 8 1 10 12 1 1 1 100 1 10 12 1 1 1 1 1 1 10 12 1 1 1 100 1 18 12 1 1 10 1 10 12 18 1 1 1 10 100 1 12 1 15 8 1 8 1 1 100 1 100 1 1
ciInstanceKlass org/eclipse/core/runtime/IAdaptable 1 0 11 100 1 100 1 1 1 1 1 1 1
instanceKlass org/eclipse/jdt/internal/core/JarEntryResource
instanceKlass org/eclipse/core/internal/resources/BuildConfiguration
instanceKlass org/eclipse/core/internal/resources/Marker
instanceKlass org/eclipse/debug/internal/core/LaunchManager
instanceKlass org/eclipse/jdt/internal/core/JavaElement
instanceKlass org/eclipse/core/internal/events/ResourceDelta
instanceKlass org/eclipse/core/filesystem/provider/FileStore
instanceKlass org/eclipse/core/filesystem/provider/FileSystem
instanceKlass org/eclipse/core/internal/resources/Resource
instanceKlass org/eclipse/core/internal/jobs/InternalJob
instanceKlass org/eclipse/core/internal/resources/Workspace
ciInstanceKlass org/eclipse/core/runtime/PlatformObject 1 1 35 100 1 7 1 100 1 1 1 1 10 12 1 1 1 1 1 1 1 1 10 100 1 12 1 1 10 12 1 1 1 1 1 1 1
ciInstanceKlass org/eclipse/core/resources/IResource 1 1 199 100 1 100 1 100 1 100 1 1 1 1 3 1 3 1 3 1 3 1 3 1 1 1 1 1 1 1 3 1 3 1 3 1 3 1 3 1 3 1 3 1 3 1 3 1 3 1 3 1 1 1 1 100 1 1 1 1 1 1 1 1 1 1 1 1 1 1 1 1 1 1 11 12 11 100 1 12 1 1 1 1 1 1 1 1 1 1 1 1 1 1 1 1 1 1 1 1 1 1 1 1 1 1 1 1 1 1 1 1 1 1 1 1 1 1 1 1 1 1 1 1 1 1 1 1 1 1 1 1 1 1 1 1 1 1 1 1 1 1 1 1 1 1 1 1 1 1 1 1 1 1 1 1 1 1 1 1 1 1 1 1 1 1 1 1 1 1 1 1 1 1 1 1 1 1 1 1 1 1 1 1 1 100 1 8 1 1 12 10 1 1 1 8 1 1 1 8 1
ciInstanceKlass org/eclipse/core/resources/IContainer 1 0 311 100 1 100 1 100 1 100 1 1 1 1 3 1 3 1 3 1 3 1 3 1 1 1 1 1 1 1 1 1 1 100 1 1 1 1 1 1 1 1 1 1 1 1 1 1 1 1 1 1 1 1 1 1 1 1 1 100 1 8 1 1 12 10 1 1 1 8 1 1 1 8 1 1 8 1 1 8 1 1 1 8 1 1 1 8 1 1 1 8 1 1 8 1 1 1 8 1 1 8 1 1 8 1 1 8 1 1 8 1 1 1 8 1 1 8 1 1 1 8 1 1 1 8 1 1 8 1 1 8 1 1 8 1 1 8 1 1 8 1 1 8 1 1 8 1 8 1 1 8 1 8 1 1 1 8 1 1 1 8 1 1 8 1 1 1 8 1 1 1 8 1 1 1 8 1 1 1 8 1 1 1 8 1 1 8 1 1 1 8 1 1 1 8 1 1 8 1 8 1 1 8 1 1 1 8 1 1 8 1 1 1 8 1 1 1 8 1 1 8 1 8 1 1 1 8 1 1 8 1 1 1 8 1 1 8 1 8 1 1 8 1 1 8 1 8 1 1 8 1 1 8 1 1 1 8 1 1 8 1 1 1 8 1 1 1 8 1 1 8 1 1 8 1 1 1 8 1 1 8 1 1 8 1 1 8 1 1 1 8 1 1 1 8 1 1 1 8 1 1 1 8 1 1 1 8 1 1 1 8 1
ciInstanceKlass org/eclipse/core/resources/IFolder 1 0 340 100 1 100 1 100 1 100 1 1 1 1 100 1 1 1 1 1 1 1 1 1 1 1 1 1 1 1 100 1 8 1 1 12 10 1 1 1 8 1 1 8 1 1 8 1 1 1 8 1 1 1 8 1 1 1 8 1 1 1 8 1 1 8 1 1 8 1 1 8 1 1 1 8 1 1 1 8 1 1 1 8 1 1 8 1 1 8 1 1 8 1 1 1 8 1 1 1 8 1 1 1 8 1 1 8 1 1 8 1 1 1 8 1 1 8 1 1 8 1 1 1 8 1 1 1 8 1 1 1 8 1 1 8 1 1 1 8 1 1 8 1 1 8 1 1 8 1 1 8 1 1 1 8 1 1 8 1 1 1 8 1 1 1 8 1 1 8 1 1 8 1 1 8 1 1 8 1 8 1 1 8 1 1 8 1 8 1 1 8 1 8 1 1 1 8 1 1 1 8 1 1 8 1 1 1 8 1 1 1 8 1 1 1 8 1 1 1 8 1 1 1 8 1 1 8 1 1 1 8 1 1 1 8 1 1 8 1 8 1 1 8 1 1 1 8 1 1 8 1 1 1 8 1 1 1 8 1 1 8 1 8 1 1 1 8 1 1 8 1 1 1 8 1 1 8 1 8 1 1 8 1 1 8 1 8 1 1 8 1 1 8 1 1 1 8 1 1 8 1 1 1 8 1 1 1 8 1 1 8 1 1 8 1 1 1 8 1 1 8 1 1 8 1 1 8 1 1 1 8 1 1 1 8 1 1 1 8 1 1
ciInstanceKlass org/eclipse/core/resources/IProject 1 0 384 100 1 100 1 100 1 100 1 1 1 1 3 1 1 1 100 1 1 1 1 1 1 1 1 1 1 1 1 1 1 1 1 1 1 1 1 1 1 1 1 1 1 1 1 1 1 1 1 1 1 1 1 1 1 1 1 1 1 1 1 1 1 1 1 1 1 1 1 1 1 1 100 1 8 1 1 12 10 1 1 1 8 1 1 8 1 1 8 1 1 1 8 1 1 1 8 1 1 1 8 1 1 1 8 1 1 8 1 1 8 1 1 8 1 1 1 8 1 1 1 8 1 1 1 8 1 1 8 1 1 8 1 1 8 1 1 1 8 1 1 1 8 1 1 1 8 1 1 8 1 1 8 1 1 1 8 1 1 8 1 1 8 1 1 1 8 1 1 1 8 1 1 1 8 1 1 8 1 1 1 8 1 1 8 1 1 8 1 1 8 1 1 8 1 1 1 8 1 1 8 1 1 1 8 1 1 1 8 1 1 8 1 1 8 1 1 8 1 1 8 1 8 1 1 8 1 1 8 1 8 1 1 8 1 8 1 1 1 8 1 1 1 8 1 1 8 1 1 1 8 1 1 1 8 1 1 1 8 1 1 1 8 1 1 1 8 1 1 8 1 1 1 8 1 1 1 8 1 1 8 1 8 1 1 8 1 1 1 8 1 1 8 1 1 1 8 1 1 1 8 1 1 8 1 8 1 1 1 8 1 1 8 1 1 1 8 1 1 8 1 8 1 1 8 1 1 8 1 8 1 1 8 1 1 8 1 1 1 8 1 1 8 1 1 1 8 1 1 1 8 1 1 8 1 1 8 1 1 1 8 1 1 8 1 1 8 1 1 8 1 1 1 8 1 1 1 8 1 1 1 8 1 1
ciInstanceKlass org/eclipse/jdt/internal/compiler/env/IModulePathEntry 1 1 49 100 1 100 1 1 1 1 1 1 1 1 1 11 12 11 100 1 12 1 1 10 100 1 12 1 1 1 1 1 1 1 1 11 12 1 1 1 1 1 1 9 12 1 1 1 1 1 1
instanceKlass org/eclipse/core/internal/jobs/JobStatus
instanceKlass org/eclipse/jdt/internal/core/JavaModelStatus
instanceKlass org/eclipse/core/runtime/MultiStatus
ciInstanceKlass org/eclipse/core/runtime/Status 1 1 312 7 1 7 1 7 1 1 1 1 8 1 1 1 1 1 1 1 1 1 1 1 1 1 1 1 1 1 1 8 1 10 7 1 12 1 1 10 12 1 1 9 12 8 1 9 12 9 12 9 7 1 12 1 1 10 7 1 12 1 1 9 12 1 1 1 1 10 12 1 1 10 12 1 100 1 1 1 1 1 1 7 1 100 1 1 1 100 1 1 1 1 1 10 12 9 12 9 12 10 12 1 1 10 12 1 1 10 12 1 1 10 12 1 10 12 1 1 10 12 1 10 12 1 1 1 1 1 10 12 1 1 10 12 1 1 10 12 1 10 12 1 1 1 1 1 1 1 1 1 1 10 100 1 12 1 1 18 12 1 1 10 12 1 1 18 10 12 1 18 12 1 1 10 12 1 1 1 1 1 1 9 12 1 1 1 9 12 1 9 12 1 1 1 1 1 1 10 12 1 10 7 1 12 1 1 1 100 1 10 8 1 10 12 1 1 8 1 8 1 8 1 8 1 8 1 8 1 10 12 1 8 1 8 1 10 12 1 10 12 1 10 12 1 1 1 1 10 100 1 12 1 1 1 1 1 1 11 100 1 12 1 1 1 1 18 10 12 1 1 1 10 12 1 1 1 1 10 100 1 12 1 1 15 16 10 12 15 16 16 10 12 15 16 1 16 10 12 15 16 16 10 12 15 16 1 1 100 1 100 1 1
staticfield org/eclipse/core/runtime/Status OK_STATUS Lorg/eclipse/core/runtime/IStatus; org/eclipse/core/runtime/Status
staticfield org/eclipse/core/runtime/Status CANCEL_STATUS Lorg/eclipse/core/runtime/IStatus; org/eclipse/core/runtime/Status
staticfield org/eclipse/core/runtime/Status theEmptyStatusArray [Lorg/eclipse/core/runtime/IStatus; 0 [Lorg/eclipse/core/runtime/IStatus;
instanceKlass org/eclipse/jdt/internal/core/CompilationUnit$3
instanceKlass org/eclipse/jdt/ls/core/internal/JDTUtils$2
instanceKlass org/eclipse/jdt/ls/core/internal/JDTUtils$1
instanceKlass org/eclipse/jdt/ls/core/internal/handlers/BaseDocumentLifeCycleHandler$2
instanceKlass org/eclipse/jdt/ls/core/internal/LanguageServerWorkingCopyOwner
instanceKlass org/eclipse/jdt/internal/core/DefaultWorkingCopyOwner
ciInstanceKlass org/eclipse/jdt/core/WorkingCopyOwner 1 1 104 100 1 7 1 1 1 1 10 12 1 1 1 1 1 1 9 100 1 12 1 1 9 12 1 1 1 10 7 1 12 1 1 1 1 1 1 1 1 1 1 1 1 1 1 1 1 1 100 1 1 100 1 10 12 1 10 12 1 1 10 12 1 1 100 1 9 100 1 12 1 10 12 1 1 100 1 100 1 10 12 1 10 12 1 1 1 1 1 1 1 1 1 1 1 1 1 1 1 1 10 12 1 1
ciInstanceKlass org/eclipse/jdt/core/JavaCore 1 1 2553 7 1 7 1 1 1 1 1 1 1 1 8 1 1 8 1 1 8 1 1 8 1 1 8 1 1 8 1 1 8 1 1 8 1 1 8 1 1 8 1 1 8 1 1 8 1 1 8 1 1 8 1 1 1 1 1 8 1 1 8 1 1 8 1 1 8 1 1 8 1 1 8 1 1 8 1 1 8 1 1 8 1 1 8 1 1 8 1 1 8 1 1 8 1 1 8 1 1 8 1 1 8 1 1 8 1 1 8 1 1 8 1 1 8 1 1 8 1 1 8 1 1 8 1 1 8 1 1 8 1 1 8 1 1 8 1 1 8 1 1 8 1 1 8 1 1 8 1 1 8 1 1 8 1 1 8 1 1 8 1 1 8 1 1 8 1 1 8 1 1 8 1 1 8 1 1 8 1 1 8 1 1 8 1 1 8 1 1 8 1 1 8 1 1 8 1 1 8 1 1 1 8 1 1 8 1 1 8 1 1 8 1 1 8 1 1 8 1 1 8 1 1 8 1 1 8 1 1 8 1 1 8 1 1 8 1 1 8 1 1 8 1 1 8 1 1 8 1 1 8 1 1 8 1 1 8 1 1 8 1 1 8 1 1 8 1 1 8 1 1 8 1 1 8 1 1 8 1 1 8 1 1 8 1 1 8 1 1 8 1 1 8 1 1 8 1 1 8 1 1 8 1 1 8 1 1 8 1 1 8 1 1 8 1 1 8 1 1 8 1 1 8 1 1 8 1 1 8 1 1 8 1 1 8 1 1 8 1 1 8 1 1 8 1 1 8 1 1 8 1 1 8 1 1 8 1 1 8 1 1 8 1 1 8 1 1 8 1 1 8 1 1 8 1 1 8 1 1 8 1 1 8 1 1 8 1 1 8 1 1 8 1 1 8 1 1 8 1 1 8 1 1 8 1 1 8 1 1 8 1 1 8 1 1 8 1 1 8 1 1 8 1 1 8 1 1 8 1 1 8 1 1 8 1 1 8 1 1 8 1 1 8 1 1 8 1 1 8 1 1 8 1 1 8 1 1 8 1 1 8 1 1 8 1 1 8 1 1 8 1 1 8 1 1 8 1 1 8 1 1 8 1 1 8 1 1 8 1 1 8 1 1 8 1 1 8 1 1 8 1 1 8 1 1 8 1 1 8 1 1 8 1 1 8 1 1 8 1 1 8 1 1 8 1 1 8 1 1 8 1 1 8 1 1 8 1 1 8 1 1 8 1 1 8 1 1 8 1 1 8 1 1 8 1 1 8 1 1 8 1 1 8 1 1 8 1 1 8 1 1 8 1 1 8 1 1 8 1 1 8 1 1 8 1 1 8 1 1 8 1 1 8 1 1 8 1 1 8 1 1 8 1 1 8 1 1 8 1 1 8 1 1 8 1 1 8 1 1 8 1 1 8 1 1 8 1 1 8 1 1 8 1 1 8 1 1 8 1 1 8 1 1 8 1 1 8 1 1 8 1 1 1 8 1 1 8 1 1 8 1 1 8 1 1 8 1 1 8 1 1 8 1 1 8 1 1 8 1 1 8 1 1 8 1 1 8 1 1 8 1 1 8 1 1 8 1 1 8 1 1 8 1 1 8 1 1 8 1 1 8 1 1 8 1 1 8 1 1 8 1 1 8 1 1 8 1 1 8 1 1 8 1 1 8 1 1 1 1 1 1 1 1 1 1 1 1 8 1 1 8 1 1 8 1 1 8 1 1 8 1 1 8 1 1 8 1 1 8 1 1 8 1 1 8 1 8 1 1 8 1 1 8 1 1 8 1 1 8 1 1 8 1 1 8 1 1 8 1 1 8 1 1 8 1 1 8 1 1 8 1 1 8 1 1 8 1 1 8 1 1 8 1 1 8 1 1 8 1 1 8 1 1 1 1 7 1 9 12 9 12 7 1 10 7 1 12 1 1 10 7 1 12 1 1 9 12 9 7 1 12 9 18 12 1 1 11 7 1 12 1 1 11 12 1 1 11 12 1 1 7 1 10 12 1 1 11 7 1 12 1 1 11 12 1 10 12 1 1 9 12 1 1 1 1 1 1 1 1 1 1 1 1 1 1 1 10 12 1 1 1 1 1 10 12 1 1 11 12 1 1 10 12 1 1 1 1 10 12 1 1 1 10 7 1 12 1 1 10 7 1 1 1 1 1 100 1 11 12 1 1 11 100 1 12 1 1 11 100 1 12 1 1 1 1 1 1 1 1 100 1 11 12 1 1 11 7 1 12 1 1 11 100 1 12 1 1 11 12 1 10 100 1 12 1 100 1 11 12 1 1 10 12 100 1 1 1 1 1 1 1 1 1 1 1 1 1 1 1 1 1 1 100 100 1 100 1 1 100 1 10 12 1 1 10 12 1 1 1 1 11 100 1 12 1 1 1 1 1 1 9 7 1 12 1 1 10 12 1 1 100 1 10 12 1 10 12 1 1 10 12 1 1 10 7 1 12 1 1 1 1 1 1 1 1 1 10 12 1 1 10 12 1 1 10 12 1 1 1 1 1 1 10 12 1 1 1 1 1 1 1 1 10 12 1 1 1 10 12 1 1 1 10 12 1 1 1 7 1 10 12 9 12 1 1 10 12 1 1 1 1 100 1 1 1 9 12 1 1 10 7 1 12 1 1 7 1 10 12 1 10 1 1 1 10 12 1 1 10 7 1 12 1 1 8 1 11 7 1 12 1 1 11 7 1 12 1 1 11 7 1 12 1 1 8 1 11 7 1 12 1 1 10 12 1 9 12 1 1 10 12 1 1 8 1 11 12 1 1 9 12 1 9 12 1 10 12 1 1 1 1 1 1 1 1 1 1 1 1 1 1 1 1 1 100 100 18 12 1 1 10 12 1 1 18 10 12 1 1 10 12 1 9 12 1 10 12 1 9 12 1 10 12 1 1 10 12 1 1 10 12 1 10 12 1 1 10 100 1 12 1 10 12 1 9 12 1 1 10 7 1 8 1 100 1 10 12 1 10 12 1 7 1 100 1 1 1 1 1 1 100 1 18 12 10 12 1 1 18 18 8 1 8 1 10 1 9 12 1 1 10 100 1 8 1 8 1 8 1 1 1 1 1 10 12 1 10 8 1 8 1 9 12 1 10 12 1 1 18 18 1 1 10 12 1 1 1 1 10 12 1 10 7 1 12 1 1 11 7 1 12 1 1 11 7 1 12 1 8 1 10 100 1 12 1 10 12 100 1 1 1 1 1 100 1 8 1 10 11 100 1 12 1 1 10 10 11 12 1 11 100 1 12 1 1 100 1 10 12 1 1 11 12 1 1 11 12 1 1 10 12 1 1 11 12 1 10 12 11 12 1 11 12 1 1 100 1 11 12 1 11 12 1 11 12 1 1 11 7 1 9 12 1 11 100 1 11 100 1 10 12 1 1 100 1 11 12 1 1 11 12 1 1 11 12 1 11 12 1 10 12 1 10 12 1 1 1 1 1 1 1 1 1 1 1 1 1 1 1 1 1 1 1 1 1 1 1 1 1 1 1 1 1 1 1 1 1 1 1 1 1 100 100 100 11 12 1 1 11 12 1 11 12 1 10 12 1 1 11 11 12 1 10 12 1 18 11 12 1 11 12 1 10 100 1 12 1 18 1 1 1 1 1 100 1 1 1 10 12 1 10 100 1 12 1 1 1 10 12 1 10 12 1 1 1 10 100 1 12 1 1 10 12 1 1 1 1 10 12 1 1 10 12 1 1 1 1 10 12 1 1 1 10 100 1 12 1 1 10 12 1 1 10 100 1 12 1 10 12 1 1 1 1 1 10 12 1 1 10 100 1 12 10 12 1 9 12 1 1 1 9 7 1 12 1 10 7 1 12 1 1 9 12 1 10 12 1 10 12 1 1 10 12 1 9 12 1 1 9 7 1 12 1 1 10 7 1 12 1 1 10 12 1 1 9 7 1 12 1 1 9 12 1 10 12 1 5 0 10 12 1 1 9 12 1 10 12 1 9 12 1 10 12 1 1 10 10 12 1 1 7 1 10 12 1 1 11 12 1 11 10 12 1 1 11 12 1 10 7 1 12 1 1 10 12 1 1 10 12 1 1 10 12 1 8 1 10 12 1 1 9 12 1 10 12 1 1 9 12 1 9 12 1 1 9 12 1 10 12 1 1 9 12 1 10 12 1 9 12 1 7 1 8 1 10 12 1 11 12 1 1 10 7 1 12 1 9 100 1 12 1 8 1 100 1 10 12 1 9 12 1 11 12 1 1 11 12 1 1 8 1 100 1 1 1 1 1 1 1 1 1 1 1 1 1 1 1 1 1 1 1 1 1 1 7 1 100 100 100 1 7 1 10 10 12 1 1 100 1 8 1 10 12 1 1 100 1 7 1 10 10 12 1 1 11 12 1 7 1 1 1 1 1 1 100 1 1 10 1 10 12 1 1 1 11 12 1 11 12 1 1 11 12 10 12 10 100 1 11 12 1 1 11 100 1 12 1 11 12 1 1 1 1 1 1 1 11 100 1 1 1 1 1 1 10 12 1 1 1 1 1 7 1 10 1 1 1 1 9 7 1 12 1 1 9 12 1 1 10 12 1 1 1 100 1 8 1 10 11 12 1 18 9 12 1 1 9 12 1 10 12 1 1 1 1 1 9 12 1 100 1 10 12 1 10 12 1 10 12 1 1 1 1 1 1 1 10 12 1 1 1 1 8 1 10 12 1 11 12 1 18 11 12 1 18 10 12 1 100 100 1 10 12 8 1 10 12 1 1 100 1 10 1 10 12 1 1 1 1 1 10 12 1 1 8 1 1 10 12 1 10 12 1 8 1 18 1 1 10 12 1 1 10 12 1 100 1 10 12 1 10 18 1 1 1 10 12 1 1 10 12 1 1 10 12 1 10 12 1 1 10 100 1 12 1 10 12 1 1 10 12 1 1 10 12 1 11 12 1 100 1 10 12 1 10 12 11 12 1 1 1 1 1 1 1 1 10 12 1 1 1 1 1 1 18 12 1 1 10 1 1 1 1 8 1 10 12 1 1 10 12 1 1 100 1 10 12 1 10 1 1 1 1 1 1 10 12 1 10 12 1 1 8 1 1 1 1 1 10 12 1 100 1 10 12 1 1 1 1 1 1 1 1 1 1 10 12 1 1 1 11 100 1 11 12 1 1 1 10 100 1 12 1 1 1 1 1 1 10 100 1 12 1 1 10 12 1 100 1 10 18 12 1 1 1 10 12 1 1 1 1 1 10 12 1 1 1 1 100 1 10 10 12 1 1 1 1 1 1 10 100 1 12 1 100 1 10 12 1 100 1 8 1 10 100 1 12 1 1 10 12 1 1 11 12 10 12 1 10 12 1 10 12 10 12 1 10 100 1 12 1 1 100 1 100 1 1 1 1 1 1 1 1 1 1 100 1 1 1 10 12 1 1 11 12 1 1 11 100 1 12 1 1 18 12 1 1 11 12 1 1 18 12 1 10 100 1 12 1 1 11 12 1 1 100 1 1 1 100 1 1 10 12 1 10 12 1 10 12 1 1 1 10 12 10 12 1 10 12 1 1 1 10 7 1 12 1 1 1 1 1 11 100 1 12 1 1 11 100 1 1 1 1 1 1 10 7 1 12 1 1 15 1 16 10 12 15 16 10 100 1 12 1 15 8 1 8 1 8 1 8 1 8 1 8 1 8 1 8 1 8 1 8 1 8 1 8 1 8 1 1 16 10 12 15 16 8 1 16 10 12 15 16 16 10 100 1 15 1 16 1 100 1 100 1 1 100 1 1 1 1 1 1
staticfield org/eclipse/jdt/core/JavaCore NO_GENERATED_RESOURCES [Lorg/eclipse/core/resources/IResource; 0 [Lorg/eclipse/core/resources/IResource;
staticfield org/eclipse/jdt/core/JavaCore allVersions Ljava/util/List; java/util/Collections$UnmodifiableRandomAccessList
staticfield org/eclipse/jdt/core/JavaCore UNSUPPORTED_VERSIONS Ljava/util/Set; java/util/ImmutableCollections$SetN
staticfield org/eclipse/jdt/core/JavaCore SUPPORTED_VERSIONS Ljava/util/SortedSet; java/util/Collections$UnmodifiableSortedSet
ciInstanceKlass org/eclipse/jdt/internal/core/DefaultWorkingCopyOwner 1 1 36 7 1 7 1 1 1 1 1 1 1 1 10 12 1 9 12 1 1 10 1 1 1 9 12 10 12 1 1 1 1 1 8 1 1 1
staticfield org/eclipse/jdt/internal/core/DefaultWorkingCopyOwner PRIMARY Lorg/eclipse/jdt/internal/core/DefaultWorkingCopyOwner; org/eclipse/jdt/internal/core/DefaultWorkingCopyOwner
ciInstanceKlass org/eclipse/jdt/core/IJavaElement 1 0 78 100 1 100 1 100 1 1 1 1 3 1 3 1 3 1 3 1 3 1 3 1 3 1 3 1 3 1 3 1 3 1 3 1 3 1 3 1 3 1 3 1 3 1 1 1 1 1 1 1 100 1 1 1 1 1 1 1 1 1 1 1 1 1 1 1 1 1 1 1 1 1 1 1 1 1 1 1
ciInstanceKlass org/eclipse/jdt/core/IOpenable 1 0 25 100 1 100 1 1 1 1 100 1 1 1 1 1 1 1 1 1 1 1 1 1 1 1 1
ciInstanceKlass org/eclipse/jdt/core/IParent 1 0 14 100 1 100 1 1 1 1 100 1 1 1 1 1
ciInstanceKlass org/eclipse/jdt/core/JavaModelException 0 0 131 100 1 100 1 1 1 1 5 0 1 1 1 1 1 100 1 10 12 1 10 12 1 1 1 1 1 1 1 1 1 1 10 12 1 1 10 12 1 9 12 1 1 1 1 1 1 10 11 100 1 12 1 1 1 100 1 10 12 1 1 10 12 11 12 1 1 1 10 12 10 8 1 10 100 1 12 1 1 10 100 1 1 1 1 1 10 12 10 100 1 10 1 1 1 100 1 10 12 1 8 1 10 12 1 1 8 1 11 12 1 1 10 12 1 8 1 11 12 1 10 12 10 100 1 10 1 1 1 1 1
ciInstanceKlass org/eclipse/jdt/core/compiler/CharOperation 1 1 393 7 1 100 1 1 1 1 1 1 1 1 1 1 1 1 1 1 9 12 7 9 12 7 1 9 12 9 12 9 12 9 12 1 1 1 10 12 1 1 1 1 10 7 1 12 1 1 1 1 1 1 1 1 1 1 1 1 1 1 1 1 1 1 1 1 1 1 1 1 1 1 1 1 1 10 12 1 1 1 1 1 1 1 1 1 1 1 7 1 9 12 1 10 100 1 12 1 1 10 12 1 10 12 1 1 1 1 1 1 1 10 12 1 10 12 1 1 1 100 100 1 10 12 1 10 12 1 1 1 1 1 10 12 1 10 12 1 1 10 12 1 10 12 1 1 1 1 1 1 1 1 1 100 1 1 1 1 1 1 1 11 100 1 12 1 11 12 1 1 1 1 1 1 100 1 1 1 10 7 1 12 1 1 1 1 1 1 1 1 1 1 1 1 10 12 1 1 1 1 1 1 10 12 1 1 1 10 12 10 12 1 1 1 10 12 1 1 1 1 1 1 1 1 1 1 1 1 1 10 12 1 1 1 1 1 1 1 1 1 1 1 1 1 1 10 12 10 12 1 10 7 1 1 10 12 1 1 1 10 1 1 1 1 1 1 1 10 12 3 1 1 1 1 10 12 1 1 10 12 1 10 12 1 1 1 1 1 1 10 12 10 12 1 1 1 10 12 1 1 1 1 1 1 1 1 1 1 1 1 1 1 1 1 1 1 1 1 100 1 8 1 10 10 12 1 10 100 1 12 1 1 10 12 1 1 1 1 1 1 1 1 10 12 1 1 1 1 1 1 1 1 1 1 1 1 1 1 1 1 1 1 1 1 1 1 10 12 100 1 1 1 1 1 1 1 1 1 1 1 1 1 1 1 10 12 1 1 1 1 1 1 1
staticfield org/eclipse/jdt/core/compiler/CharOperation NO_CHAR [C 0
staticfield org/eclipse/jdt/core/compiler/CharOperation NO_CHAR_CHAR [[C 0 [[C
staticfield org/eclipse/jdt/core/compiler/CharOperation NO_STRINGS [Ljava/lang/String; 0 [Ljava/lang/String;
staticfield org/eclipse/jdt/core/compiler/CharOperation ALL_PREFIX [C 1
staticfield org/eclipse/jdt/core/compiler/CharOperation COMMA_SEPARATOR [C 1
staticfield org/eclipse/jdt/core/compiler/CharOperation EMPTY_REGIONS [I 0
ciInstanceKlass org/eclipse/jdt/internal/compiler/env/ICompilationUnit 1 1 71 7 1 100 1 100 1 1 1 1 1 1 1 1 1 1 1 1 1 1 1 9 7 1 12 1 1 7 1 11 12 1 1 11 12 1 9 7 1 12 1 1 10 12 1 1 1 1 1 1 1 1 100 1 1 1 1 1 1 1 1 1 100 1 8 1 1 12 10 1 1
ciInstanceKlass org/eclipse/jdt/internal/compiler/util/SuffixConstants 1 1 63 7 1 100 1 1 1 1 8 1 1 8 1 1 8 1 1 8 1 1 8 1 1 8 1 1 8 1 1 8 1 1 8 1 1 8 1 1 1 1 1 1 1 1 1 10 7 1 12 1 1 9 12 9 12 9 12 9 12 1 1 1 1
staticfield org/eclipse/jdt/internal/compiler/util/SuffixConstants SUFFIX_class [C 6
staticfield org/eclipse/jdt/internal/compiler/util/SuffixConstants SUFFIX_CLASS [C 6
staticfield org/eclipse/jdt/internal/compiler/util/SuffixConstants SUFFIX_java [C 5
staticfield org/eclipse/jdt/internal/compiler/util/SuffixConstants SUFFIX_JAVA [C 5
ciInstanceKlass org/eclipse/jdt/core/IClasspathEntry 1 1 78 7 1 100 1 1 1 1 3 1 3 1 3 1 3 1 3 1 1 1 1 1 1 1 1 1 1 1 1 1 1 1 1 1 1 1 1 1 1 1 1 11 12 7 1 8 1 11 12 1 1 10 7 1 12 1 1 8 1 11 12 1 1 1 1 1 1 1 1 100 1 1 8 1 1 1 1 1
ciInstanceKlass org/eclipse/jdt/internal/compiler/env/IElementInfo 1 0 7 100 1 100 1 1 1
ciInstanceKlass org/eclipse/jdt/internal/core/JavaModelManager 1 1 3784 7 1 7 1 100 1 100 1 1 1 1 1 1 1 1 1 1 1 1 8 1 1 8 1 1 8 1 1 1 1 1 1 1 1 1 1 1 1 1 1 1 1 1 1 1 1 1 1 1 1 1 3 1 3 1 3 1 3 1 1 1 1 1 1 1 1 1 1 1 1 1 1 1 1 1 1 8 1 1 8 1 1 8 1 1 8 1 1 1 1 8 1 1 1 8 1 1 8 1 1 8 1 1 8 1 1 8 1 1 8 1 1 8 1 1 1 1 1 8 1 1 8 1 1 8 1 1 8 1 1 8 1 1 8 1 1 8 1 1 8 1 1 8 1 1 8 1 1 8 1 1 8 1 1 8 1 1 8 1 1 8 1 1 8 1 1 8 1 1 8 1 1 8 1 1 8 1 1 8 1 1 8 1 1 8 1 1 8 1 1 8 1 1 8 1 1 8 1 1 8 1 1 8 1 1 8 1 1 8 1 1 8 1 1 8 1 1 8 1 1 8 1 1 8 1 1 8 1 1 8 1 1 1 1 1 1 1 1 1 1 1 1 1 1 1 1 1 1 1 1 1 1 1 1 1 1 1 1 1 1 1 1 1 1 1 1 1 1 1 1 1 1 1 1 1 1 1 1 1 1 1 1 1 1 1 1 1 1 1 1 1 1 1 1 1 1 1 1 1 1 1 1 1 1 1 1 1 1 1 1 1 1 1 1 1 1 1 1 1 1 1 1 8 1 10 7 1 12 1 1 9 12 8 1 10 7 1 12 1 1 9 12 7 1 10 12 1 1 9 12 8 1 9 12 7 1 10 12 9 12 9 12 9 12 7 1 9 12 7 1 9 12 10 9 12 9 12 9 12 9 12 9 12 9 12 9 12 9 12 9 12 9 12 5 0 9 12 9 12 18 12 1 1 10 7 1 12 1 1 9 12 1 1 1 7 1 1 1 10 7 1 12 1 1 11 7 1 12 1 1 10 12 1 1 11 7 1 12 1 1 11 12 1 11 12 1 1 11 100 1 1 1 1 1 1 1 1 1 1 1 1 100 1 1 10 12 1 1 9 12 10 7 1 12 1 7 1 11 7 1 1 1 1 1 1 1 1 1 1 10 12 1 1 9 12 10 12 1 7 1 11 12 1 1 1 1 1 1 10 10 12 1 1 7 1 10 11 12 1 1 11 12 1 1 1 9 12 1 1 1 1 1 11 12 1 11 12 1 10 12 1 10 12 10 12 1 10 12 1 10 9 12 1 1 1 10 1 1 10 12 10 12 11 12 1 10 12 1 1 10 12 1 10 1 1 1 1 1 1 1 1 1 1 7 1 10 7 1 12 1 1 100 1 10 12 1 10 7 1 12 1 1 100 1 10 12 1 100 1 10 18 12 1 1 10 12 1 11 12 1 1 100 1 10 18 12 1 1 1 18 12 1 11 12 11 1 1 10 12 1 1 11 7 1 12 1 1 11 7 1 12 1 11 12 1 1 11 11 12 1 1 10 11 12 1 1 1 1 1 7 1 1 11 7 1 12 1 100 1 10 12 1 7 1 10 12 1 100 1 10 12 1 7 1 10 12 1 1 1 1 11 12 1 1 11 12 1 11 12 1 10 7 1 12 1 10 12 1 1 10 12 1 10 12 1 1 10 12 1 1 1 1 1 11 10 12 1 9 12 10 12 1 1 10 12 1 1 10 7 1 12 1 1 10 12 1 1 1 1 1 1 1 1 7 1 100 7 1 11 12 1 1 11 12 1 1 7 1 9 100 1 12 1 10 12 1 1 100 1 8 1 11 12 1 1 11 12 1 1 1 1 1 1 1 10 100 1 12 1 1 11 12 1 18 11 12 1 1 10 12 1 1 1 11 10 7 1 12 1 11 12 1 10 12 1 1 7 1 9 12 1 1 9 7 1 12 1 1 11 12 1 11 12 1 8 1 11 12 1 1 8 1 7 1 10 12 1 1 10 12 1 10 12 1 1 100 1 10 12 1 10 12 1 1 11 12 1 11 12 1 1 11 12 1 11 12 1 1 10 7 1 12 1 1 10 12 1 1 10 7 1 12 1 1 11 7 1 12 1 1 1 1 1 1 1 1 1 1 1 1 10 10 9 12 9 12 10 9 12 9 12 9 12 9 12 10 9 12 9 12 9 12 7 1 10 9 12 7 1 10 9 12 9 12 9 12 10 9 12 9 12 9 12 9 12 7 1 9 12 10 7 1 12 1 1 9 12 7 1 10 9 12 9 12 10 12 1 1 9 12 9 12 9 12 7 1 10 9 12 9 12 9 12 9 12 7 1 10 9 12 9 12 9 12 7 1 10 9 12 7 1 10 9 12 7 1 10 9 12 18 9 12 9 12 10 7 1 12 1 7 1 10 10 12 1 1 9 12 10 9 12 9 12 1 9 12 10 7 1 12 1 1 10 12 1 1 1 1 1 1 1 8 1 8 1 10 8 1 1 1 1 1 1 1 18 100 1 10 12 1 1 10 12 1 1 1 100 1 100 1 1 1 10 12 1 1 1 7 1 10 12 1 1 1 1 1 10 100 1 18 18 10 12 1 10 12 1 1 10 7 1 12 1 1 100 1 8 1 18 12 10 12 1 11 100 1 12 1 1 100 1 1 1 1 1 1 100 1 8 1 7 1 7 1 10 11 7 1 12 1 1 9 12 1 1 1 1 11 100 1 12 1 1 1 10 12 1 1 11 7 1 12 1 1 11 7 1 12 1 1 11 7 1 12 1 18 10 12 1 11 12 1 1 11 7 1 100 1 100 1 10 12 1 10 100 1 12 1 1 1 1 1 1 1 1 1 1 1 1 100 100 1 1 1 10 7 1 12 1 10 12 1 100 1 10 12 1 9 12 1 7 1 9 12 1 11 12 1 10 12 1 1 10 12 1 10 12 1 9 12 1 1 10 12 1 1 10 100 1 12 1 1 1 1 1 1 1 1 1 1 100 1 1 1 1 1 18 9 12 10 12 1 18 1 1 1 1 1 10 12 10 12 10 12 1 10 12 10 12 1 10 12 100 1 10 12 1 10 12 1 1 1 1 1 1 10 12 1 1 11 10 12 1 1 100 1 10 10 10 7 1 12 1 1 10 1 1 1 1 1 1 1 1 1 1 1 10 1 1 1 1 1 1 1 1 7 1 9 12 10 7 1 1 1 1 1 1 1 10 12 1 1 11 12 1 100 1 8 1 10 1 1 1 1 1 1 1 1 10 12 1 10 11 12 8 1 10 12 1 10 12 1 1 1 1 1 1 1 10 12 1 1 9 100 1 12 18 9 12 1 9 7 1 12 1 11 10 12 1 1 11 7 1 12 1 10 12 1 1 9 12 1 18 100 1 1 1 1 1 10 12 1 10 12 1 1 10 12 1 1 11 7 1 12 1 10 12 1 1 1 1 1 1 1 10 12 1 1 1 1 1 1 1 10 1 1 9 12 10 12 1 10 12 1 8 1 11 12 1 7 1 11 12 1 11 12 1 10 12 10 12 1 1 1 1 1 1 1 100 1 10 10 12 1 8 1 8 1 8 1 8 1 8 1 8 1 8 1 8 1 8 1 8 1 8 1 8 1 8 1 8 1 8 1 8 1 8 1 8 1 8 1 8 1 8 1 8 1 8 1 8 1 8 1 8 1 8 1 8 1 8 1 8 1 8 1 10 100 1 12 1 11 12 1 8 1 8 1 8 1 8 1 8 1 8 1 8 1 8 1 8 1 8 1 8 1 8 1 8 1 8 1 8 1 8 1 8 1 8 1 8 1 8 1 1 1 10 12 1 18 1 1 10 12 1 1 1 1 10 12 1 1 1 1 100 1 10 12 1 1 1 100 1 10 8 1 10 12 1 1 18 18 8 1 11 12 1 8 1 8 1 10 12 1 10 12 1 8 1 10 12 100 1 8 1 10 10 12 1 1 1 1 1 10 12 1 1 1 1 18 1 1 1 1 1 10 12 1 8 1 11 12 11 12 1 1 7 1 10 8 1 11 12 1 10 10 10 12 1 1 1 1 1 1 1 1 1 1 1 1 8 1 1 1 1 1 10 12 1 1 10 12 1 1 10 12 1 1 11 12 1 1 11 12 1 11 12 1 1 11 12 1 10 12 1 1 11 12 1 11 12 1 10 12 1 1 100 1 10 12 1 1 11 12 1 1 1 1 1 1 1 1 10 12 10 12 1 11 12 1 1 1 1 1 11 12 1 11 12 1 8 1 1 1 1 9 12 100 1 10 1 1 1 9 12 100 1 10 1 1 9 7 1 12 1 1 10 12 11 12 1 100 1 11 10 12 1 11 10 12 1 1 11 10 12 1 1 1 1 1 1 100 1 1 9 12 7 1 10 1 10 12 1 10 12 10 12 1 10 12 1 1 10 12 10 12 1 1 10 100 1 12 1 1 18 12 1 1 11 12 1 1 100 1 11 12 1 11 12 1 11 12 1 9 100 1 12 1 1 10 12 1 1 5 0 18 12 1 11 11 12 1 100 1 5 0 5 0 5 0 18 12 1 10 1 1 1 1 1 1 1 1 1 10 12 1 10 12 1 1 10 12 18 10 10 12 1 10 12 1 1 9 12 1 10 12 9 12 1 100 1 100 1 100 1 100 1 10 12 1 10 12 1 1 1 1 10 7 1 12 1 1 11 7 1 12 1 1 11 12 1 1 11 12 1 1 9 12 1 11 10 12 1 10 12 10 12 1 1 1 1 1 100 1 10 12 1 1 1 1 10 12 1 11 12 1 1 10 12 1 7 1 10 12 1 11 12 1 11 100 1 12 11 12 1 8 1 1 1 1 1 1 1 1 1 1 1 1 1 1 1 100 8 1 18 11 12 1 100 1 10 10 12 1 1 10 12 1 1 10 12 1 10 100 1 12 1 1 11 18 10 12 1 9 12 1 10 7 1 12 1 10 12 1 1 10 12 10 12 1 10 12 1 10 12 1 10 12 1 1 10 12 1 10 12 1 10 12 1 10 12 1 100 1 10 10 10 12 1 100 1 100 1 1 1 1 1 1 18 8 1 18 18 18 18 8 1 8 1 18 18 18 18 18 8 1 1 9 7 1 12 1 1 11 7 1 12 1 1 9 7 1 7 1 10 11 12 1 1 11 12 1 1 11 12 1 1 7 1 10 10 12 1 1 1 9 100 1 12 1 10 100 1 12 1 1 1 1 1 1 1 1 10 12 1 18 9 12 1 10 12 1 9 12 18 1 1 18 18 11 12 1 10 12 1 8 1 1 10 12 1 1 1 1 11 12 1 1 1 1 1 1 1 10 12 1 1 7 1 7 1 7 1 10 10 12 1 10 10 12 1 10 12 1 10 12 1 10 10 12 1 10 18 10 7 1 12 1 1 1 1 1 1 1 1 1 10 12 1 1 10 12 11 12 1 1 18 12 1 1 11 100 1 12 1 1 18 12 1 11 12 1 1 10 100 1 12 1 1 11 12 1 1 1 7 1 8 10 12 1 11 12 1 1 100 1 10 10 100 1 12 1 1 100 1 10 12 1 10 100 1 12 1 1 11 100 1 12 1 1 10 11 12 1 1 11 100 1 12 1 11 12 1 1 11 100 1 12 1 11 12 1 1 11 100 1 12 1 1 8 11 8 10 12 1 10 12 1 10 12 10 12 7 1 10 12 1 10 12 1 11 100 1 12 1 10 12 1 1 10 12 10 12 1 1 8 1 8 1 10 12 10 12 10 12 100 1 100 1 1 1 1 1 1 1 1 1 1 1 1 1 1 1 1 1 1 1 1 1 1 1 1 1 1 1 1 11 12 1 10 12 10 12 1 10 12 1 11 12 10 12 1 100 1 1 1 1 1 10 12 1 1 1 1 7 1 10 12 1 7 1 11 10 12 1 1 1 1 1 1 1 1 1 1 1 1 7 1 10 12 1 1 7 1 10 10 12 1 1 100 1 1 9 12 1 1 10 7 1 10 12 1 18 12 1 1 1 10 12 10 12 1 1 9 12 1 10 8 1 10 12 1 10 12 1 18 18 18 10 12 18 1 1 100 1 10 12 1 1 10 12 1 1 1 11 12 1 10 12 1 1 18 9 12 1 100 1 10 12 1 1 1 1 10 1 1 9 10 12 1 1 10 12 1 18 10 12 1 10 12 1 1 8 1 10 12 1 1 1 1 1 1 10 12 1 1 1 10 18 10 12 1 10 12 1 1 1 1 9 12 1 9 12 1 10 12 1 10 12 11 1 1 1 1 11 100 1 12 1 10 12 1 1 9 12 18 9 12 1 100 1 10 12 1 1 10 12 1 10 12 1 10 12 1 1 10 12 1 1 10 10 12 1 9 12 1 9 12 1 10 12 1 100 1 1 1 1 100 1 10 12 1 10 100 1 10 12 1 100 1 1 1 1 1 100 1 100 1 100 1 10 10 12 1 10 1 10 12 10 12 1 11 12 1 8 1 1 1 1 100 1 10 12 1 10 12 1 8 1 1 1 10 12 1 10 12 8 1 10 100 1 12 1 1 1 1 1 1 1 9 12 9 12 1 10 100 1 12 1 9 12 11 100 1 12 1 10 12 1 11 12 1 1 11 12 1 10 12 1 11 18 12 1 5 0 10 12 8 1 10 12 10 12 11 12 1 10 12 1 10 12 1 11 10 12 10 12 1 10 100 1 12 1 10 12 1 10 100 1 12 1 18 12 1 1 10 12 1 18 12 1 1 10 12 1 1 10 100 1 100 1 9 12 1 10 12 1 10 12 1 100 1 10 12 1 10 12 1 100 1 100 1 1 1 1 1 1 1 1 1 1 8 1 10 10 12 1 11 12 1 11 10 12 9 12 1 1 10 7 1 12 1 1 10 7 1 12 1 11 12 1 11 100 1 12 1 11 8 1 10 12 1 1 1 1 1 1 1 1 1 1 1 1 1 1 1 1 100 1 18 1 1 1 18 1 1 1 1 8 1 10 12 1 10 12 10 12 10 12 1 10 12 1 1 10 12 1 100 1 10 100 1 10 12 1 1 10 12 1 1 1 1 1 1 1 1 1 8 1 8 1 10 12 10 10 12 1 1 8 1 10 12 1 1 1 1 1 1 1 1 9 7 1 8 1 7 1 10 12 11 12 1 1 7 1 11 10 10 12 1 1 10 10 11 12 1 10 12 1 1 8 1 1 1 1 1 1 1 1 1 1 1 1 100 1 100 1 8 1 18 10 12 1 1 1 1 8 1 10 12 1 11 8 1 1 1 1 1 1 1 1 1 1 1 1 1 8 11 12 1 11 100 1 12 1 10 11 12 11 12 1 1 1 1 1 1 1 1 1 1 1 1 1 1 1 1 1 11 12 1 1 1 1 11 10 12 1 11 100 1 12 1 10 10 12 11 12 1 11 10 12 1 1 1 1 1 1 1 1 10 10 12 7 1 10 9 12 7 1 10 9 12 10 12 1 10 12 1 1 11 7 1 12 1 10 12 1 1 11 7 1 12 1 1 10 12 8 1 10 12 1 11 12 1 1 10 7 1 12 1 10 12 7 1 9 12 1 10 12 1 10 7 1 12 1 10 12 1 10 10 10 1 1 1 1 10 12 1 8 1 11 12 1 1 11 12 1 10 12 11 12 1 10 11 12 1 11 12 1 10 12 1 1 11 100 1 12 1 11 12 1 1 1 1 1 1 10 12 1 1 1 10 18 12 1 11 12 1 10 1 18 1 1 1 10 12 1 1 1 1 1 1 10 12 1 10 12 1 1 1 100 1 1 1 1 1 1 100 1 9 12 1 1 10 12 1 1 10 12 1 1 10 100 1 12 1 1 1 100 1 10 12 1 10 12 1 1 1 1 1 1 1 10 12 1 1 10 100 1 12 1 1 1 10 12 100 1 8 1 10 1 1 1 11 7 1 12 10 12 9 12 1 1 1 1 10 12 10 12 1 11 12 1 9 12 1 1 1 1 100 1 10 1 1 1 1 1 1 1 1 100 1 10 12 1 1 1 1 10 11 12 1 1 18 12 1 18 18 11 1 1 1 1 10 12 1 1 1 1 1 1 1 10 7 1 12 1 1 15 16 10 12 15 16 10 100 1 12 1 15 8 1 8 1 8 1 8 1 16 15 16 8 1 8 1 8 1 8 1 8 1 8 1 8 1 8 1 8 1 8 1 8 1 8 1 8 1 16 10 12 15 16 8 1 8 1 8 1 8 1 8 1 8 1 8 1 8 1 8 1 8 1 8 1 8 1 8 1 8 1 8 1 8 1 8 1 8 1 16 10 12 15 16 16 10 12 15 16 8 1 8 1 8 1 8 1 8 1 8 1 8 1 8 1 8 1 8 1 16 10 12 15 16 16 10 12 15 1 16 8 1 8 1 1 16 10 12 15 16 8 1 16 10 12 15 1 16 16 10 100 1 12 1 15 1 16 16 10 12 15 16 1 100 1 1 100 1 100 1 1 1 100 1 1 100 1 1 1 1 100 1 1 100 1 1 1 100 1 1 1 1 1 1 1 1 100 1 1 1 1 1 1 1 1 1 1 1 100 1 100 1 100 1
staticfield org/eclipse/jdt/internal/core/JavaModelManager SAVE_THREAD_COUNT Ljava/lang/Integer; 
staticfield org/eclipse/jdt/internal/core/JavaModelManager SAVE_ZIPPED Z 1
staticfield org/eclipse/jdt/internal/core/JavaModelManager CP_ENTRY_IGNORE_PATH Lorg/eclipse/core/runtime/IPath; org/eclipse/core/runtime/Path
staticfield org/eclipse/jdt/internal/core/JavaModelManager VARIABLE_INITIALIZATION_IN_PROGRESS Lorg/eclipse/core/runtime/IPath; org/eclipse/core/runtime/Path
staticfield org/eclipse/jdt/internal/core/JavaModelManager CONTAINER_INITIALIZATION_IN_PROGRESS Lorg/eclipse/jdt/core/IClasspathContainer; org/eclipse/jdt/internal/core/JavaModelManager$1
staticfield org/eclipse/jdt/internal/core/JavaModelManager NO_WORKING_COPY [Lorg/eclipse/jdt/core/ICompilationUnit; 0 [Lorg/eclipse/jdt/core/ICompilationUnit;
staticfield org/eclipse/jdt/internal/core/JavaModelManager NO_PARTICIPANTS [[Ljava/lang/Object; 0 [[Ljava/lang/Object;
ciInstanceKlass org/eclipse/jdt/core/IJavaProject 1 0 114 100 1 100 1 100 1 100 1 100 1 1 1 1 8 1 1 1 1 1 1 1 1 100 1 1 1 1 1 1 1 1 1 1 1 1 1 1 1 1 1 1 1 1 1 1 1 1 1 1 1 1 1 1 1 1 1 1 1 1 1 1 1 1 1 1 1 1 1 1 1 1 1 1 1 1 1 1 1 1 1 1 1 1 1 1 1 1 1 1 1 1 1 1 1 1 1 1 1 1 1 1 1 1 1 1 1 1 1 1 1 1 1 1
instanceKlass org/eclipse/jdt/internal/core/OverflowingLRUCache
ciInstanceKlass org/eclipse/jdt/internal/core/util/LRUCache 1 1 340 7 1 7 1 100 1 1 1 1 1 1 1 1 1 1 1 1 1 1 1 3 1 1 1 10 12 1 1 1 1 1 1 1 10 12 9 12 9 12 9 12 9 12 7 1 10 9 12 9 12 1 1 1 1 10 12 1 1 9 7 1 12 1 1 9 12 1 9 12 1 10 12 1 1 9 12 1 1 1 1 1 1 6 0 1 10 1 1 1 10 12 1 1 10 12 1 1 1 1 1 1 10 12 1 1 1 1 1 9 12 1 1 1 1 1 1 1 1 1 10 12 1 1 1 100 1 10 12 1 1 1 10 12 1 1 1 1 10 12 10 12 1 1 1 10 12 1 1 9 12 1 1 1 10 12 1 1 10 12 1 1 10 12 10 12 1 1 1 1 1 1 7 1 11 12 1 1 1 8 1 10 12 1 1 10 12 1 18 12 1 1 100 1 10 100 1 18 12 1 1 10 12 1 10 12 1 1 10 12 1 1 11 100 1 12 1 1 11 100 1 12 100 1 9 12 1 1 9 12 1 10 10 12 1 1 8 1 10 12 1 8 1 11 12 1 1 10 12 1 1 1 1 1 1 1 1 1 1 1 10 12 1 10 12 1 10 12 1 8 1 10 100 1 12 1 1 10 12 10 12 1 1 8 1 1 1 1 1 100 1 10 12 1 1 100 1 10 12 1 10 1 100 1 1 1 1 1 10 100 1 12 1 15 8 1 10 100 1 12 1 1 15 16 10 12 15 16 1 100 1 100 1 1 1 100 1 1 1 1
instanceKlass org/eclipse/jdt/internal/core/VerboseElementCache
ciInstanceKlass org/eclipse/jdt/internal/core/ElementCache 1 1 109 7 1 7 1 1 1 1 1 1 1 1 10 12 9 12 9 12 1 1 1 1 1 1 1 1 10 12 1 1 1 1 1 9 100 1 12 1 1 100 1 10 12 1 1 10 12 1 100 1 1 1 1 1 1 1 1 1 1 1 10 7 1 12 1 1 9 12 1 1 9 12 9 12 1 10 12 1 10 12 1 1 1 1 1 1 1 1 1 10 1 1 1 10 100 1 12 1 1 1 10 12 1 1 1 1 100 1 1
ciInstanceKlass org/eclipse/jdt/core/ISourceManipulation 1 0 17 100 1 100 1 1 1 1 100 1 1 1 1 1 1 1 1
ciInstanceKlass org/eclipse/jdt/core/IPackageFragment 1 0 54 100 1 100 1 100 1 100 1 100 1 100 1 1 1 1 8 1 1 1 1 100 1 1 1 1 1 1 1 1 1 1 1 1 1 1 1 1 1 1 1 1 1 1 1 1 1 1 1 1 1 1 1 1
ciInstanceKlass org/eclipse/jdt/core/ISourceReference 1 0 17 100 1 100 1 1 1 1 1 1 100 1 1 1 1 1 1
ciInstanceKlass org/eclipse/jdt/core/ICodeAssist 1 0 22 100 1 100 1 1 1 1 100 1 1 1 1 1 1 1 1 1 1 1 1 1
ciInstanceKlass org/eclipse/jdt/core/ITypeRoot 1 1 186 100 1 100 1 100 1 100 1 100 1 100 1 100 1 1 1 1 1 1 100 1 1 1 1 1 1 1 1 1 1 1 1 1 100 1 8 1 1 12 10 1 1 1 8 1 1 1 8 1 1 1 8 1 1 1 8 1 1 8 1 1 1 8 1 1 8 1 1 1 8 1 1 8 1 1 8 1 1 1 8 1 1 1 8 1 1 1 8 1 1 1 8 1 1 1 8 1 1 8 1 1 8 1 1 1 8 1 1 1 8 1 1 1 8 1 1 8 1 1 8 1 1 1 8 1 1 1 8 1 1 1 8 1 1 1 8 1 1 8 1 1 8 1 1 8 1 1 8 1 1 8 1 1 1 8 1 1 8 1 1 1 8 1 1 8 1 1 1 8 1 1 8 1 1 8 1 1 8 1 1 8 1 1 8 1
ciInstanceKlass org/eclipse/jdt/core/IClassFile 1 0 190 100 1 100 1 100 1 1 1 1 100 1 1 1 1 1 1 1 1 1 1 1 1 1 1 1 1 100 1 8 1 1 12 10 1 1 1 8 1 1 1 8 1 1 1 8 1 1 1 8 1 1 1 8 1 1 1 8 1 1 1 8 1 1 1 8 1 1 8 1 1 1 8 1 1 8 1 1 1 8 1 1 8 1 1 8 1 1 1 8 1 1 1 8 1 1 8 1 1 1 8 1 1 1 8 1 1 8 1 1 8 1 1 1 8 1 1 1 8 1 1 8 1 1 8 1 1 1 8 1 1 1 8 1 1 1 8 1 1 1 8 1 1 8 1 1 8 1 1 8 1 1 8 1 1 8 1 1 1 8 1 1 8 1 1 1 8 1 1 8 1 1 1 8 1 1 8 1 1 8 1 1 8 1 1 8 1 1 8 1
ciInstanceKlass org/eclipse/jdt/core/IPackageFragmentRoot 1 0 60 100 1 100 1 100 1 100 1 100 1 1 1 1 3 1 3 1 1 8 1 1 1 1 3 1 3 1 3 1 1 1 100 1 1 1 1 1 1 1 1 1 1 1 1 1 1 1 1 1 1 1 1 1 1 1 1 1 1 1
ciInstanceKlass org/eclipse/jdt/core/IBufferChangedListener 1 0 9 100 1 100 1 1 1 1 1
instanceKlass org/eclipse/jdt/internal/core/SourceRefElement
instanceKlass org/eclipse/jdt/internal/core/Openable
ciInstanceKlass org/eclipse/jdt/internal/core/JavaElement 1 1 805 7 1 7 1 7 1 1 1 1 1 1 1 1 1 1 3 1 3 1 3 1 3 1 3 1 3 1 3 1 3 1 3 1 3 1 3 1 3 1 3 1 3 1 3 1 3 1 3 1 3 1 3 1 3 1 3 1 1 1 1 1 1 1 1 1 1 1 1 1 1 1 1 1 1 1 1 1 9 12 9 12 9 12 9 12 9 12 7 1 9 12 9 12 7 1 10 12 1 9 12 9 12 9 12 1 1 1 1 100 1 10 9 12 10 12 1 1 9 12 1 1 7 1 1 100 1 10 7 1 12 1 1 10 12 1 1 1 1 1 1 1 1 10 12 10 12 1 1 10 10 12 1 1 10 1 1 1 1 10 7 1 12 1 1 1 1 1 1 1 10 7 1 12 1 1 1 1 1 10 12 1 1 1 1 1 1 1 1 1 1 1 11 12 1 1 11 12 1 1 1 1 1 1 7 1 10 12 1 1 1 1 1 10 7 1 10 12 1 10 10 12 1 1 1 1 1 1 1 1 1 100 1 1 1 1 10 12 1 10 12 1 1 10 12 10 12 1 1 1 1 1 1 1 1 7 1 8 1 1 1 1 10 12 1 10 12 1 10 12 1 1 1 1 1 1 10 12 1 10 10 12 1 10 12 1 1 10 12 1 1 10 12 1 1 10 12 1 1 10 12 1 7 1 1 10 12 1 1 1 1 1 10 12 1 1 100 1 100 1 10 12 1 1 11 100 1 12 1 11 12 1 100 1 10 12 1 10 12 100 1 10 100 1 12 1 1 1 1 1 1 1 1 1 1 1 1 1 1 10 12 1 1 100 1 10 12 1 1 10 12 1 1 100 1 1 9 12 10 12 1 1 1 10 12 10 10 10 7 1 12 1 1 1 1 1 1 1 1 1 10 12 1 1 10 12 1 100 1 100 1 10 12 1 1 1 100 1 11 100 1 12 1 11 12 1 11 12 1 10 12 1 1 1 10 12 1 10 12 1 1 10 12 10 7 1 12 1 1 10 12 1 10 12 100 1 10 12 1 100 1 11 12 1 10 12 1 10 12 10 12 1 1 1 1 1 1 1 1 1 1 100 1 100 1 1 1 1 1 1 1 1 1 8 1 10 12 1 1 1 10 12 1 1 10 12 1 10 12 1 10 12 1 10 12 1 1 1 10 12 1 1 8 1 8 1 8 1 10 12 1 10 12 10 12 1 8 1 1 1 10 12 100 1 11 12 1 11 12 1 1 10 12 1 1 11 12 1 11 100 1 12 1 1 1 1 1 1 1 8 1 10 12 1 11 12 1 1 100 1 8 1 11 12 1 11 12 1 100 1 10 10 12 1 10 12 1 100 1 100 1 1 1 1 1 1 1 100 100 1 1 1 1 1 10 12 1 1 1 1 1 1 1 1 10 100 1 12 1 1 1 1 1 1 1 10 100 1 11 100 1 12 1 10 12 1 10 12 1 1 10 100 1 12 1 1 10 100 1 12 10 12 1 1 100 1 10 11 1 1 1 1 1 1 1 100 1 1 1 10 12 1 10 12 1 100 1 10 12 1 8 1 10 12 1 1 100 1 10 12 1 1 100 1 10 12 1 10 12 1 10 100 1 12 1 1 10 12 8 1 10 12 1 10 12 1 1 11 100 1 12 1 10 12 1 10 12 1 1 10 100 1 10 12 1 10 12 10 12 1 1 100 1 100 1 100 1 100 1 100 1 100 1 100 1 100 1 1 1 1 1 1 1 1 1 1 1 1 1 1 1 1 1 1 100 100 1 1 10 1 10 12 1 1 1 1 1 1 7 1 12 10 1 12 10
staticfield org/eclipse/jdt/internal/core/JavaElement CLOSING_DOUBLE_QUOTE [B 1
staticfield org/eclipse/jdt/internal/core/JavaElement CHARSET [B 8
staticfield org/eclipse/jdt/internal/core/JavaElement CHARSET_HTML5 [B 9
staticfield org/eclipse/jdt/internal/core/JavaElement META_START [B 5
staticfield org/eclipse/jdt/internal/core/JavaElement META_END [B 2
staticfield org/eclipse/jdt/internal/core/JavaElement NO_STRINGS [Ljava/lang/String; 0 [Ljava/lang/String;
staticfield org/eclipse/jdt/internal/core/JavaElement NO_ELEMENTS [Lorg/eclipse/jdt/internal/core/JavaElement; 0 [Lorg/eclipse/jdt/internal/core/JavaElement;
staticfield org/eclipse/jdt/internal/core/JavaElement NO_INFO Ljava/lang/Object; java/lang/Object
instanceKlass org/eclipse/jdt/internal/core/AbstractClassFile
instanceKlass org/eclipse/jdt/internal/core/PackageFragment
instanceKlass org/eclipse/jdt/internal/core/JavaProject
instanceKlass org/eclipse/jdt/internal/core/JavaModel
instanceKlass org/eclipse/jdt/internal/core/CompilationUnit
instanceKlass org/eclipse/jdt/internal/core/PackageFragmentRoot
ciInstanceKlass org/eclipse/jdt/internal/core/Openable 1 1 595 7 1 7 1 100 1 100 1 1 1 1 10 12 1 1 1 1 1 1 1 1 10 7 1 12 1 1 11 7 1 12 1 1 10 7 1 12 1 1 10 12 1 1 10 7 1 12 1 1 10 12 1 1 10 7 1 12 1 1 10 12 1 1 1 1 1 1 1 100 1 1 1 1 10 12 1 1 1 1 1 11 1 1 1 1 10 12 1 10 12 1 11 12 1 11 12 1 1 1 1 10 12 1 1 1 1 100 1 8 1 10 12 1 9 100 1 12 1 1 8 1 10 100 1 12 1 1 100 1 11 100 1 12 1 1 10 12 1 18 12 1 1 10 12 1 10 11 12 1 1 100 1 100 1 10 12 1 10 12 1 10 12 1 1 10 100 1 12 1 10 100 1 12 1 1 9 100 1 12 1 1 10 100 1 12 1 1 10 12 1 1 11 100 1 12 1 1 11 100 1 12 1 1 10 12 1 9 100 1 12 1 10 12 1 1 1 1 1 1 1 1 1 1 1 1 1 1 1 1 1 1 1 1 1 1 100 1 100 1 7 1 1 1 9 100 1 8 1 18 12 1 10 12 1 100 1 9 12 1 1 10 12 1 10 12 1 1 10 12 1 10 12 1 1 1 1 1 1 1 1 1 1 7 1 10 12 1 10 12 1 1 10 12 1 10 12 1 1 10 7 1 12 1 10 12 1 1 7 1 9 12 1 1 7 1 9 12 1 1 11 7 1 12 1 1 11 7 1 12 1 10 12 10 12 1 1 10 12 1 1 11 7 1 12 1 1 1 1 1 1 1 11 12 1 10 100 1 12 1 1 1 1 1 1 1 9 7 1 10 100 1 12 1 1 10 12 1 1 10 12 1 1 10 12 1 18 12 1 10 12 1 10 12 1 1 10 12 1 1 10 12 1 1 11 12 1 100 1 10 11 12 1 1 10 12 10 12 1 1 11 12 1 8 1 10 12 1 1 1 1 1 1 1 1 1 1 1 1 1 7 1 10 10 12 1 1 7 1 100 1 1 1 1 10 12 1 10 12 1 1 10 12 1 1 1 10 12 1 1 10 11 12 1 7 1 10 12 1 11 12 1 1 10 12 1 1 1 1 1 1 10 12 1 10 12 1 100 1 10 12 1 1 11 100 1 12 1 1 11 12 1 10 12 1 1 11 12 1 1 1 1 1 1 1 1 1 10 12 1 1 1 10 12 1 1 1 10 12 1 10 12 1 10 1 1 11 12 1 1 1 1 10 12 1 11 12 10 12 1 10 12 1 1 1 10 12 1 10 12 10 12 1 1 1 1 1 10 100 1 12 1 15 8 1 8 1 8 1 1 100 1 100 1 1
instanceKlass org/eclipse/jdt/internal/core/JarPackageFragmentRoot
instanceKlass org/eclipse/jdt/internal/core/ExternalPackageFragmentRoot
ciInstanceKlass org/eclipse/jdt/internal/core/PackageFragmentRoot 1 1 969 7 1 7 1 100 1 1 1 1 3 1 1 8 1 1 1 1 1 1 10 12 1 9 12 1 1 1 1 1 1 1 1 1 100 1 10 12 1 1 9 100 1 12 1 11 100 1 12 1 1 10 12 1 1 10 12 1 1 10 12 1 1 10 12 1 11 12 1 1 11 7 1 12 1 1 10 100 1 12 1 1 7 1 100 1 10 12 1 10 12 1 10 12 1 1 9 7 1 12 1 100 1 10 12 1 10 12 1 10 7 1 12 1 1 11 12 1 1 18 12 1 1 18 12 1 10 12 1 1 10 100 1 12 1 1 10 12 1 1 11 100 1 12 1 1 100 1 11 12 1 1 7 1 10 12 1 1 11 11 12 1 1 11 12 1 1 1 1 1 1 1 1 1 1 1 1 1 1 1 1 1 1 1 1 1 1 1 1 1 7 1 7 1 100 1 1 1 7 1 10 12 1 1 10 12 1 10 12 1 1 1 1 1 1 1 1 10 12 1 1 7 1 10 12 1 1 7 1 10 12 1 11 12 1 10 12 1 1 10 12 1 1 10 12 1 1 1 1 7 1 1 1 100 1 10 12 1 10 12 1 1 1 1 1 1 1 11 7 1 12 1 1 7 1 10 12 7 1 10 12 1 1 10 12 1 10 12 1 1 9 7 1 12 1 1 10 12 1 1 10 12 1 10 12 1 10 12 1 1 10 7 1 12 1 1 9 7 1 12 1 1 1 1 1 1 1 1 1 1 1 100 10 12 1 1 10 12 1 11 12 1 1 11 12 1 1 10 7 1 12 1 1 8 1 11 7 1 12 1 1 8 1 11 12 1 10 12 1 1 10 12 1 1 10 7 1 12 1 10 12 1 1 7 1 10 12 1 10 12 1 10 12 1 100 1 100 1 1 1 1 1 1 1 1 1 1 1 1 1 1 1 1 1 1 1 1 1 100 100 1 1 100 1 10 12 1 10 1 1 1 1 1 10 12 1 1 100 1 10 12 1 10 9 12 1 1 11 12 1 11 12 1 10 12 1 11 10 1 1 1 10 12 1 10 10 12 1 1 1 1 11 10 12 1 1 11 100 1 12 1 1 1 1 1 1 1 1 1 100 10 12 1 10 12 1 10 12 1 10 1 10 1 1 1 1 1 1 1 10 12 1 1 10 100 1 12 1 10 12 1 10 12 10 12 1 1 10 12 1 10 12 1 1 1 1 1 1 1 100 1 1 1 10 12 1 11 10 11 100 1 11 12 1 10 12 10 12 10 7 1 12 1 1 10 12 1 1 10 7 1 12 1 1 10 12 11 12 1 1 10 12 1 1 11 7 1 11 12 1 1 1 1 1 1 100 1 10 12 1 1 10 12 1 1 10 7 1 12 1 1 10 12 1 1 10 12 10 12 1 1 1 1 1 1 10 12 1 1 10 12 1 1 1 7 1 10 12 1 1 1 1 1 11 11 12 1 7 1 10 11 12 1 1 10 12 1 10 1 1 1 1 1 10 12 1 10 12 1 1 10 12 1 1 9 7 1 12 1 11 7 1 12 1 1 10 12 1 1 1 10 12 1 1 1 1 1 1 10 1 1 10 12 1 1 10 12 1 1 10 12 1 1 10 12 1 1 1 1 10 10 12 11 1 1 10 1 1 10 12 1 10 12 1 1 1 1 10 12 1 1 1 1 1 9 7 1 12 1 1 10 12 1 1 1 100 1 10 10 1 1 1 10 12 1 10 12 10 10 8 1 11 12 1 1 11 12 1 10 12 1 8 1 1 1 1 1 10 12 11 7 1 12 1 10 12 1 10 12 1 1 9 12 1 1 1 11 12 1 1 1 1 1 10 12 1 10 12 1 10 12 1 1 11 100 1 8 1 10 12 1 1 7 1 11 7 1 10 100 1 10 12 1 11 12 1 1 11 7 1 11 10 12 1 10 12 1 1 1 1 1 1 1 1 100 1 10 12 10 12 1 11 12 1 10 12 1 1 10 11 11 12 1 10 12 1 10 100 1 12 1 1 10 12 10 12 1 1 100 1 10 12 1 1 10 12 1 1 1 1 1 1 1 1 100 1 100 1 1 10 12 1 1 10 12 11 11 12 1 1 1 10 12 1 10 7 1 12 1 1 100 1 5 0 1 1 1 1 1 10 100 1 12 1 15 8 1 8 1 1 100 1 100 1 1 100 1 1 1
ciInstanceKlass org/eclipse/jdt/core/ICompilationUnit 1 1 345 7 1 100 1 100 1 100 1 100 1 1 1 1 3 1 3 1 3 1 3 1 3 1 1 1 100 1 1 1 1 1 1 1 1 1 1 1 1 1 1 1 1 1 1 1 1 1 1 1 1 1 1 1 1 1 1 1 1 1 1 1 1 1 1 1 1 1 1 1 1 1 1 1 1 1 1 1 1 1 1 1 1 1 1 1 1 1 10 100 1 12 1 1 1 1 11 12 1 1 10 100 1 12 1 11 7 1 12 11 12 11 7 1 12 1 1 1 1 1 1 1 1 1 1 1 1 1 1 1 1 1 100 1 8 1 1 12 10 1 1 1 8 1 1 1 8 1 1 1 8 1 1 1 8 1 1 1 8 1 1 1 8 1 1 1 8 1 1 1 8 1 1 8 1 1 1 8 1 1 8 1 1 1 8 1 1 8 1 1 8 1 1 1 8 1 1 1 8 1 1 8 1 1 1 8 1 1 1 8 1 1 8 1 1 8 1 1 1 8 1 1 1 8 1 1 8 1 1 8 1 1 1 8 1 1 1 8 1 1 1 8 1 1 1 8 1 1 8 1 1 8 1 1 8 1 1 8 1 1 8 1 1 1 8 1 1 8 1 1 1 8 1 1 8 1 1 1 8 1 1 8 1 1 8 1 1 8 1 1 8 1 1 8 1 1 8 1 1 1 8 1 1 8 1 1 1 8 1 1 1 8 1 8 1 1 1 8 1 1 1 8 1 8 1 8 1 1 8 1 1 1 8 1 1 8 1 1 1 8 1 1 1 8 1
instanceKlass org/eclipse/jdt/internal/core/ClassFileWorkingCopy
instanceKlass org/eclipse/jdt/internal/core/CompilationUnit$1
ciInstanceKlass org/eclipse/jdt/internal/core/CompilationUnit 1 1 1708 7 1 7 1 100 1 100 1 100 1 1 1 1 1 1 1 1 1 1 1 1 1 1 10 7 1 12 1 1 18 12 1 1 10 7 1 12 1 1 9 12 7 1 9 12 1 1 1 1 10 12 1 9 12 9 12 1 1 1 1 1 1 1 7 1 10 12 1 1 100 1 11 12 100 1 100 1 10 12 1 10 100 1 12 1 1 100 1 10 12 1 100 1 100 1 1 1 1 1 1 1 1 1 1 1 1 1 1 7 1 100 1 100 1 1 1 10 7 1 12 1 1 10 12 1 1 10 12 1 7 1 10 12 1 10 12 1 1 1 1 1 1 1 1 1 1 7 1 10 7 1 12 1 1 10 12 1 100 1 1 1 1 1 7 1 10 12 1 10 12 1 1 7 1 9 12 1 1 9 12 1 9 12 1 10 12 1 1 11 7 1 12 1 1 10 7 1 12 1 1 10 12 1 1 100 1 8 1 8 1 11 7 1 12 1 1 10 12 1 1 11 7 1 12 1 1 9 12 1 1 10 12 1 1 10 7 1 12 1 10 12 1 1 10 12 1 1 9 12 1 1 10 100 1 12 1 1 10 100 1 12 1 1 10 12 1 1 10 12 1 1 100 1 10 12 1 1 10 12 1 1 8 1 10 12 1 10 7 1 12 1 1 10 12 1 1 10 12 1 10 12 1 10 12 1 10 12 1 1 10 12 1 1 10 100 1 12 1 1 7 1 10 12 1 10 12 1 1 9 100 1 12 1 1 9 12 1 1 100 1 10 12 1 1 11 7 1 12 1 10 12 1 1 10 12 1 18 12 1 7 1 10 12 10 12 1 1 100 1 3 10 12 1 1 100 1 10 100 1 12 1 10 12 1 10 12 1 1 10 12 1 100 1 10 12 1 1 10 100 1 12 1 1 18 12 1 1 11 100 1 12 1 1 18 12 1 11 12 1 1 100 1 100 1 8 1 11 12 1 18 12 1 18 12 1 11 12 1 1 18 100 1 9 12 100 1 10 12 1 10 12 1 1 3 11 12 1 10 12 1 7 1 10 12 9 12 1 7 1 10 12 1 7 1 10 12 1 9 12 1 10 12 1 10 9 12 1 1 9 7 1 12 1 9 12 1 1 100 1 10 10 100 1 12 1 1 11 12 1 1 11 100 1 12 1 1 11 100 1 12 1 1 11 12 1 10 12 1 1 10 12 1 1 10 7 1 12 1 9 12 10 12 1 10 12 1 1 1 1 1 1 1 1 1 1 1 1 1 1 1 1 1 1 1 1 1 1 1 1 1 1 1 1 1 1 1 1 1 1 1 1 1 1 1 1 1 1 1 1 100 1 100 1 100 1 7 1 10 12 1 1 7 1 10 12 1 1 10 12 1 1 10 12 10 1 1 10 12 1 1 1 1 9 7 1 12 1 1 10 12 1 1 1 100 1 8 1 10 12 1 100 1 10 12 1 10 12 1 1 1 10 12 100 1 10 12 1 1 1 1 1 10 12 1 10 12 1 10 12 1 1 10 12 1 100 1 1 1 10 12 1 1 100 1 10 12 1 10 12 10 12 1 1 1 9 10 10 12 1 10 12 1 1 1 1 1 10 12 1 1 1 1 10 12 1 1 100 1 10 12 1 10 1 1 1 1 9 100 1 12 1 100 1 10 12 1 1 10 100 1 12 1 1 1 1 1 1 1 1 1 1 100 100 1 1 10 1 1 100 1 10 12 1 1 100 1 10 12 1 10 12 1 1 10 10 12 1 1 1 1 1 1 100 1 10 12 1 10 10 12 1 1 1 1 1 1 10 12 1 100 1 11 12 1 10 7 1 12 1 1 11 18 12 1 100 1 10 12 1 10 100 1 10 12 1 10 10 10 12 1 1 7 1 1 1 1 1 1 1 10 12 1 1 10 12 1 9 12 1 10 12 1 1 1 100 1 10 12 10 1 10 10 1 1 1 10 12 10 12 1 10 12 1 1 1 1 11 12 1 7 1 10 10 12 1 11 12 11 12 1 10 12 1 10 12 1 1 100 1 10 10 11 12 1 11 12 1 1 100 1 11 12 1 11 12 1 1 11 100 1 10 12 1 11 12 1 11 12 1 1 11 12 1 1 100 1 11 12 1 1 11 12 1 1 11 1 1 1 1 1 1 1 1 1 1 10 12 1 10 100 1 12 1 10 11 1 1 1 1 1 10 12 1 1 10 100 1 12 1 1 10 12 1 1 1 1 10 12 10 12 1 1 1 1 10 12 1 10 12 10 7 1 12 1 1 10 12 1 11 10 12 1 10 12 1 1 1 1 1 1 1 1 7 1 1 11 12 1 11 12 1 7 1 10 12 1 1 9 12 1 1 10 100 1 12 9 12 1 1 10 12 1 1 11 100 1 12 1 10 12 1 1 10 10 10 12 1 10 12 1 1 9 100 1 12 1 1 9 12 1 11 12 1 100 1 1 1 1 1 1 1 1 100 1 10 12 1 1 10 7 1 12 1 10 12 1 1 1 1 1 10 12 1 1 1 1 1 10 12 1 1 10 12 1 10 7 1 12 10 100 1 12 1 10 12 1 10 12 1 100 1 10 12 1 1 1 1 1 1 1 1 1 1 1 10 7 1 10 12 1 1 1 10 12 1 1 10 12 1 7 1 9 12 10 7 1 12 1 1 1 1 1 1 1 1 1 11 12 1 11 12 1 1 10 12 10 12 1 100 1 10 12 1 1 1 10 12 1 1 18 11 100 1 100 1 1 1 1 1 1 9 12 1 1 9 12 1 10 12 1 1 1 7 1 10 10 10 11 12 1 1 1 10 12 1 1 1 1 10 12 7 1 11 12 1 1 1 11 12 1 1 10 12 1 1 10 12 7 1 10 18 10 10 1 1 10 12 1 10 12 1 100 1 10 1 1 1 1 1 10 12 1 1 11 10 12 1 10 12 1 1 10 7 1 12 1 1 1 1 11 7 1 12 1 7 1 10 12 1 10 12 1 10 12 1 10 12 1 1 11 12 1 8 1 11 12 1 1 8 1 10 7 1 12 1 1 1 1 1 100 1 10 12 1 1 10 12 10 12 1 10 10 12 1 1 10 12 10 12 1 1 10 12 10 12 1 1 10 12 11 12 1 11 12 11 12 1 11 11 12 1 10 12 1 1 10 12 1 11 12 1 1 11 1 1 1 1 1 1 1 100 1 1 1 1 10 12 1 1 1 10 12 1 10 12 1 1 1 1 9 7 1 12 1 8 1 10 100 1 12 1 1 10 12 10 12 10 12 1 10 12 1 10 12 1 10 10 12 1 10 12 1 9 1 1 1 1 9 12 1 10 12 1 1 1 1 10 12 10 12 1 10 12 1 1 10 12 10 12 1 1 10 12 1 10 100 1 12 1 8 1 10 12 1 1 8 1 10 12 1 1 1 5 0 10 10 12 1 1 1 10 12 11 7 1 12 1 10 12 1 1 9 12 1 1 1 1 1 1 1 100 1 10 12 1 10 10 10 12 1 11 100 1 1 1 1 1 1 100 1 10 10 12 1 10 12 1 1 1 1 1 1 10 12 10 12 1 11 8 1 8 1 11 12 1 10 12 1 11 12 1 10 12 1 1 11 100 1 12 1 8 1 11 12 1 10 12 1 1 1 10 12 1 1 1 1 10 100 1 9 12 1 100 1 1 1 1 1 1 1 1 1 100 1 1 1 1 1 1 10 7 1 12 1 15 8 1 8 1 10 7 1 12 1 1 15 16 10 12 15 16 16 10 12 15 16 16 10 12 1 15 16 16 10 12 1 15 1 16 16 10 12 15 16 8 1 16 10 12 15 16 16 10 12 15 16 1 100 1 100 1 1 1 1 1 1 1
staticfield org/eclipse/jdt/internal/core/CompilationUnit NO_IMPORTS [Lorg/eclipse/jdt/core/IImportDeclaration; 0 [Lorg/eclipse/jdt/core/IImportDeclaration;
ciInstanceKlass org/eclipse/jdt/core/IJavaModelStatus 1 0 18 100 1 100 1 100 1 1 1 1 1 1 1 1 1 1 1 1
instanceKlass org/eclipse/jdt/internal/formatter/DefaultCodeFormatter$1
ciInstanceKlass org/eclipse/jdt/internal/core/JavaProject 1 1 2687 7 1 7 1 100 1 100 1 1 1 1 3 1 3 1 1 8 1 1 1 1 1 1 1 1 1 1 1 1 8 1 1 8 1 1 8 1 1 1 1 1 1 1 1 1 1 1 1 1 7 1 9 12 7 1 8 1 10 12 1 1 8 1 10 12 1 1 9 12 8 1 10 7 1 12 1 1 9 12 9 7 1 12 1 9 12 9 12 1 1 1 7 1 1 10 12 1 9 12 1 1 1 1 1 1 9 12 7 1 10 12 10 12 1 1 1 1 10 12 1 10 12 1 1 1 1 100 1 10 12 1 1 100 1 1 1 10 12 10 12 1 1 1 1 1 10 7 1 11 7 1 1 1 1 1 1 1 1 1 11 12 1 7 1 11 12 1 1 1 1 1 1 1 7 1 1 1 1 1 10 12 1 1 1 10 7 1 12 1 1 11 7 1 12 1 1 11 7 1 12 1 1 100 1 11 12 1 1 10 12 1 10 11 12 1 11 12 1 1 11 12 1 1 11 12 1 11 12 1 1 11 12 1 11 12 1 100 1 1 1 1 1 1 1 1 1 1 1 100 1 8 1 11 7 1 12 1 10 7 1 11 12 1 8 1 11 12 1 100 1 1 1 1 100 1 11 12 1 1 7 1 10 7 1 10 7 1 10 10 12 10 12 1 1 10 10 12 1 11 7 1 12 1 10 12 1 1 11 7 1 12 1 1 100 1 10 11 12 1 1 11 7 1 12 1 1 100 1 10 12 1 1 10 12 1 10 12 1 8 1 10 12 1 11 12 1 10 12 1 1 8 1 10 12 1 1 8 1 100 1 8 1 11 12 1 1 100 1 10 12 1 11 12 1 1 8 1 8 1 11 12 1 7 1 100 1 10 12 1 10 12 1 10 12 1 10 12 1 1 11 12 1 10 12 1 10 12 1 1 10 12 1 1 1 1 1 1 1 1 1 1 1 1 1 1 1 1 1 1 1 1 1 1 1 1 1 1 1 1 1 1 1 1 1 1 1 100 100 10 12 9 100 1 12 1 1 10 12 1 1 3 3 10 100 1 12 1 1 10 12 1 18 12 1 1 1 1 1 1 10 12 1 1 10 12 1 1 10 7 1 12 1 1 11 7 1 12 1 11 12 1 1 10 7 1 12 1 1 10 100 1 12 1 1 10 12 1 1 1 1 1 1 1 1 1 1 1 1 1 1 1 1 1 100 1 7 1 100 100 1 1 10 12 1 1 10 12 1 1 9 7 1 12 1 1 11 7 1 12 1 9 12 11 12 1 1 9 12 11 12 1 1 10 12 100 1 1 1 1 1 1 1 1 1 10 12 1 10 12 1 10 12 1 10 12 1 10 12 1 10 9 12 1 1 9 12 1 10 12 1 1 10 12 1 100 1 8 1 10 12 1 1 10 12 1 1 10 12 1 1 10 12 1 1 10 11 12 1 10 12 10 12 1 1 1 1 1 1 1 1 1 1 1 1 1 1 1 1 1 1 1 1 1 1 1 1 10 12 1 1 1 1 1 1 1 10 12 11 11 12 1 11 11 12 1 1 10 7 1 12 1 1 7 1 10 12 1 1 11 11 12 1 1 10 12 1 10 12 1 1 10 12 1 10 12 1 9 12 1 11 7 1 10 10 12 1 1 10 12 1 1 10 8 1 10 12 1 1 8 1 10 12 1 1 10 12 1 1 10 12 1 8 1 8 1 8 1 10 12 1 1 10 12 1 1 10 12 1 1 10 12 1 100 1 10 12 1 100 1 10 12 1 10 12 1 100 1 10 12 1 10 12 1 10 12 1 11 1 1 1 1 1 1 1 1 1 1 1 1 1 1 1 8 1 1 1 1 1 18 12 1 1 18 10 12 1 1 1 1 8 1 8 1 11 7 1 11 7 1 12 8 1 11 8 1 10 12 1 7 1 11 12 1 1 11 7 1 12 1 1 1 1 1 1 1 1 1 1 1 1 1 1 1 1 1 1 100 1 1 10 12 1 7 1 11 12 1 1 10 12 1 10 12 1 7 1 10 12 1 1 10 9 12 11 7 1 10 12 1 9 12 1 1 11 10 12 11 10 12 1 1 1 1 1 1 1 7 1 10 12 1 7 1 10 12 1 1 18 10 7 1 12 1 1 1 1 10 12 1 1 1 10 12 1 10 10 12 1 1 1 1 10 1 1 10 100 1 12 1 18 1 1 1 10 12 1 11 10 12 1 1 10 7 1 12 1 1 11 11 12 1 10 100 1 12 1 10 12 1 1 1 1 1 1 1 1 1 1 11 7 1 12 1 8 1 8 1 8 1 8 1 11 11 8 1 11 12 1 100 1 100 1 8 1 11 12 1 1 11 10 12 1 1 18 8 1 8 1 8 1 8 1 8 1 8 1 8 1 8 1 10 12 1 9 100 1 12 1 8 1 8 1 10 12 1 1 100 1 100 1 8 1 11 12 1 1 9 12 1 10 12 1 1 1 1 1 1 1 1 1 1 1 100 100 100 1 1 1 7 1 10 1 1 100 1 7 1 10 10 7 1 12 1 1 7 1 10 12 1 10 7 1 12 1 1 11 7 1 12 1 1 10 10 100 1 12 1 1 9 12 1 10 12 1 11 7 1 12 1 8 10 12 1 10 8 1 11 12 1 1 11 7 1 12 1 11 12 1 1 11 7 1 12 1 1 10 12 1 1 10 8 1 100 1 100 1 1 1 1 1 1 1 1 1 1 1 1 1 1 1 1 1 1 1 100 1 100 1 1 11 1 1 10 12 1 1 1 8 1 11 12 1 1 100 1 10 100 1 10 12 1 10 12 1 1 10 12 1 1 11 12 1 8 1 10 12 1 1 8 10 12 1 10 12 1 1 10 12 1 1 10 1 1 1 1 1 1 1 1 1 1 1 11 12 1 1 1 10 12 1 1 11 1 1 1 10 12 1 1 1 9 100 1 12 1 1 10 12 1 10 12 1 10 12 11 12 1 10 12 1 1 10 12 1 1 8 1 11 12 1 18 12 10 12 1 1 100 1 3 10 12 1 1 9 100 1 12 1 1 11 100 1 12 1 1 10 12 1 1 11 1 1 1 1 1 1 1 1 1 1 100 1 10 12 1 1 11 100 1 11 7 1 10 1 1 1 1 100 1 100 1 10 12 1 10 12 9 12 1 9 12 1 1 1 1 1 1 10 12 10 12 1 10 12 1 1 10 12 1 10 12 1 1 100 1 9 12 1 10 11 1 1 1 10 12 1 1 10 12 1 1 1 10 12 1 1 1 10 12 1 1 10 12 10 12 11 12 11 12 1 1 1 1 10 12 1 1 1 10 12 1 1 10 12 1 10 12 1 1 10 12 1 10 12 1 1 10 12 1 9 12 11 12 1 11 12 1 1 11 12 1 1 1 1 1 1 1 1 1 100 1 1 10 12 1 1 10 12 1 1 1 1 1 1 1 1 100 100 10 12 1 1 1 10 12 1 1 11 11 12 1 11 12 1 1 1 1 10 12 1 1 7 1 10 12 1 8 1 11 7 1 12 1 1 10 12 1 1 7 1 10 12 1 11 12 1 7 1 10 12 1 11 12 1 1 1 1 11 12 1 10 12 1 100 1 1 1 1 1 1 10 12 1 10 1 1 11 1 1 10 12 1 1 10 100 1 12 1 9 12 1 9 12 1 9 12 1 10 12 1 9 12 1 10 12 1 100 1 10 12 1 18 11 12 1 11 11 100 1 10 12 1 100 1 10 12 1 10 12 10 12 1 1 1 1 1 1 1 1 1 1 1 1 1 1 10 12 1 1 1 1 10 12 1 10 12 10 12 1 1 1 1 1 1 10 12 1 7 1 10 9 12 1 9 12 1 1 11 12 1 1 11 12 10 12 1 10 9 12 1 10 10 10 12 1 1 7 1 11 12 1 11 12 1 10 12 1 10 12 1 1 1 1 1 1 1 1 1 1 1 1 9 12 10 12 10 12 1 1 10 12 1 11 12 1 11 12 1 11 11 12 1 1 10 12 1 1 10 12 1 10 12 1 7 1 10 12 1 1 1 10 12 1 7 1 10 12 1 1 10 12 1 10 12 1 1 10 12 1 1 10 100 1 12 1 1 1 10 12 1 1 10 12 10 12 1 1 11 10 7 1 12 1 1 1 1 1 10 12 1 1 1 11 12 1 1 1 1 1 10 12 1 1 1 10 12 1 10 12 1 9 12 1 10 12 1 1 10 12 1 9 12 1 10 12 1 1 10 10 12 1 10 12 1 1 10 12 1 1 9 12 1 10 12 1 9 12 1 11 12 1 1 18 8 1 10 1 1 1 11 12 1 11 7 1 10 12 1 1 8 1 10 12 1 8 1 10 12 1 11 12 1 1 10 12 1 1 10 10 12 1 1 100 1 1 1 1 1 1 1 1 100 1 1 1 1 1 10 10 12 1 1 1 10 12 1 1 1 1 10 10 1 1 1 1 9 7 1 12 1 1 1 1 11 12 11 12 1 11 12 1 1 11 10 12 1 1 1 1 1 1 1 10 12 1 1 10 12 1 1 10 12 1 10 12 1 1 1 1 10 12 100 1 100 1 10 10 12 1 10 100 1 12 1 1 11 100 1 12 1 1 10 100 1 10 12 1 1 1 1 1 1 100 1 10 10 12 1 1 10 12 1 100 1 10 12 1 1 1 10 12 1 1 1 10 12 10 12 1 10 12 1 10 12 1 1 10 12 100 1 1 10 12 1 100 1 10 12 1 1 10 12 1 10 12 1 100 1 11 10 12 1 1 1 10 12 1 1 1 1 9 12 1 100 1 10 12 1 10 12 1 1 10 12 1 1 1 1 1 10 12 1 9 12 1 1 1 1 18 18 9 12 1 1 10 12 10 12 1 10 12 18 1 1 10 12 1 1 1 10 12 1 1 10 12 1 1 1 10 12 10 12 1 9 7 1 12 10 12 1 1 1 10 11 10 12 1 1 11 10 10 9 10 10 12 1 1 10 10 12 1 9 10 12 1 9 12 1 10 12 1 1 10 12 1 1 10 12 1 1 10 12 1 11 7 1 12 1 9 12 1 9 12 1 10 12 1 1 10 12 1 1 10 12 1 1 9 12 1 1 1 1 1 1 1 1 1 1 1 1 1 1 1 1 1 1 100 9 12 10 12 1 1 10 12 1 10 12 1 1 11 12 1 10 12 1 1 1 1 1 1 1 10 9 12 1 10 12 1 9 12 1 10 9 12 10 12 1 1 1 10 12 10 12 1 1 9 12 1 9 12 1 10 12 1 1 1 1 18 1 1 10 12 10 12 10 12 10 12 1 1 1 10 12 1 10 12 1 1 11 12 1 1 1 1 1 11 11 11 12 1 1 1 1 1 1 9 12 1 10 12 1 1 1 10 12 1 1 10 12 1 1 1 100 1 10 12 1 10 10 12 1 1 10 100 1 1 1 11 12 1 1 11 12 1 9 12 1 11 12 1 1 1 11 12 1 1 11 12 1 1 10 12 1 1 10 12 1 11 10 11 12 1 1 10 12 1 1 10 100 1 12 1 10 12 9 12 1 10 11 1 1 1 1 1 1 1 1 1 1 1 1 1 1 10 12 11 12 1 11 12 1 1 1 10 12 1 1 9 12 1 10 12 10 12 1 1 10 12 10 12 1 11 11 1 1 1 1 1 1 8 1 8 1 10 12 9 12 1 1 1 1 1 1 1 1 10 12 1 1 10 100 1 12 1 1 10 12 1 1 100 1 10 12 1 10 12 1 1 1 100 1 11 100 1 9 12 1 100 1 8 1 10 12 1 1 10 12 1 10 12 1 10 1 8 1 11 11 12 1 1 100 1 10 1 1 1 10 12 10 100 1 12 1 1 10 12 1 1 1 10 12 1 1 10 12 1 1 1 1 1 10 7 1 12 1 15 8 1 10 7 1 12 1 1 15 16 11 15 1 16 16 10 12 15 16 8 1 8 1 8 1 8 1 8 1 8 1 8 1 8 1 8 1 1 100 1 100 1 1 1 100 1 1 100 1 1 1 100 1 1 100 1 1 1 1 1 1 1 1 1 100 1 1 1 1
staticfield org/eclipse/jdt/internal/core/JavaProject INVALID_CLASSPATH [Lorg/eclipse/jdt/core/IClasspathEntry; 0 [Lorg/eclipse/jdt/core/IClasspathEntry;
staticfield org/eclipse/jdt/internal/core/JavaProject IS_CASE_SENSITIVE Z 0
staticfield org/eclipse/jdt/internal/core/JavaProject RESOLVE_ACTUAL_PACKAGEFRAGMENT_NAME Z 0
staticfield org/eclipse/jdt/internal/core/JavaProject NO_PREREQUISITES [Ljava/lang/String; 0 [Ljava/lang/String;
staticfield org/eclipse/jdt/internal/core/JavaProject RESOLUTION_IN_PROGRESS [Lorg/eclipse/jdt/core/IClasspathEntry; 0 [Lorg/eclipse/jdt/core/IClasspathEntry;
ciInstanceKlass org/eclipse/jdt/internal/compiler/env/INameEnvironment 1 0 14 100 1 100 1 1 1 1 1 1 1 1 1 1
ciInstanceKlass org/eclipse/jdt/internal/compiler/lookup/TypeConstants 1 1 1596 7 1 100 1 1 1 1 1 1 1 1 1 1 1 1 1 1 1 1 1 1 1 1 1 1 1 1 1 1 1 1 1 1 1 1 1 1 1 1 1 1 1 1 1 1 1 1 1 1 1 1 1 1 1 1 1 1 1 1 1 1 1 1 1 1 1 1 1 1 1 1 1 1 1 1 1 1 1 1 1 1 1 1 1 1 1 1 1 3 1 3 1 1 1 1 1 1 1 1 8 1 1 8 1 1 1 1 1 1 1 1 1 1 1 1 1 1 1 1 1 1 1 1 1 1 1 1 1 1 1 1 1 1 1 1 1 1 1 1 1 1 1 1 1 1 1 1 1 1 1 1 1 1 1 1 1 1 1 1 1 1 1 1 1 1 1 1 1 1 1 1 1 1 1 1 1 1 1 1 1 1 1 1 1 1 1 1 1 1 1 1 1 1 1 1 1 1 1 1 1 1 1 1 1 1 1 1 1 1 1 1 1 1 1 1 1 1 1 1 1 1 1 1 1 1 1 1 1 1 1 1 1 1 1 1 1 1 1 1 1 1 1 1 1 1 1 1 1 1 1 1 1 1 1 1 1 1 1 1 1 1 1 1 1 1 1 1 1 1 1 1 1 1 1 1 1 1 1 1 1 1 1 1 1 1 1 1 1 1 1 1 3 1 1 1 1 1 1 1 1 1 1 1 1 1 1 1 1 1 1 1 1 1 1 1 1 8 1 1 1 1 8 1 1 8 1 1 1 8 1 1 8 1 1 1 1 1 8 1 10 7 1 12 1 1 9 12 8 1 9 12 8 1 9 12 8 1 9 12 8 1 9 12 8 1 9 12 8 1 9 12 8 1 9 12 8 1 9 12 8 1 9 12 8 1 9 12 8 1 9 12 8 1 9 12 8 1 9 12 8 1 9 12 8 1 9 12 8 1 9 12 8 1 9 12 8 1 9 12 8 1 9 12 8 1 9 12 8 1 9 12 8 1 9 12 8 1 9 12 8 1 9 12 8 1 9 12 8 1 9 12 8 1 9 12 8 1 9 12 8 1 9 12 8 1 9 12 8 1 9 12 8 1 9 12 8 1 9 12 8 1 9 12 8 1 9 12 8 1 9 12 9 12 8 1 9 12 8 1 9 12 9 12 9 12 9 12 8 1 9 12 8 1 9 12 8 1 9 12 9 12 9 12 8 1 9 12 8 1 9 12 8 1 9 12 8 1 9 12 8 1 9 12 8 1 9 12 8 1 9 12 8 1 9 12 8 1 9 12 8 1 9 12 8 1 9 12 8 1 9 12 8 1 9 12 8 1 9 12 8 1 9 12 8 9 12 8 1 9 12 8 1 9 12 8 9 12 8 1 9 12 8 1 9 12 8 1 9 12 8 1 9 12 8 1 9 12 8 1 9 12 8 1 9 12 8 1 9 12 8 1 9 12 8 1 9 12 8 1 9 12 8 1 9 12 8 1 9 12 8 1 9 12 8 1 9 12 8 1 9 12 8 1 9 12 8 1 9 12 8 1 9 12 8 1 9 12 8 1 9 12 8 1 9 12 8 1 9 12 8 1 9 12 8 1 9 12 8 1 9 12 8 1 9 12 8 1 9 12 8 1 9 12 8 1 9 12 8 1 9 12 8 1 9 12 8 1 9 12 8 1 9 12 8 1 9 12 8 1 9 12 8 1 9 12 8 1 9 12 7 9 12 9 12 9 12 9 12 8 1 9 12 8 1 9 12 8 1 9 12 8 1 9 12 8 1 9 12 8 1 9 12 8 1 9 12 8 1 9 12 8 1 9 12 8 1 9 12 8 1 9 12 8 1 9 12 8 1 9 12 9 12 9 12 8 1 9 12 8 1 9 12 8 1 9 12 8 1 9 12 8 1 9 12 8 1 9 12 8 1 9 12 8 1 9 12 8 1 9 12 8 1 9 12 8 1 9 12 8 1 9 12 8 1 9 12 8 1 9 12 8 1 9 12 8 1 9 12 8 1 9 12 8 1 9 12 8 1 9 12 8 1 9 12 8 1 9 12 8 1 9 12 8 1 9 12 8 1 9 12 8 1 9 12 8 1 9 12 8 1 9 12 8 1 9 12 8 1 9 12 8 1 9 12 8 1 9 12 8 1 9 12 8 1 9 12 8 1 9 12 8 1 9 12 8 1 9 12 8 1 9 12 8 1 9 12 9 12 8 1 9 12 8 1 9 12 8 1 9 12 8 1 9 12 8 1 9 12 8 1 9 12 8 1 9 12 8 1 9 12 8 9 12 8 1 8 1 9 12 8 1 8 1 8 1 9 12 8 1 9 12 8 1 9 12 8 1 8 1 9 12 8 1 9 12 8 1 9 12 8 1 9 12 8 1 9 12 9 12 8 1 9 12 8 1 9 12 8 1 9 12 8 1 9 12 8 1 9 12 8 1 9 12 8 1 9 12 8 1 9 12 8 1 9 12 8 1 9 12 8 1 9 12 8 1 9 12 8 1 8 1 9 12 8 1 8 1 9 12 8 1 9 12 8 1 8 1 9 12 8 1 9 12 7 1 10 12 1 1 8 1 8 1 8 1 8 1 9 12 8 1 8 1 8 1 8 1 8 1 8 1 8 1 8 1 8 1 8 1 8 1 8 1 8 1 8 1 8 1 9 12 8 1 8 1 8 1 8 1 8 1 8 1 8 1 8 1 8 1 8 1 8 1 8 1 9 12 7 8 1 8 1 8 1 8 1 8 1 8 1 8 1 8 1 8 1 9 12 8 1 8 1 8 1 8 1 8 1 8 1 8 1 9 12 8 1 9 12 8 1 8 1 8 1 8 1 9 12 8 1 8 1 9 12 8 1 8 1 8 1 8 1 8 1 9 12 8 1 9 12 8 1 8 1 8 1 8 1 8 1 8 1 8 1 8 1 8 1 8 1 8 1 8 1 9 12 9 12 8 1 9 12 8 1 9 12 8 1 9 12 9 12 8 1 9 12 8 1 9 12 8 1 9 12 8 1 9 12 8 1 9 12 8 1 9 12 8 1 9 12 9 12 9 12 9 12 8 1 9 12 8 1 9 12 8 1 9 12 8 1 9 12 8 1 9 12 9 12 8 1 9 12 9 12 9 12 9 12 9 12 8 1 9 12 8 1 9 12 8 1 9 12 8 1 9 12 8 1 9 12 8 1 9 12 8 1 9 12 8 1 9 12 8 1 9 12 9 12 9 12 9 12 8 1 9 12 8 1 9 12 8 1 9 12 8 1 9 12 8 1 9 12 8 1 9 12 8 1 9 12 8 1 9 12 8 1 9 12 8 1 9 12 8 1 9 12 8 1 9 12 8 1 9 12 8 1 9 12 8 1 9 12 8 1 9 12 9 12 8 1 9 12 9 12 8 1 9 12 8 9 12 8 9 12 8 1 9 12 8 1 9 12 8 1 9 12 8 1 9 12 8 1 9 12 8 1 9 12 8 1 9 12 8 1 9 12 8 1 9 12 9 12 8 1 9 12 9 12 8 1 9 12 9 12 8 1 9 12 8 1 9 12 9 12 8 1 9 12 9 12 9 12 9 12 8 1 9 12 8 1 9 12 1 1 1 1 1 100 1 1 1 100 1 1 1
staticfield org/eclipse/jdt/internal/compiler/lookup/TypeConstants JAVA [C 4
staticfield org/eclipse/jdt/internal/compiler/lookup/TypeConstants JAVAC [C 5
staticfield org/eclipse/jdt/internal/compiler/lookup/TypeConstants JAVAX [C 5
staticfield org/eclipse/jdt/internal/compiler/lookup/TypeConstants JAKARTA [C 7
staticfield org/eclipse/jdt/internal/compiler/lookup/TypeConstants LANG [C 4
staticfield org/eclipse/jdt/internal/compiler/lookup/TypeConstants BASE [C 4
staticfield org/eclipse/jdt/internal/compiler/lookup/TypeConstants IO [C 2
staticfield org/eclipse/jdt/internal/compiler/lookup/TypeConstants NIO [C 3
staticfield org/eclipse/jdt/internal/compiler/lookup/TypeConstants UTIL [C 4
staticfield org/eclipse/jdt/internal/compiler/lookup/TypeConstants ZIP [C 3
staticfield org/eclipse/jdt/internal/compiler/lookup/TypeConstants JDK [C 3
staticfield org/eclipse/jdt/internal/compiler/lookup/TypeConstants ANNOTATION [C 10
staticfield org/eclipse/jdt/internal/compiler/lookup/TypeConstants REFLECT [C 7
staticfield org/eclipse/jdt/internal/compiler/lookup/TypeConstants LENGTH [C 6
staticfield org/eclipse/jdt/internal/compiler/lookup/TypeConstants CLONE [C 5
staticfield org/eclipse/jdt/internal/compiler/lookup/TypeConstants EQUALS [C 6
staticfield org/eclipse/jdt/internal/compiler/lookup/TypeConstants GETCLASS [C 8
staticfield org/eclipse/jdt/internal/compiler/lookup/TypeConstants HASHCODE [C 8
staticfield org/eclipse/jdt/internal/compiler/lookup/TypeConstants TOSTRING [C 8
staticfield org/eclipse/jdt/internal/compiler/lookup/TypeConstants OBJECT [C 6
staticfield org/eclipse/jdt/internal/compiler/lookup/TypeConstants MAIN [C 4
staticfield org/eclipse/jdt/internal/compiler/lookup/TypeConstants SERIALVERSIONUID [C 16
staticfield org/eclipse/jdt/internal/compiler/lookup/TypeConstants SERIALPERSISTENTFIELDS [C 22
staticfield org/eclipse/jdt/internal/compiler/lookup/TypeConstants READRESOLVE [C 11
staticfield org/eclipse/jdt/internal/compiler/lookup/TypeConstants WRITEREPLACE [C 12
staticfield org/eclipse/jdt/internal/compiler/lookup/TypeConstants READOBJECT [C 10
staticfield org/eclipse/jdt/internal/compiler/lookup/TypeConstants WRITEOBJECT [C 11
staticfield org/eclipse/jdt/internal/compiler/lookup/TypeConstants CharArray_JAVA_LANG_OBJECT [C 16
staticfield org/eclipse/jdt/internal/compiler/lookup/TypeConstants CharArray_JAVA_LANG_ENUM [C 14
staticfield org/eclipse/jdt/internal/compiler/lookup/TypeConstants CharArray_JAVA_LANG_RECORD [C 16
staticfield org/eclipse/jdt/internal/compiler/lookup/TypeConstants CharArray_JAVA_LANG_RECORD_SLASH [C 16
staticfield org/eclipse/jdt/internal/compiler/lookup/TypeConstants CharArray_JAVA_LANG_ANNOTATION_ANNOTATION [C 31
staticfield org/eclipse/jdt/internal/compiler/lookup/TypeConstants CharArray_JAVA_IO_OBJECTINPUTSTREAM [C 25
staticfield org/eclipse/jdt/internal/compiler/lookup/TypeConstants CharArray_JAVA_IO_OBJECTOUTPUTSTREAM [C 26
staticfield org/eclipse/jdt/internal/compiler/lookup/TypeConstants CharArray_JAVA_IO_OBJECTSTREAMFIELD [C 25
staticfield org/eclipse/jdt/internal/compiler/lookup/TypeConstants ANONYM_PREFIX [C 4
staticfield org/eclipse/jdt/internal/compiler/lookup/TypeConstants ANONYM_SUFFIX [C 4
staticfield org/eclipse/jdt/internal/compiler/lookup/TypeConstants WILDCARD_NAME [C 1
staticfield org/eclipse/jdt/internal/compiler/lookup/TypeConstants WILDCARD_SUPER [C 7
staticfield org/eclipse/jdt/internal/compiler/lookup/TypeConstants WILDCARD_EXTENDS [C 9
staticfield org/eclipse/jdt/internal/compiler/lookup/TypeConstants WILDCARD_MINUS [C 1
staticfield org/eclipse/jdt/internal/compiler/lookup/TypeConstants WILDCARD_STAR [C 1
staticfield org/eclipse/jdt/internal/compiler/lookup/TypeConstants WILDCARD_PLUS [C 1
staticfield org/eclipse/jdt/internal/compiler/lookup/TypeConstants WILDCARD_CAPTURE_NAME_PREFIX [C 8
staticfield org/eclipse/jdt/internal/compiler/lookup/TypeConstants WILDCARD_CAPTURE_NAME_SUFFIX [C 4
staticfield org/eclipse/jdt/internal/compiler/lookup/TypeConstants WILDCARD_CAPTURE_SIGNABLE_NAME_SUFFIX [C 11
staticfield org/eclipse/jdt/internal/compiler/lookup/TypeConstants WILDCARD_CAPTURE [C 1
staticfield org/eclipse/jdt/internal/compiler/lookup/TypeConstants CAPTURE18 [C 1
staticfield org/eclipse/jdt/internal/compiler/lookup/TypeConstants BYTE [C 4
staticfield org/eclipse/jdt/internal/compiler/lookup/TypeConstants SHORT [C 5
staticfield org/eclipse/jdt/internal/compiler/lookup/TypeConstants INT [C 3
staticfield org/eclipse/jdt/internal/compiler/lookup/TypeConstants LONG [C 4
staticfield org/eclipse/jdt/internal/compiler/lookup/TypeConstants FLOAT [C 5
staticfield org/eclipse/jdt/internal/compiler/lookup/TypeConstants DOUBLE [C 6
staticfield org/eclipse/jdt/internal/compiler/lookup/TypeConstants CHAR [C 4
staticfield org/eclipse/jdt/internal/compiler/lookup/TypeConstants BOOLEAN [C 7
staticfield org/eclipse/jdt/internal/compiler/lookup/TypeConstants NULL [C 4
staticfield org/eclipse/jdt/internal/compiler/lookup/TypeConstants VOID [C 4
staticfield org/eclipse/jdt/internal/compiler/lookup/TypeConstants VALUE [C 5
staticfield org/eclipse/jdt/internal/compiler/lookup/TypeConstants VALUES [C 6
staticfield org/eclipse/jdt/internal/compiler/lookup/TypeConstants VALUEOF [C 7
staticfield org/eclipse/jdt/internal/compiler/lookup/TypeConstants UPPER_SOURCE [C 6
staticfield org/eclipse/jdt/internal/compiler/lookup/TypeConstants UPPER_CLASS [C 5
staticfield org/eclipse/jdt/internal/compiler/lookup/TypeConstants UPPER_RUNTIME [C 7
staticfield org/eclipse/jdt/internal/compiler/lookup/TypeConstants ANNOTATION_PREFIX [C 1
staticfield org/eclipse/jdt/internal/compiler/lookup/TypeConstants ANNOTATION_SUFFIX [C 2
staticfield org/eclipse/jdt/internal/compiler/lookup/TypeConstants TYPE [C 4
staticfield org/eclipse/jdt/internal/compiler/lookup/TypeConstants UPPER_FIELD [C 5
staticfield org/eclipse/jdt/internal/compiler/lookup/TypeConstants UPPER_METHOD [C 6
staticfield org/eclipse/jdt/internal/compiler/lookup/TypeConstants UPPER_PARAMETER [C 9
staticfield org/eclipse/jdt/internal/compiler/lookup/TypeConstants UPPER_CONSTRUCTOR [C 11
staticfield org/eclipse/jdt/internal/compiler/lookup/TypeConstants UPPER_LOCAL_VARIABLE [C 14
staticfield org/eclipse/jdt/internal/compiler/lookup/TypeConstants UPPER_ANNOTATION_TYPE [C 15
staticfield org/eclipse/jdt/internal/compiler/lookup/TypeConstants UPPER_PACKAGE [C 7
staticfield org/eclipse/jdt/internal/compiler/lookup/TypeConstants ANONYMOUS_METHOD [C 7
staticfield org/eclipse/jdt/internal/compiler/lookup/TypeConstants DESERIALIZE_LAMBDA [C 19
staticfield org/eclipse/jdt/internal/compiler/lookup/TypeConstants LAMBDA_TYPE [C 8
staticfield org/eclipse/jdt/internal/compiler/lookup/TypeConstants UPPER_MODULE [C 6
staticfield org/eclipse/jdt/internal/compiler/lookup/TypeConstants UPPER_RECORD_COMPONENT [C 16
staticfield org/eclipse/jdt/internal/compiler/lookup/TypeConstants YIELD [C 5
staticfield org/eclipse/jdt/internal/compiler/lookup/TypeConstants VAR [C 3
staticfield org/eclipse/jdt/internal/compiler/lookup/TypeConstants RECORD_RESTRICTED_IDENTIFIER [C 6
staticfield org/eclipse/jdt/internal/compiler/lookup/TypeConstants RECORD_CLASS [C 6
staticfield org/eclipse/jdt/internal/compiler/lookup/TypeConstants PERMITS [C 7
staticfield org/eclipse/jdt/internal/compiler/lookup/TypeConstants SEALED [C 6
staticfield org/eclipse/jdt/internal/compiler/lookup/TypeConstants NON_SEALED [C 10
staticfield org/eclipse/jdt/internal/compiler/lookup/TypeConstants TYPE_USE_TARGET [C 8
staticfield org/eclipse/jdt/internal/compiler/lookup/TypeConstants TYPE_PARAMETER_TARGET [C 14
staticfield org/eclipse/jdt/internal/compiler/lookup/TypeConstants ORG [C 3
staticfield org/eclipse/jdt/internal/compiler/lookup/TypeConstants ECLIPSE [C 7
staticfield org/eclipse/jdt/internal/compiler/lookup/TypeConstants CORE [C 4
staticfield org/eclipse/jdt/internal/compiler/lookup/TypeConstants RUNTIME [C 7
staticfield org/eclipse/jdt/internal/compiler/lookup/TypeConstants APACHE [C 6
staticfield org/eclipse/jdt/internal/compiler/lookup/TypeConstants COMMONS [C 7
staticfield org/eclipse/jdt/internal/compiler/lookup/TypeConstants LANG3 [C 5
staticfield org/eclipse/jdt/internal/compiler/lookup/TypeConstants COM [C 3
staticfield org/eclipse/jdt/internal/compiler/lookup/TypeConstants GOOGLE [C 6
staticfield org/eclipse/jdt/internal/compiler/lookup/TypeConstants JDT [C 3
staticfield org/eclipse/jdt/internal/compiler/lookup/TypeConstants INTERNAL [C 8
staticfield org/eclipse/jdt/internal/compiler/lookup/TypeConstants COMPILER [C 8
staticfield org/eclipse/jdt/internal/compiler/lookup/TypeConstants LOOKUP [C 6
staticfield org/eclipse/jdt/internal/compiler/lookup/TypeConstants TYPEBINDING [C 11
staticfield org/eclipse/jdt/internal/compiler/lookup/TypeConstants DOM [C 3
staticfield org/eclipse/jdt/internal/compiler/lookup/TypeConstants ITYPEBINDING [C 12
staticfield org/eclipse/jdt/internal/compiler/lookup/TypeConstants SPRING [C 15
staticfield org/eclipse/jdt/internal/compiler/lookup/TypeConstants JAVA_BASE [[C 2 [[C
staticfield org/eclipse/jdt/internal/compiler/lookup/TypeConstants JAVA_LANG [[C 2 [[C
staticfield org/eclipse/jdt/internal/compiler/lookup/TypeConstants JAVA_IO [[C 2 [[C
staticfield org/eclipse/jdt/internal/compiler/lookup/TypeConstants JAVA_LANG_ANNOTATION [[C 3 [[C
staticfield org/eclipse/jdt/internal/compiler/lookup/TypeConstants JAVA_LANG_ANNOTATION_ANNOTATION [[C 4 [[C
staticfield org/eclipse/jdt/internal/compiler/lookup/TypeConstants JAVA_LANG_ASSERTIONERROR [[C 3 [[C
staticfield org/eclipse/jdt/internal/compiler/lookup/TypeConstants JAVA_LANG_CLASS [[C 3 [[C
staticfield org/eclipse/jdt/internal/compiler/lookup/TypeConstants JAVA_LANG_CLASSNOTFOUNDEXCEPTION [[C 3 [[C
staticfield org/eclipse/jdt/internal/compiler/lookup/TypeConstants JAVA_LANG_NOSUCHFIELDERROR [[C 3 [[C
staticfield org/eclipse/jdt/internal/compiler/lookup/TypeConstants JAVA_LANG_CLONEABLE [[C 3 [[C
staticfield org/eclipse/jdt/internal/compiler/lookup/TypeConstants JAVA_LANG_ENUM [[C 3 [[C
staticfield org/eclipse/jdt/internal/compiler/lookup/TypeConstants JAVA_LANG_EXCEPTION [[C 3 [[C
staticfield org/eclipse/jdt/internal/compiler/lookup/TypeConstants JAVA_LANG_ERROR [[C 3 [[C
staticfield org/eclipse/jdt/internal/compiler/lookup/TypeConstants JAVA_LANG_ILLEGALARGUMENTEXCEPTION [[C 3 [[C
staticfield org/eclipse/jdt/internal/compiler/lookup/TypeConstants JAVA_LANG_INCOMPATIBLECLASSCHANGEERROR [[C 3 [[C
staticfield org/eclipse/jdt/internal/compiler/lookup/TypeConstants JAVA_LANG_ITERABLE [[C 3 [[C
staticfield org/eclipse/jdt/internal/compiler/lookup/TypeConstants JAVA_LANG_NOCLASSDEFFOUNDERROR [[C 3 [[C
staticfield org/eclipse/jdt/internal/compiler/lookup/TypeConstants JAVA_LANG_OBJECT [[C 3 [[C
staticfield org/eclipse/jdt/internal/compiler/lookup/TypeConstants JAVA_LANG_RECORD [[C 3 [[C
staticfield org/eclipse/jdt/internal/compiler/lookup/TypeConstants JAVA_LANG_STRING [[C 3 [[C
staticfield org/eclipse/jdt/internal/compiler/lookup/TypeConstants JAVA_LANG_STRINGBUFFER [[C 3 [[C
staticfield org/eclipse/jdt/internal/compiler/lookup/TypeConstants JAVA_LANG_STRINGBUILDER [[C 3 [[C
staticfield org/eclipse/jdt/internal/compiler/lookup/TypeConstants JAVA_LANG_SYSTEM [[C 3 [[C
staticfield org/eclipse/jdt/internal/compiler/lookup/TypeConstants JAVA_LANG_RUNTIMEEXCEPTION [[C 3 [[C
staticfield org/eclipse/jdt/internal/compiler/lookup/TypeConstants JAVA_LANG_THROWABLE [[C 3 [[C
staticfield org/eclipse/jdt/internal/compiler/lookup/TypeConstants JAVA_LANG_REFLECT_CONSTRUCTOR [[C 4 [[C
staticfield org/eclipse/jdt/internal/compiler/lookup/TypeConstants JAVA_IO_PRINTSTREAM [[C 3 [[C
staticfield org/eclipse/jdt/internal/compiler/lookup/TypeConstants JAVA_IO_SERIALIZABLE [[C 3 [[C
staticfield org/eclipse/jdt/internal/compiler/lookup/TypeConstants JAVA_LANG_BYTE [[C 3 [[C
staticfield org/eclipse/jdt/internal/compiler/lookup/TypeConstants JAVA_LANG_SHORT [[C 3 [[C
staticfield org/eclipse/jdt/internal/compiler/lookup/TypeConstants JAVA_LANG_CHARACTER [[C 3 [[C
staticfield org/eclipse/jdt/internal/compiler/lookup/TypeConstants JAVA_LANG_INTEGER [[C 3 [[C
staticfield org/eclipse/jdt/internal/compiler/lookup/TypeConstants JAVA_LANG_LONG [[C 3 [[C
staticfield org/eclipse/jdt/internal/compiler/lookup/TypeConstants JAVA_LANG_FLOAT [[C 3 [[C
staticfield org/eclipse/jdt/internal/compiler/lookup/TypeConstants JAVA_LANG_DOUBLE [[C 3 [[C
staticfield org/eclipse/jdt/internal/compiler/lookup/TypeConstants JAVA_LANG_BOOLEAN [[C 3 [[C
staticfield org/eclipse/jdt/internal/compiler/lookup/TypeConstants JAVA_LANG_VOID [[C 3 [[C
staticfield org/eclipse/jdt/internal/compiler/lookup/TypeConstants JAVA_UTIL_COLLECTION [[C 3 [[C
staticfield org/eclipse/jdt/internal/compiler/lookup/TypeConstants JAVA_UTIL_ITERATOR [[C 3 [[C
staticfield org/eclipse/jdt/internal/compiler/lookup/TypeConstants NEXT [C 4
staticfield org/eclipse/jdt/internal/compiler/lookup/TypeConstants JAVA_UTIL_OBJECTS [[C 3 [[C
staticfield org/eclipse/jdt/internal/compiler/lookup/TypeConstants JAVA_UTIL_LIST [[C 3 [[C
staticfield org/eclipse/jdt/internal/compiler/lookup/TypeConstants JAVA_UTIL_ARRAYS [[C 3 [[C
staticfield org/eclipse/jdt/internal/compiler/lookup/TypeConstants JAVA_LANG_DEPRECATED [[C 3 [[C
staticfield org/eclipse/jdt/internal/compiler/lookup/TypeConstants FOR_REMOVAL [C 10
staticfield org/eclipse/jdt/internal/compiler/lookup/TypeConstants SINCE [C 5
staticfield org/eclipse/jdt/internal/compiler/lookup/TypeConstants JAVA_LANG_ANNOTATION_DOCUMENTED [[C 4 [[C
staticfield org/eclipse/jdt/internal/compiler/lookup/TypeConstants JAVA_LANG_ANNOTATION_INHERITED [[C 4 [[C
staticfield org/eclipse/jdt/internal/compiler/lookup/TypeConstants JAVA_LANG_ANNOTATION_REPEATABLE [[C 4 [[C
staticfield org/eclipse/jdt/internal/compiler/lookup/TypeConstants JAVA_LANG_OVERRIDE [[C 3 [[C
staticfield org/eclipse/jdt/internal/compiler/lookup/TypeConstants JAVA_LANG_FUNCTIONAL_INTERFACE [[C 3 [[C
staticfield org/eclipse/jdt/internal/compiler/lookup/TypeConstants JAVA_LANG_ANNOTATION_RETENTION [[C 4 [[C
staticfield org/eclipse/jdt/internal/compiler/lookup/TypeConstants JAVA_LANG_SUPPRESSWARNINGS [[C 3 [[C
staticfield org/eclipse/jdt/internal/compiler/lookup/TypeConstants JAVA_LANG_ANNOTATION_TARGET [[C 4 [[C
staticfield org/eclipse/jdt/internal/compiler/lookup/TypeConstants JAVA_LANG_ANNOTATION_RETENTIONPOLICY [[C 4 [[C
staticfield org/eclipse/jdt/internal/compiler/lookup/TypeConstants JAVA_LANG_ANNOTATION_ELEMENTTYPE [[C 4 [[C
staticfield org/eclipse/jdt/internal/compiler/lookup/TypeConstants JDK_INTERNAL_PREVIEW_FEATURE [[C 3 [[C
staticfield org/eclipse/jdt/internal/compiler/lookup/TypeConstants JDK_INTERNAL_JAVAC_PREVIEW_FEATURE [[C 4 [[C
staticfield org/eclipse/jdt/internal/compiler/lookup/TypeConstants JAVA_LANG_REFLECT_FIELD [[C 4 [[C
staticfield org/eclipse/jdt/internal/compiler/lookup/TypeConstants JAVA_LANG_REFLECT_METHOD [[C 4 [[C
staticfield org/eclipse/jdt/internal/compiler/lookup/TypeConstants JAVA_IO_CLOSEABLE [[C 3 [[C
staticfield org/eclipse/jdt/internal/compiler/lookup/TypeConstants JAVA_IO_OBJECTSTREAMEXCEPTION [[C 3 [[C
staticfield org/eclipse/jdt/internal/compiler/lookup/TypeConstants JAVA_IO_EXTERNALIZABLE [[C 3 [[C
staticfield org/eclipse/jdt/internal/compiler/lookup/TypeConstants JAVA_IO_IOEXCEPTION [[C 3 [[C
staticfield org/eclipse/jdt/internal/compiler/lookup/TypeConstants JAVA_IO_OBJECTOUTPUTSTREAM [[C 3 [[C
staticfield org/eclipse/jdt/internal/compiler/lookup/TypeConstants JAVA_IO_OBJECTINPUTSTREAM [[C 3 [[C
staticfield org/eclipse/jdt/internal/compiler/lookup/TypeConstants JAVA_IO_IO [[C 3 [[C
staticfield org/eclipse/jdt/internal/compiler/lookup/TypeConstants JAVA_NIO_FILE_FILES [[C 4 [[C
staticfield org/eclipse/jdt/internal/compiler/lookup/TypeConstants JAVAX_RMI_CORBA_STUB [[C 4 [[C
staticfield org/eclipse/jdt/internal/compiler/lookup/TypeConstants JAVA_LANG_SAFEVARARGS [[C 3 [[C
staticfield org/eclipse/jdt/internal/compiler/lookup/TypeConstants INVOKE [C 6
staticfield org/eclipse/jdt/internal/compiler/lookup/TypeConstants JAVA_LANG_INVOKE_METHODHANDLE_POLYMORPHICSIGNATURE [[C 5 [[C
staticfield org/eclipse/jdt/internal/compiler/lookup/TypeConstants JAVA_LANG_INVOKE_METHODHANDLE_$_POLYMORPHICSIGNATURE [[C 4 [[C
staticfield org/eclipse/jdt/internal/compiler/lookup/TypeConstants JAVA_LANG_INVOKE_LAMBDAMETAFACTORY [[C 4 [[C
staticfield org/eclipse/jdt/internal/compiler/lookup/TypeConstants JAVA_LANG_INVOKE_SERIALIZEDLAMBDA [[C 4 [[C
staticfield org/eclipse/jdt/internal/compiler/lookup/TypeConstants JAVA_LANG_INVOKE_METHODHANDLES [[C 4 [[C
staticfield org/eclipse/jdt/internal/compiler/lookup/TypeConstants JAVA_LANG_INVOKE_METHODHANDLE [[C 4 [[C
staticfield org/eclipse/jdt/internal/compiler/lookup/TypeConstants JAVA_LANG_INVOKE_VARHANDLE [[C 4 [[C
staticfield org/eclipse/jdt/internal/compiler/lookup/TypeConstants JAVA_LANG_INVOKE_STRING_CONCAT_FACTORY [[C 4 [[C
staticfield org/eclipse/jdt/internal/compiler/lookup/TypeConstants JAVA_LANG_AUTOCLOSEABLE [[C 3 [[C
staticfield org/eclipse/jdt/internal/compiler/lookup/TypeConstants CLOSE [C 5
staticfield org/eclipse/jdt/internal/compiler/lookup/TypeConstants JAVA_LANG_RUNTIME_OBJECTMETHODS [[C 4 [[C
staticfield org/eclipse/jdt/internal/compiler/lookup/TypeConstants JAVA_LANG_RUNTIME_SWITCHBOOTSTRAPS [[C 4 [[C
staticfield org/eclipse/jdt/internal/compiler/lookup/TypeConstants JAVA_LANG_INVOKE_CONSTANTBOOTSTRAP [[C 4 [[C
staticfield org/eclipse/jdt/internal/compiler/lookup/TypeConstants PRIMITIVE_CLASS [C 14
staticfield org/eclipse/jdt/internal/compiler/lookup/TypeConstants PRIMITIVE_CLASS__SIGNATURE [C 93
staticfield org/eclipse/jdt/internal/compiler/lookup/TypeConstants GET_STATIC_FINAL [C 14
staticfield org/eclipse/jdt/internal/compiler/lookup/TypeConstants GET_STATIC_FINAL__SIGNATURE [C 94
staticfield org/eclipse/jdt/internal/compiler/lookup/TypeConstants JAVA_LANG_ENUM_ENUMDESC [[C 3 [[C
staticfield org/eclipse/jdt/internal/compiler/lookup/TypeConstants JAVA_LANG_CONSTANT_CLASSDESC [[C 4 [[C
staticfield org/eclipse/jdt/internal/compiler/lookup/TypeConstants GUAVA_CLOSEABLES [[C 5 [[C
staticfield org/eclipse/jdt/internal/compiler/lookup/TypeConstants APACHE_IOUTILS [[C 5 [[C
staticfield org/eclipse/jdt/internal/compiler/lookup/TypeConstants APACHE_DBUTILS [[C 5 [[C
staticfield org/eclipse/jdt/internal/compiler/lookup/TypeConstants CLOSE_QUIETLY [C 12
staticfield org/eclipse/jdt/internal/compiler/lookup/TypeConstants closeMethods [Lorg/eclipse/jdt/internal/compiler/lookup/TypeConstants$CloseMethodRecord; 9 [Lorg/eclipse/jdt/internal/compiler/lookup/TypeConstants$CloseMethodRecord;
staticfield org/eclipse/jdt/internal/compiler/lookup/TypeConstants JAVA_IO_WRAPPER_CLOSEABLES [[C 18 [[C
staticfield org/eclipse/jdt/internal/compiler/lookup/TypeConstants JAVA_UTIL_ZIP_WRAPPER_CLOSEABLES [[C 12 [[C
staticfield org/eclipse/jdt/internal/compiler/lookup/TypeConstants OTHER_WRAPPER_CLOSEABLES [[[C 5 [[[C
staticfield org/eclipse/jdt/internal/compiler/lookup/TypeConstants JAVA_IO_RESOURCE_FREE_CLOSEABLES [[C 7 [[C
staticfield org/eclipse/jdt/internal/compiler/lookup/TypeConstants JAVA_UTIL_STREAM [[C 3 [[C
staticfield org/eclipse/jdt/internal/compiler/lookup/TypeConstants RESOURCE_FREE_CLOSEABLE_J_U_STREAMS [[C 4 [[C
staticfield org/eclipse/jdt/internal/compiler/lookup/TypeConstants ONE_UTIL_STREAMEX [[C 3 [[C
staticfield org/eclipse/jdt/internal/compiler/lookup/TypeConstants RESOURCE_FREE_CLOSEABLE_STREAMEX [[C 5 [[C
staticfield org/eclipse/jdt/internal/compiler/lookup/TypeConstants CHANNELS [C 8
staticfield org/eclipse/jdt/internal/compiler/lookup/TypeConstants FLUENT_RESOURCE_CLASSES [[[C 16 [[[C
staticfield org/eclipse/jdt/internal/compiler/lookup/TypeConstants JAVA_UTIL_STREAM__STREAM [[C 4 [[C
staticfield org/eclipse/jdt/internal/compiler/lookup/TypeConstants FILTER [C 6
staticfield org/eclipse/jdt/internal/compiler/lookup/TypeConstants ASSERT_CLASS [C 6
staticfield org/eclipse/jdt/internal/compiler/lookup/TypeConstants ASSERTIONS_CLASS [C 10
staticfield org/eclipse/jdt/internal/compiler/lookup/TypeConstants ORG_ECLIPSE_CORE_RUNTIME_ASSERT [[C 5 [[C
staticfield org/eclipse/jdt/internal/compiler/lookup/TypeConstants IS_NOTNULL [C 9
staticfield org/eclipse/jdt/internal/compiler/lookup/TypeConstants JUNIT [C 5
staticfield org/eclipse/jdt/internal/compiler/lookup/TypeConstants FRAMEWORK [C 9
staticfield org/eclipse/jdt/internal/compiler/lookup/TypeConstants JUPITER [C 7
staticfield org/eclipse/jdt/internal/compiler/lookup/TypeConstants PARAMS [C 6
staticfield org/eclipse/jdt/internal/compiler/lookup/TypeConstants PROVIDER [C 8
staticfield org/eclipse/jdt/internal/compiler/lookup/TypeConstants API [C 3
staticfield org/eclipse/jdt/internal/compiler/lookup/TypeConstants JUNIT_FRAMEWORK_ASSERT [[C 3 [[C
staticfield org/eclipse/jdt/internal/compiler/lookup/TypeConstants ORG_JUNIT_ASSERT [[C 3 [[C
staticfield org/eclipse/jdt/internal/compiler/lookup/TypeConstants ORG_JUNIT_JUPITER_API_ASSERTIONS [[C 5 [[C
staticfield org/eclipse/jdt/internal/compiler/lookup/TypeConstants ASSERT_NULL [C 10
staticfield org/eclipse/jdt/internal/compiler/lookup/TypeConstants ASSERT_NOTNULL [C 13
staticfield org/eclipse/jdt/internal/compiler/lookup/TypeConstants ASSERT_TRUE [C 10
staticfield org/eclipse/jdt/internal/compiler/lookup/TypeConstants ASSERT_FALSE [C 11
staticfield org/eclipse/jdt/internal/compiler/lookup/TypeConstants METHOD_SOURCE [C 12
staticfield org/eclipse/jdt/internal/compiler/lookup/TypeConstants ORG_JUNIT_METHOD_SOURCE [[C 6 [[C
staticfield org/eclipse/jdt/internal/compiler/lookup/TypeConstants VALIDATE_CLASS [C 8
staticfield org/eclipse/jdt/internal/compiler/lookup/TypeConstants ORG_APACHE_COMMONS_LANG_VALIDATE [[C 5 [[C
staticfield org/eclipse/jdt/internal/compiler/lookup/TypeConstants ORG_APACHE_COMMONS_LANG3_VALIDATE [[C 5 [[C
staticfield org/eclipse/jdt/internal/compiler/lookup/TypeConstants ORG_ECLIPSE_JDT_INTERNAL_COMPILER_LOOKUP_TYPEBINDING [[C 7 [[C
staticfield org/eclipse/jdt/internal/compiler/lookup/TypeConstants ORG_ECLIPSE_JDT_CORE_DOM_ITYPEBINDING [[C 6 [[C
staticfield org/eclipse/jdt/internal/compiler/lookup/TypeConstants IS_TRUE [C 6
staticfield org/eclipse/jdt/internal/compiler/lookup/TypeConstants NOT_NULL [C 7
staticfield org/eclipse/jdt/internal/compiler/lookup/TypeConstants COM_GOOGLE_COMMON_BASE_PRECONDITIONS [[C 5 [[C
staticfield org/eclipse/jdt/internal/compiler/lookup/TypeConstants CHECK_NOT_NULL [C 12
staticfield org/eclipse/jdt/internal/compiler/lookup/TypeConstants CHECK_ARGUMENT [C 13
staticfield org/eclipse/jdt/internal/compiler/lookup/TypeConstants CHECK_STATE [C 10
staticfield org/eclipse/jdt/internal/compiler/lookup/TypeConstants REQUIRE_NON_NULL [C 14
staticfield org/eclipse/jdt/internal/compiler/lookup/TypeConstants INJECT_PACKAGE [C 6
staticfield org/eclipse/jdt/internal/compiler/lookup/TypeConstants INJECT_TYPE [C 6
staticfield org/eclipse/jdt/internal/compiler/lookup/TypeConstants JAVAX_ANNOTATION_INJECT_INJECT [[C 3 [[C
staticfield org/eclipse/jdt/internal/compiler/lookup/TypeConstants JAKARTA_ANNOTATION_INJECT_INJECT [[C 3 [[C
staticfield org/eclipse/jdt/internal/compiler/lookup/TypeConstants COM_GOOGLE_INJECT_INJECT [[C 4 [[C
staticfield org/eclipse/jdt/internal/compiler/lookup/TypeConstants OPTIONAL [C 8
staticfield org/eclipse/jdt/internal/compiler/lookup/TypeConstants IS_INSTANCE [C 10
staticfield org/eclipse/jdt/internal/compiler/lookup/TypeConstants NON_NULL [C 7
staticfield org/eclipse/jdt/internal/compiler/lookup/TypeConstants IS_NULL [C 6
staticfield org/eclipse/jdt/internal/compiler/lookup/TypeConstants JAVA_UTIL_MAP [[C 3 [[C
staticfield org/eclipse/jdt/internal/compiler/lookup/TypeConstants GET [C 3
staticfield org/eclipse/jdt/internal/compiler/lookup/TypeConstants REMOVE [C 6
staticfield org/eclipse/jdt/internal/compiler/lookup/TypeConstants REMOVE_ALL [C 9
staticfield org/eclipse/jdt/internal/compiler/lookup/TypeConstants CONTAINS_ALL [C 11
staticfield org/eclipse/jdt/internal/compiler/lookup/TypeConstants RETAIN_ALL [C 9
staticfield org/eclipse/jdt/internal/compiler/lookup/TypeConstants CONTAINS_KEY [C 11
staticfield org/eclipse/jdt/internal/compiler/lookup/TypeConstants CONTAINS_VALUE [C 13
staticfield org/eclipse/jdt/internal/compiler/lookup/TypeConstants CONTAINS [C 8
staticfield org/eclipse/jdt/internal/compiler/lookup/TypeConstants INDEX_OF [C 7
staticfield org/eclipse/jdt/internal/compiler/lookup/TypeConstants LAST_INDEX_OF [C 11
staticfield org/eclipse/jdt/internal/compiler/lookup/TypeConstants AUTOWIRED [C 9
staticfield org/eclipse/jdt/internal/compiler/lookup/TypeConstants BEANS [C 5
staticfield org/eclipse/jdt/internal/compiler/lookup/TypeConstants FACTORY [C 7
staticfield org/eclipse/jdt/internal/compiler/lookup/TypeConstants ORG_SPRING_AUTOWIRED [[C 6 [[C
staticfield org/eclipse/jdt/internal/compiler/lookup/TypeConstants REQUIRED [C 8
staticfield org/eclipse/jdt/internal/compiler/lookup/TypeConstants INIT [C 6
staticfield org/eclipse/jdt/internal/compiler/lookup/TypeConstants CLINIT [C 8
staticfield org/eclipse/jdt/internal/compiler/lookup/TypeConstants SYNTHETIC_SWITCH_ENUM_TABLE [C 14
staticfield org/eclipse/jdt/internal/compiler/lookup/TypeConstants SYNTHETIC_ENUM_VALUES [C 11
staticfield org/eclipse/jdt/internal/compiler/lookup/TypeConstants SYNTHETIC_ASSERT_DISABLED [C 19
staticfield org/eclipse/jdt/internal/compiler/lookup/TypeConstants SYNTHETIC_CLASS [C 6
staticfield org/eclipse/jdt/internal/compiler/lookup/TypeConstants SYNTHETIC_OUTER_LOCAL_PREFIX [C 4
staticfield org/eclipse/jdt/internal/compiler/lookup/TypeConstants SYNTHETIC_ENCLOSING_INSTANCE_PREFIX [C 5
staticfield org/eclipse/jdt/internal/compiler/lookup/TypeConstants SYNTHETIC_ACCESS_METHOD_PREFIX [C 7
staticfield org/eclipse/jdt/internal/compiler/lookup/TypeConstants SYNTHETIC_ENUM_CONSTANT_INITIALIZATION_METHOD_PREFIX [C 30
staticfield org/eclipse/jdt/internal/compiler/lookup/TypeConstants SYNTHETIC_STATIC_FACTORY [C 9
staticfield org/eclipse/jdt/internal/compiler/lookup/TypeConstants DEFAULT_LOCATION__PARAMETER [C 9
staticfield org/eclipse/jdt/internal/compiler/lookup/TypeConstants DEFAULT_LOCATION__RETURN_TYPE [C 11
staticfield org/eclipse/jdt/internal/compiler/lookup/TypeConstants DEFAULT_LOCATION__FIELD [C 5
staticfield org/eclipse/jdt/internal/compiler/lookup/TypeConstants DEFAULT_LOCATION__TYPE_ARGUMENT [C 13
staticfield org/eclipse/jdt/internal/compiler/lookup/TypeConstants DEFAULT_LOCATION__TYPE_PARAMETER [C 14
staticfield org/eclipse/jdt/internal/compiler/lookup/TypeConstants DEFAULT_LOCATION__TYPE_BOUND [C 10
staticfield org/eclipse/jdt/internal/compiler/lookup/TypeConstants DEFAULT_LOCATION__ARRAY_CONTENTS [C 14
staticfield org/eclipse/jdt/internal/compiler/lookup/TypeConstants DEFAULT_LOCATION__RECORD_COMPONENT [C 16
staticfield org/eclipse/jdt/internal/compiler/lookup/TypeConstants PACKAGE_INFO_NAME [C 12
staticfield org/eclipse/jdt/internal/compiler/lookup/TypeConstants MODULE_INFO_NAME [C 11
staticfield org/eclipse/jdt/internal/compiler/lookup/TypeConstants MODULE_INFO_FILE_NAME [C 16
staticfield org/eclipse/jdt/internal/compiler/lookup/TypeConstants MODULE_INFO_CLASS_NAME [C 17
staticfield org/eclipse/jdt/internal/compiler/lookup/TypeConstants JAVA_DOT_BASE [C 9
staticfield org/eclipse/jdt/internal/compiler/lookup/TypeConstants JDK_INTERNAL_VALUEBASED [[C 3 [[C
ciInstanceKlass org/eclipse/jdt/internal/compiler/ast/Location 1 0 10 100 1 100 1 1 1 1 1 1
instanceKlass org/eclipse/jdt/internal/compiler/lookup/ImportBinding
instanceKlass org/eclipse/jdt/internal/compiler/lookup/ProblemBinding
instanceKlass org/eclipse/jdt/internal/compiler/lookup/Scope$1
instanceKlass org/eclipse/jdt/internal/compiler/lookup/ModuleBinding
instanceKlass org/eclipse/jdt/internal/compiler/lookup/VariableBinding
instanceKlass org/eclipse/jdt/internal/compiler/lookup/PackageBinding
instanceKlass org/eclipse/jdt/internal/compiler/lookup/MethodBinding
instanceKlass org/eclipse/jdt/internal/compiler/lookup/TypeBinding
ciInstanceKlass org/eclipse/jdt/internal/compiler/lookup/Binding 1 1 249 7 1 7 1 1 1 1 3 1 3 1 3 1 3 1 3 1 3 1 3 1 3 1 3 1 3 1 3 1 3 1 3 1 3 1 3 1 3 1 3 1 3 1 3 1 3 1 3 1 1 1 1 1 1 1 1 1 1 1 1 1 1 1 1 1 1 1 1 1 1 1 1 1 1 1 1 1 1 1 1 1 1 1 1 1 1 1 1 3 1 1 1 1 1 1 3 1 3 1 3 1 3 1 3 1 3 1 1 1 1 1 1 7 1 9 12 7 1 9 12 7 1 9 12 7 1 9 12 7 1 9 12 9 12 9 12 9 12 7 1 9 12 7 1 9 12 9 12 9 12 9 12 7 1 9 12 7 1 9 12 9 12 7 1 9 12 7 1 9 12 7 1 9 12 9 12 9 12 9 12 9 12 7 1 9 12 7 1 9 12 1 1 100 1 1 10 12 9 12 1 1 1 1 1 1 10 12 1 1 1 1 1 1 1 1 1 10 12 1 1 1 1 10 12 1 1 1 1 1 100 1 1 1 10 12 1 1 1 1 10 12 1 1 1 1 1 1 1
staticfield org/eclipse/jdt/internal/compiler/lookup/Binding NO_MODULES [Lorg/eclipse/jdt/internal/compiler/lookup/ModuleBinding; 0 [Lorg/eclipse/jdt/internal/compiler/lookup/ModuleBinding;
staticfield org/eclipse/jdt/internal/compiler/lookup/Binding NO_PACKAGES [Lorg/eclipse/jdt/internal/compiler/lookup/PackageBinding; 0 [Lorg/eclipse/jdt/internal/compiler/lookup/PackageBinding;
staticfield org/eclipse/jdt/internal/compiler/lookup/Binding NO_PLAIN_PACKAGES [Lorg/eclipse/jdt/internal/compiler/lookup/PlainPackageBinding; 0 [Lorg/eclipse/jdt/internal/compiler/lookup/PlainPackageBinding;
staticfield org/eclipse/jdt/internal/compiler/lookup/Binding NO_TYPES [Lorg/eclipse/jdt/internal/compiler/lookup/TypeBinding; 0 [Lorg/eclipse/jdt/internal/compiler/lookup/TypeBinding;
staticfield org/eclipse/jdt/internal/compiler/lookup/Binding NO_REFERENCE_TYPES [Lorg/eclipse/jdt/internal/compiler/lookup/ReferenceBinding; 0 [Lorg/eclipse/jdt/internal/compiler/lookup/ReferenceBinding;
staticfield org/eclipse/jdt/internal/compiler/lookup/Binding NO_PARAMETERS [Lorg/eclipse/jdt/internal/compiler/lookup/TypeBinding; 0 [Lorg/eclipse/jdt/internal/compiler/lookup/TypeBinding;
staticfield org/eclipse/jdt/internal/compiler/lookup/Binding NO_EXCEPTIONS [Lorg/eclipse/jdt/internal/compiler/lookup/ReferenceBinding; 0 [Lorg/eclipse/jdt/internal/compiler/lookup/ReferenceBinding;
staticfield org/eclipse/jdt/internal/compiler/lookup/Binding ANY_EXCEPTION [Lorg/eclipse/jdt/internal/compiler/lookup/ReferenceBinding; 1 [Lorg/eclipse/jdt/internal/compiler/lookup/ReferenceBinding;
staticfield org/eclipse/jdt/internal/compiler/lookup/Binding NO_FIELDS [Lorg/eclipse/jdt/internal/compiler/lookup/FieldBinding; 0 [Lorg/eclipse/jdt/internal/compiler/lookup/FieldBinding;
staticfield org/eclipse/jdt/internal/compiler/lookup/Binding NO_METHODS [Lorg/eclipse/jdt/internal/compiler/lookup/MethodBinding; 0 [Lorg/eclipse/jdt/internal/compiler/lookup/MethodBinding;
staticfield org/eclipse/jdt/internal/compiler/lookup/Binding NO_PERMITTED_TYPES [Lorg/eclipse/jdt/internal/compiler/lookup/ReferenceBinding; 0 [Lorg/eclipse/jdt/internal/compiler/lookup/ReferenceBinding;
staticfield org/eclipse/jdt/internal/compiler/lookup/Binding NO_SUPERINTERFACES [Lorg/eclipse/jdt/internal/compiler/lookup/ReferenceBinding; 0 [Lorg/eclipse/jdt/internal/compiler/lookup/ReferenceBinding;
staticfield org/eclipse/jdt/internal/compiler/lookup/Binding NO_MEMBER_TYPES [Lorg/eclipse/jdt/internal/compiler/lookup/ReferenceBinding; 0 [Lorg/eclipse/jdt/internal/compiler/lookup/ReferenceBinding;
staticfield org/eclipse/jdt/internal/compiler/lookup/Binding NO_TYPE_VARIABLES [Lorg/eclipse/jdt/internal/compiler/lookup/TypeVariableBinding; 0 [Lorg/eclipse/jdt/internal/compiler/lookup/TypeVariableBinding;
staticfield org/eclipse/jdt/internal/compiler/lookup/Binding NO_ANNOTATIONS [Lorg/eclipse/jdt/internal/compiler/lookup/AnnotationBinding; 0 [Lorg/eclipse/jdt/internal/compiler/lookup/AnnotationBinding;
staticfield org/eclipse/jdt/internal/compiler/lookup/Binding AWAITED_ANNOTATIONS [Lorg/eclipse/jdt/internal/compiler/lookup/AnnotationBinding; 0 [Lorg/eclipse/jdt/internal/compiler/lookup/AnnotationBinding;
staticfield org/eclipse/jdt/internal/compiler/lookup/Binding NO_ELEMENT_VALUE_PAIRS [Lorg/eclipse/jdt/internal/compiler/lookup/ElementValuePair; 0 [Lorg/eclipse/jdt/internal/compiler/lookup/ElementValuePair;
staticfield org/eclipse/jdt/internal/compiler/lookup/Binding NO_PARAMETER_NAMES [[C 0 [[C
staticfield org/eclipse/jdt/internal/compiler/lookup/Binding NO_COMPONENTS [Lorg/eclipse/jdt/internal/compiler/lookup/RecordComponentBinding; 0 [Lorg/eclipse/jdt/internal/compiler/lookup/RecordComponentBinding;
staticfield org/eclipse/jdt/internal/compiler/lookup/Binding UNINITIALIZED_FIELDS [Lorg/eclipse/jdt/internal/compiler/lookup/FieldBinding; 0 [Lorg/eclipse/jdt/internal/compiler/lookup/FieldBinding;
staticfield org/eclipse/jdt/internal/compiler/lookup/Binding UNINITIALIZED_METHODS [Lorg/eclipse/jdt/internal/compiler/lookup/MethodBinding; 0 [Lorg/eclipse/jdt/internal/compiler/lookup/MethodBinding;
staticfield org/eclipse/jdt/internal/compiler/lookup/Binding UNINITIALIZED_COMPONENTS [Lorg/eclipse/jdt/internal/compiler/lookup/RecordComponentBinding; 0 [Lorg/eclipse/jdt/internal/compiler/lookup/RecordComponentBinding;
staticfield org/eclipse/jdt/internal/compiler/lookup/Binding UNINITIALIZED_REFERENCE_TYPES [Lorg/eclipse/jdt/internal/compiler/lookup/ReferenceBinding; 0 [Lorg/eclipse/jdt/internal/compiler/lookup/ReferenceBinding;
staticfield org/eclipse/jdt/internal/compiler/lookup/Binding NO_INFERENCE_VARIABLES [Lorg/eclipse/jdt/internal/compiler/lookup/InferenceVariable; 0 [Lorg/eclipse/jdt/internal/compiler/lookup/InferenceVariable;
staticfield org/eclipse/jdt/internal/compiler/lookup/Binding NO_TYPE_BOUNDS [Lorg/eclipse/jdt/internal/compiler/lookup/TypeBound; 0 [Lorg/eclipse/jdt/internal/compiler/lookup/TypeBound;
instanceKlass org/eclipse/jdt/internal/compiler/lookup/PolyTypeBinding
instanceKlass org/eclipse/jdt/internal/compiler/lookup/ArrayBinding
instanceKlass org/eclipse/jdt/internal/compiler/lookup/BaseTypeBinding
instanceKlass org/eclipse/jdt/internal/compiler/lookup/ReferenceBinding
ciInstanceKlass org/eclipse/jdt/internal/compiler/lookup/TypeBinding 1 1 816 7 1 7 1 1 1 1 1 1 1 1 1 1 1 1 1 1 1 1 1 1 1 1 1 1 1 1 1 1 1 10 7 1 12 1 1 9 12 7 1 10 12 1 9 12 7 1 100 1 9 7 1 12 1 10 12 1 9 12 9 12 9 12 9 12 9 12 9 12 9 12 9 12 9 12 9 12 9 12 9 12 9 12 9 12 9 12 7 1 10 9 12 7 1 10 9 12 9 12 1 1 1 10 3 9 12 9 12 1 9 12 1 1 1 9 12 1 1 5 0 1 1 1 10 7 1 12 1 1 10 12 1 10 12 1 1 1 1 1 1 100 1 8 1 10 12 1 1 1 1 1 10 12 1 100 1 10 12 1 10 12 10 12 1 1 10 12 1 10 12 1 1 9 12 1 8 1 10 12 1 10 12 1 1 10 12 1 10 12 1 1 1 1 1 1 100 1 1 1 1 1 1 1 10 12 1 1 1 1 1 1 1 1 1 1 1 1 1 1 1 1 1 1 100 1 8 1 10 12 1 1 1 10 12 1 100 1 10 12 1 10 12 1 1 1 1 1 1 1 1 9 100 1 12 1 1 1 1 9 12 1 1 1 1 1 10 12 1 1 10 12 100 1 1 1 7 1 9 10 12 1 10 10 12 1 10 12 1 1 9 12 1 1 10 7 1 12 1 1 10 12 1 1 1 1 1 1 1 1 1 1 1 1 1 100 10 12 1 7 1 10 12 9 12 10 12 1 9 12 10 12 10 12 1 1 10 100 1 12 1 1 10 12 1 7 1 9 12 1 10 12 1 7 1 10 12 1 10 1 1 1 1 1 1 1 1 1 1 1 1 1 7 1 10 7 1 10 12 1 10 7 1 12 1 1 11 7 1 12 1 9 12 1 1 11 12 1 7 1 11 12 1 1 7 1 1 1 1 10 12 1 1 1 10 12 1 1 10 9 12 10 12 9 12 7 1 10 9 9 10 1 1 1 1 1 1 1 1 1 1 1 1 100 1 5 0 1 5 0 1 1 10 12 1 1 1 1 1 1 10 12 10 12 1 1 1 1 1 10 12 1 1 1 1 10 10 12 1 1 1 1 10 12 1 1 1 5 0 1 1 1 1 5 0 1 5 0 1 5 0 1 1 1 5 0 1 1 1 7 1 9 12 1 1 10 12 1 10 12 1 10 10 12 10 12 1 1 1 1 1 1 1 1 1 1 1 1 1 1 10 12 10 12 1 10 12 1 10 10 12 1 10 12 1 10 12 1 9 5 0 10 12 10 12 10 12 1 1 1 1 1 1 9 12 9 12 10 100 1 9 9 12 1 9 12 1 9 10 12 1 1 10 12 1 1 1 1 1 1 1 1 1 1 1 1 1 1 1 1 10 10 12 10 10 12 7 1 9 12 1 10 100 1 10 1 1 1 1 1 1 10 12 9 12 1 9 12 1 100 1 10 12 1 1 9 12 10 9 12 10 12 1 10 12 1 10 12 1 9 12 1 10 12 9 9 12 10 12 10 12 10 10 12 1 1 1 1 1 1 1 1 1 1 10 10 1 1 1 10 12 1 1 1 1 10 12 1 1 5 0 1 9 12 1 100 1 1 1 10 12 9 100 1 12 1 1 9 100 1 12 1 9 12 1 10 1 1 100 1 1 1 10 100 1 12 1 1 9 100 1 12 1 10 12 1 1 5 0 5 0 1 1 1 1 10 12 1 9 1 1 1 9 12 1 1 1 1 1 1 1 1 1 1 1 1 1 1 1 1 10 12 1 1 1 1 1 1 1 9 12 1 1 1 1 1 9 12 1 9 12 1 1 1 1 1 1 1 1 1 1 1 1 1 1 1
staticfield org/eclipse/jdt/internal/compiler/lookup/TypeBinding TYPE_USE_BINDING Lorg/eclipse/jdt/internal/compiler/lookup/ReferenceBinding; org/eclipse/jdt/internal/compiler/lookup/TypeBinding$1
staticfield org/eclipse/jdt/internal/compiler/lookup/TypeBinding INT Lorg/eclipse/jdt/internal/compiler/lookup/BaseTypeBinding; org/eclipse/jdt/internal/compiler/lookup/BaseTypeBinding
staticfield org/eclipse/jdt/internal/compiler/lookup/TypeBinding BYTE Lorg/eclipse/jdt/internal/compiler/lookup/BaseTypeBinding; org/eclipse/jdt/internal/compiler/lookup/BaseTypeBinding
staticfield org/eclipse/jdt/internal/compiler/lookup/TypeBinding SHORT Lorg/eclipse/jdt/internal/compiler/lookup/BaseTypeBinding; org/eclipse/jdt/internal/compiler/lookup/BaseTypeBinding
staticfield org/eclipse/jdt/internal/compiler/lookup/TypeBinding CHAR Lorg/eclipse/jdt/internal/compiler/lookup/BaseTypeBinding; org/eclipse/jdt/internal/compiler/lookup/BaseTypeBinding
staticfield org/eclipse/jdt/internal/compiler/lookup/TypeBinding LONG Lorg/eclipse/jdt/internal/compiler/lookup/BaseTypeBinding; org/eclipse/jdt/internal/compiler/lookup/BaseTypeBinding
staticfield org/eclipse/jdt/internal/compiler/lookup/TypeBinding FLOAT Lorg/eclipse/jdt/internal/compiler/lookup/BaseTypeBinding; org/eclipse/jdt/internal/compiler/lookup/BaseTypeBinding
staticfield org/eclipse/jdt/internal/compiler/lookup/TypeBinding DOUBLE Lorg/eclipse/jdt/internal/compiler/lookup/BaseTypeBinding; org/eclipse/jdt/internal/compiler/lookup/BaseTypeBinding
staticfield org/eclipse/jdt/internal/compiler/lookup/TypeBinding BOOLEAN Lorg/eclipse/jdt/internal/compiler/lookup/BaseTypeBinding; org/eclipse/jdt/internal/compiler/lookup/BaseTypeBinding
staticfield org/eclipse/jdt/internal/compiler/lookup/TypeBinding NULL Lorg/eclipse/jdt/internal/compiler/lookup/NullTypeBinding; org/eclipse/jdt/internal/compiler/lookup/NullTypeBinding
staticfield org/eclipse/jdt/internal/compiler/lookup/TypeBinding VOID Lorg/eclipse/jdt/internal/compiler/lookup/VoidTypeBinding; org/eclipse/jdt/internal/compiler/lookup/VoidTypeBinding
staticfield org/eclipse/jdt/internal/compiler/lookup/TypeBinding NUMERIC_TYPES [Lorg/eclipse/jdt/internal/compiler/lookup/TypeBinding; 7 [Lorg/eclipse/jdt/internal/compiler/lookup/TypeBinding;
staticfield org/eclipse/jdt/internal/compiler/lookup/TypeBinding $assertionsDisabled Z 1
instanceKlass org/eclipse/jdt/internal/compiler/ast/LambdaExpression$1LambdaTypeBinding
instanceKlass org/eclipse/jdt/internal/compiler/lookup/UnresolvedReferenceBinding
instanceKlass org/eclipse/jdt/internal/compiler/lookup/BinaryTypeBinding
instanceKlass org/eclipse/jdt/internal/compiler/lookup/IntersectionTypeBinding18
instanceKlass org/eclipse/jdt/internal/compiler/lookup/ParameterizedTypeBinding
instanceKlass org/eclipse/jdt/internal/compiler/lookup/ReferenceBinding$1
instanceKlass org/eclipse/jdt/internal/compiler/lookup/WildcardBinding
instanceKlass org/eclipse/jdt/internal/compiler/lookup/TypeBinding$1
instanceKlass org/eclipse/jdt/internal/compiler/lookup/TypeVariableBinding
instanceKlass org/eclipse/jdt/internal/compiler/lookup/ProblemReferenceBinding
instanceKlass org/eclipse/jdt/internal/compiler/lookup/SourceTypeBinding
ciInstanceKlass org/eclipse/jdt/internal/compiler/lookup/ReferenceBinding 1 1 1660 7 1 7 1 1 1 1 1 1 1 1 1 1 1 1 1 1 1 1 1 1 1 1 1 1 1 1 1 1 1 1 1 1 1 1 1 1 1 7 1 8 1 10 12 1 1 9 12 7 1 10 12 9 12 7 1 10 9 12 7 1 10 9 12 7 1 9 7 1 12 1 100 1 10 12 1 9 12 18 12 1 1 9 12 1 1 100 1 1 10 12 1 9 12 9 12 9 12 9 12 9 12 9 12 9 12 9 12 9 12 9 12 1 1 10 1 1 1 1 1 9 7 1 12 10 12 1 1 1 1 1 1 1 1 1 1 100 100 1 5 0 9 7 1 12 1 10 7 1 12 1 1 1 1 1 1 1 7 10 7 1 12 1 1 1 1 1 1 1 1 1 1 1 1 1 10 7 1 12 1 1 1 1 1 1 1 1 1 1 10 12 1 1 1 10 12 1 1 1 9 12 1 1 100 1 5 0 1 1 1 1 1 10 12 1 10 12 1 1 1 10 12 1 1 7 1 9 12 1 1 9 100 1 12 1 1 9 100 1 12 1 1 9 100 1 12 1 1 10 12 1 10 12 1 10 12 1 1 10 12 1 10 12 1 1 10 12 1 10 12 1 1 10 10 12 1 10 12 1 10 12 1 10 10 12 1 1 1 1 1 1 1 1 1 1 1 1 1 1 1 10 7 1 12 1 1 10 12 1 1 9 10 10 1 1 1 10 12 1 10 12 1 100 1 3 9 7 1 12 1 1 10 12 1 100 1 10 12 1 10 12 1 10 12 1 1 10 12 1 10 12 1 10 7 1 8 1 10 12 1 10 12 1 1 10 12 1 1 1 1 1 1 1 1 1 1 1 100 1 9 12 1 10 12 1 9 12 1 9 12 1 9 12 1 9 12 1 9 12 1 9 12 1 9 12 1 9 12 1 9 12 1 9 12 1 9 12 1 9 12 1 9 12 1 9 12 1 9 12 1 9 12 1 9 12 1 9 12 1 9 12 1 9 12 1 9 12 1 9 12 1 9 12 1 9 12 1 9 12 1 9 12 1 9 12 1 9 12 1 9 12 1 9 12 1 9 12 1 9 12 1 9 12 1 9 12 1 9 12 1 9 12 1 9 12 1 9 12 1 9 12 1 9 12 1 9 12 1 9 12 1 9 12 1 9 12 1 9 12 1 9 12 1 9 12 1 9 12 1 9 12 1 9 12 1 9 12 1 9 12 1 9 12 1 9 12 1 9 12 1 9 12 1 9 12 1 9 12 1 9 12 1 9 12 1 9 12 1 9 12 1 9 12 1 9 12 1 9 12 1 9 12 1 9 12 1 9 12 1 9 12 1 9 12 1 9 12 1 9 12 1 9 12 1 9 12 1 9 12 1 9 12 1 9 12 1 9 12 1 9 12 1 9 12 1 9 12 1 9 12 1 9 12 1 9 12 1 9 12 1 9 12 1 9 12 1 9 12 1 9 12 1 9 12 1 9 12 1 1 1 1 1 10 7 1 12 1 1 1 1 1 1 10 12 1 1 1 1 10 12 1 10 12 1 100 1 10 12 1 10 12 1 8 1 1 1 1 5 0 5 0 9 12 1 10 12 1 10 12 1 1 100 1 10 12 1 1 9 12 1 10 100 1 12 1 1 10 12 1 10 12 5 0 1 1 1 1 1 1 100 1 1 1 1 1 9 100 1 1 1 1 1 1 3 1 1 10 12 10 12 1 1 1 10 12 1 1 1 1 1 10 12 1 10 12 1 1 9 100 1 10 12 1 1 1 1 100 1 1 9 100 1 12 1 1 100 1 1 100 1 1 1 1 1 1 1 1 1 1 1 1 1 1 1 1 10 12 1 1 10 12 1 1 100 1 1 9 12 1 1 10 12 1 1 1 1 1 10 12 1 9 1 1 10 7 1 12 10 12 1 1 1 10 10 12 1 1 10 12 1 9 12 1 10 7 1 12 1 1 1 1 1 1 1 1 1 1 1 1 1 1 10 12 1 10 12 1 10 12 10 100 1 12 1 1 1 1 1 1 3 1 1 1 1 1 10 12 1 1 1 1 1 10 12 10 12 1 1 1 1 1 5 0 1 3 1 1 100 1 9 12 1 1 1 1 1 10 12 10 12 1 1 1 1 1 1 10 12 10 1 1 1 1 10 9 7 1 10 11 7 1 12 1 1 7 1 9 12 1 1 9 12 1 11 12 1 1 10 12 1 9 12 1 1 10 12 1 10 7 1 9 12 1 10 12 1 10 12 10 10 12 1 100 1 9 12 1 10 12 1 10 12 10 12 1 1 10 10 12 1 1 1 1 1 1 1 1 3 1 3 1 1 10 12 1 10 12 1 10 12 1 1 10 12 1 1 1 1 1 100 10 12 10 12 1 1 1 1 1 3 1 1 1 5 0 1 5 0 1 1 10 12 10 10 12 10 12 1 9 12 1 1 1 10 12 1 1 10 12 1 1 10 12 1 5 0 1 10 7 1 12 1 1 1 1 1 1 3 1 9 12 1 1 1 10 12 1 1 1 1 1 10 9 12 1 1 1 1 1 1 10 12 10 12 10 12 1 1 10 12 10 1 1 1 1 1 9 7 1 12 1 10 12 1 9 12 1 1 10 100 1 12 1 10 12 10 12 1 5 0 9 12 1 5 0 9 12 1 1 1 1 1 1 100 1 1 10 12 1 1 7 1 1 1 1 1 1 10 12 9 12 1 10 1 1 1 1 10 12 1 1 1 1 1 1 1 1 1 10 12 1 1 10 12 1 10 12 10 12 10 1 1 10 12 10 10 12 10 12 1 1 1 11 12 1 10 10 12 1 10 12 1 1 1 1 1 9 12 1 1 1 9 12 1 9 12 1 9 12 1 9 12 1 9 12 1 9 12 1 9 12 1 1 9 12 1 9 12 1 10 12 5 0 9 12 1 10 12 1 1 10 12 1 1 1 100 10 12 1 1 1 10 12 1 9 12 1 9 12 1 1 10 12 1 9 12 10 9 5 0 10 12 1 10 10 12 1 1 1 1 1 1 1 10 12 1 9 12 1 7 1 10 10 12 1 1 18 11 7 1 12 1 1 18 12 1 1 11 12 1 1 10 100 1 12 1 1 10 100 1 12 1 1 10 12 1 1 18 12 1 1 11 12 1 1 1 1 1 1 10 18 12 1 18 12 1 18 12 1 11 12 1 1 11 12 1 1 1 1 1 1 1 10 12 10 12 1 1 10 7 1 12 1 1 10 12 9 12 10 12 1 1 10 12 1 10 12 1 10 100 1 12 1 1 10 12 1 1 9 12 1 9 9 12 10 12 1 1 1 1 1 1 1 1 1 1 1 1 1 1 1 1 1 1 1 1 1 1 1 1 1 10 12 10 10 12 1 10 12 1 10 1 1 1 1 9 12 1 1 10 12 1 10 12 1 1 10 1 1 1 100 1 8 1 10 10 12 1 10 12 1 1 10 12 1 10 10 12 11 7 1 12 1 1 11 12 1 1 11 100 1 12 1 11 12 1 1 11 12 1 11 12 1 100 1 10 1 1 1 1 10 12 10 12 1 1 1 1 1 1 1 1 1 1 1 10 12 1 1 1 1 1 1 1 1 1 1 1 1 1 1 1 1 1 1 1 10 7 1 12 1 1 15 1 16 10 12 15 16 16 10 12 15 16 1 16 10 12 15 16 16 10 12 15 16 16 10 12 15 16 16 10 12 15 16 16 10 12 15 1 16 1 100 1 100 1 1 1 1
staticfield org/eclipse/jdt/internal/compiler/lookup/ReferenceBinding DYSFUNCTIONAL_INTERFACE_EXCEPTION Lorg/eclipse/jdt/internal/compiler/lookup/ReferenceBinding$DysfunctionalInterfaceException; org/eclipse/jdt/internal/compiler/lookup/ReferenceBinding$DysfunctionalInterfaceException
staticfield org/eclipse/jdt/internal/compiler/lookup/ReferenceBinding LUB_GENERIC Lorg/eclipse/jdt/internal/compiler/lookup/ReferenceBinding; org/eclipse/jdt/internal/compiler/lookup/ReferenceBinding$1
staticfield org/eclipse/jdt/internal/compiler/lookup/ReferenceBinding FIELD_COMPARATOR Ljava/util/Comparator; org/eclipse/jdt/internal/compiler/lookup/ReferenceBinding$2
staticfield org/eclipse/jdt/internal/compiler/lookup/ReferenceBinding METHOD_COMPARATOR Ljava/util/Comparator; org/eclipse/jdt/internal/compiler/lookup/ReferenceBinding$3
staticfield org/eclipse/jdt/internal/compiler/lookup/ReferenceBinding BASIC_MEMBER_TYPES_COMPARATOR Ljava/util/Comparator; org/eclipse/jdt/internal/compiler/lookup/ReferenceBinding$$Lambda+0x000001c510260200
instanceKlass org/eclipse/jdt/internal/compiler/lookup/SplitPackageBinding
instanceKlass org/eclipse/jdt/internal/compiler/lookup/PlainPackageBinding
ciInstanceKlass org/eclipse/jdt/internal/compiler/lookup/PackageBinding 1 1 454 7 1 7 1 100 1 1 1 1 1 1 1 1 1 1 1 1 1 1 1 1 1 1 1 1 1 1 1 1 1 10 12 1 9 12 9 12 9 12 1 1 1 1 9 12 9 12 7 1 10 12 1 9 12 9 7 1 12 1 10 12 1 9 12 100 1 8 1 10 12 1 1 100 7 1 7 1 1 1 9 12 1 1 9 12 1 1 10 12 1 1 1 1 1 7 1 10 9 12 1 1 10 12 1 1 1 9 12 1 1 100 1 5 0 10 12 1 1 1 1 1 9 7 1 9 10 12 1 10 12 1 1 7 1 10 12 1 1 9 12 1 1 9 7 1 12 1 9 12 1 10 12 1 9 12 1 10 12 1 1 9 12 10 7 1 12 1 1 11 7 1 12 1 1 7 1 9 10 12 1 1 11 12 1 1 1 1 1 1 1 100 1 1 5 0 1 1 1 10 12 1 1 1 1 1 10 12 1 1 10 12 1 1 1 10 12 1 1 10 12 10 12 1 1 10 12 1 1 1 1 10 12 1 10 12 1 1 10 12 10 7 1 12 1 1 10 12 1 100 1 100 1 10 12 1 10 12 1 1 1 1 1 10 12 1 1 1 1 10 12 1 9 12 1 10 12 1 1 1 1 1 1 1 9 12 1 100 1 9 12 1 10 12 10 12 1 5 0 5 0 1 1 10 12 1 1 100 1 9 9 1 1 10 12 10 12 1 1 1 1 1 10 100 1 12 1 1 11 100 1 12 1 1 1 1 1 1 1 1 10 12 1 1 10 12 1 1 1 1 100 1 10 12 1 1 1 1 1 1 1 1 1 8 1 10 12 1 8 1 18 12 1 1 18 1 1 100 1 1 1 1 1 9 12 9 12 1 9 7 1 12 1 10 12 1 1 9 12 1 1 1 1 1 1 9 12 1 1 9 12 1 9 12 1 1 7 1 10 12 1 11 12 1 1 1 1 1 100 1 1 10 10 12 1 1 1 1 10 100 1 12 1 15 8 1 8 1 1 100 1 100 1 1
instanceKlass org/eclipse/jdt/internal/compiler/lookup/ProblemPackageBinding
ciInstanceKlass org/eclipse/jdt/internal/compiler/lookup/PlainPackageBinding 1 1 96 7 1 7 1 1 1 1 1 1 10 7 1 12 1 1 9 12 1 1 1 1 1 7 1 10 12 1 1 1 1 1 1 1 1 1 9 7 1 12 1 1 9 7 1 12 1 10 1 1 1 1 10 12 1 1 9 12 1 1 1 100 1 10 100 1 12 1 1 18 12 1 1 10 12 1 10 12 1 1 1 1 10 100 1 12 1 15 8 1 1 100 1 100 1 1
staticfield org/eclipse/jdt/internal/compiler/lookup/PlainPackageBinding $assertionsDisabled Z 1
ciInstanceKlass org/eclipse/jdt/internal/core/IJavaElementRequestor 1 0 22 100 1 100 1 1 1 1 1 1 1 1 1 1 1 1 1 1 1 1 1 1
ciInstanceKlass org/eclipse/jdt/internal/compiler/lookup/HotSwappable 1 0 9 100 1 100 1 1 1 1 1
ciInstanceKlass org/eclipse/jdt/internal/compiler/env/IUpdatableModule 1 0 30 100 1 100 1 1 1 1 1 1 1 1 1 1 1 1 1 100 1 1 100 1 1 100 1 1 100 1 1 1
instanceKlass org/eclipse/jdt/internal/compiler/lookup/BinaryModuleBinding$AutomaticModuleBinding
instanceKlass org/eclipse/jdt/internal/compiler/lookup/BinaryModuleBinding
instanceKlass org/eclipse/jdt/internal/compiler/lookup/ModuleBinding$UnNamedModule
instanceKlass org/eclipse/jdt/internal/compiler/lookup/SourceModuleBinding
ciInstanceKlass org/eclipse/jdt/internal/compiler/lookup/ModuleBinding 1 1 965 7 1 7 1 100 1 1 1 1 1 1 1 1 1 1 1 1 1 1 1 1 1 1 1 1 1 1 1 1 1 1 1 1 1 1 1 1 1 1 1 1 1 1 1 1 1 1 1 1 1 1 1 1 1 10 7 1 12 1 1 9 12 8 1 10 7 1 12 1 1 9 12 8 1 9 12 9 12 9 12 9 12 1 1 1 1 1 10 12 9 12 9 12 9 12 10 7 1 12 1 1 9 12 9 12 9 12 9 12 9 12 1 9 12 9 12 9 12 1 9 12 9 12 7 1 10 9 12 10 7 1 12 1 1 1 1 1 1 9 12 1 9 12 9 12 10 12 1 1 7 1 9 12 1 10 12 1 1 1 1 9 12 1 1 10 12 1 1 1 1 9 12 11 7 1 12 1 1 7 1 9 12 1 100 10 12 1 1 10 7 1 12 1 1 9 12 1 1 1 1 1 1 1 1 1 9 12 1 1 9 12 100 1 1 1 1 9 12 1 1 1 1 1 10 12 1 1 9 12 1 1 7 1 11 12 1 1 1 1 10 12 1 1 10 100 1 12 1 1 9 12 1 1 10 100 1 12 1 1 1 1 1 1 10 12 1 1 10 12 1 1 10 7 1 12 1 10 12 1 1 1 1 1 1 1 9 12 1 1 9 12 1 1 10 12 1 10 12 1 1 11 12 1 11 7 1 12 1 1 11 100 1 12 1 1 100 1 9 12 1 10 7 1 11 12 1 9 12 1 1 1 100 1 1 10 12 1 10 12 1 1 1 1 1 10 12 1 10 12 1 1 1 1 10 12 10 12 1 1 10 12 1 1 10 12 1 1 9 12 1 1 9 12 1 1 1 1 9 100 1 12 1 1 9 12 1 10 12 1 1 10 12 1 7 1 10 10 11 12 1 1 1 1 100 1 1 1 1 10 12 10 12 11 7 1 12 1 1 1 7 1 1 1 10 12 18 12 1 1 11 12 1 1 1 1 1 18 1 1 1 18 12 1 1 18 1 10 12 11 7 1 12 11 12 1 1 9 10 12 1 1 9 7 1 12 1 10 12 1 1 9 12 1 11 12 11 12 1 11 12 1 1 1 1 1 1 1 1 10 12 1 1 10 12 1 1 9 12 1 10 12 10 12 1 1 10 12 1 10 12 1 1 10 12 1 1 1 1 1 1 1 100 1 10 12 1 1 1 10 9 12 1 9 12 10 12 1 1 9 12 1 11 12 1 10 12 1 1 10 12 7 1 10 10 12 11 7 1 11 12 1 10 7 1 12 1 1 11 100 1 12 1 10 12 1 1 100 1 10 10 10 12 1 9 10 1 1 1 1 1 1 1 1 1 1 1 1 1 9 12 1 10 12 1 1 10 12 1 1 11 12 1 1 18 12 1 1 11 12 1 1 10 7 1 12 1 1 11 12 1 1 1 1 10 12 1 10 12 18 12 1 1 11 12 1 1 18 12 1 18 10 12 10 12 1 1 1 10 12 1 1 10 12 1 1 10 12 1 1 1 1 1 100 1 10 10 12 1 8 1 10 12 1 1 10 10 12 18 12 1 1 8 1 8 1 8 1 10 12 1 8 1 8 1 8 1 8 1 8 1 8 1 8 1 8 1 10 100 1 12 1 8 1 8 1 8 1 8 1 11 12 1 8 1 8 1 10 12 1 1 1 1 1 1 1 1 1 9 12 100 1 1 9 12 1 1 100 1 5 0 1 1 9 12 7 1 10 10 12 11 100 1 1 1 1 10 12 1 1 1 1 9 12 1 1 9 100 1 12 1 1 1 1 1 10 12 100 1 1 1 1 1 1 10 12 9 12 1 1 10 12 1 1 1 1 100 1 1 10 12 1 1 1 1 11 12 1 10 10 12 1 10 12 1 1 1 1 11 10 12 1 1 1 18 12 18 12 1 18 11 12 1 1 18 1 1 1 1 1 1 1 10 1 1 1 1 1 1 1 10 7 1 12 1 1 15 1 16 10 12 15 1 16 16 10 12 15 16 16 10 12 15 16 16 10 12 15 16 16 10 12 15 16 16 10 12 15 16 16 10 12 15 16 16 10 7 1 12 1 15 16 10 100 1 12 1 15 8 1 16 15 1 16 1 16 10 12 15 16 16 10 7 1 12 1 1 15 1 16 16 10 12 15 16 1 100 1 100 1 1 1 100 1 1
staticfield org/eclipse/jdt/internal/compiler/lookup/ModuleBinding UNNAMED [C 0
staticfield org/eclipse/jdt/internal/compiler/lookup/ModuleBinding ALL_UNNAMED [C 11
staticfield org/eclipse/jdt/internal/compiler/lookup/ModuleBinding ANY [C 0
staticfield org/eclipse/jdt/internal/compiler/lookup/ModuleBinding ANY_NAMED [C 0
staticfield org/eclipse/jdt/internal/compiler/lookup/ModuleBinding UNOBSERVABLE [C 0
staticfield org/eclipse/jdt/internal/compiler/lookup/ModuleBinding $assertionsDisabled Z 1
instanceKlass org/eclipse/jdt/internal/compiler/lookup/UnresolvedAnnotationBinding
ciInstanceKlass org/eclipse/jdt/internal/compiler/lookup/AnnotationBinding 1 1 377 7 1 7 1 1 1 1 1 1 1 1 100 1 5 0 10 12 1 1 9 7 1 12 1 1 100 1 5 0 5 0 5 0 5 0 5 0 5 0 5 0 5 0 5 0 10 100 1 12 1 1 10 12 1 1 10 12 1 9 100 1 12 1 1 10 100 1 12 1 1 10 12 1 1 9 12 1 9 12 1 9 12 1 9 12 1 9 12 1 10 12 1 9 12 1 1 1 1 1 1 1 1 1 1 1 1 1 1 1 1 1 1 1 100 10 12 1 1 10 12 1 1 100 1 9 12 1 9 100 1 12 1 10 12 1 1 1 1 1 9 12 1 10 12 1 1 9 12 1 1 10 12 1 1 5 0 9 12 1 5 0 9 12 1 9 12 1 7 1 9 12 1 10 12 1 1 1 1 1 1 9 12 1 5 0 10 12 1 5 0 5 0 5 0 5 0 5 0 5 0 5 0 5 0 5 0 5 0 5 0 5 0 9 12 1 10 12 9 12 1 9 12 1 9 12 1 9 12 1 9 12 1 9 12 1 9 12 1 9 12 1 9 12 1 9 12 1 9 12 1 1 1 1 1 100 10 12 1 9 12 9 12 1 1 9 100 1 12 1 1 10 12 1 1 1 1 1 1 10 12 1 1 1 1 1 1 1 1 10 12 1 1 10 12 1 1 10 12 1 1 1 1 1 1 1 1 1 100 1 10 12 1 10 12 1 1 9 12 1 10 12 1 10 100 1 12 1 1 9 12 10 12 1 8 1 10 12 1 10 12 1 1 1 1 1 10 12 10 12 10 7 1 12 1 1 1 9 12 1 1 10 12 1 10 12 1 1 1 1 1 1 1 1 100 1 1
instanceKlass org/eclipse/jdt/internal/compiler/SourceElementParser$1
instanceKlass org/eclipse/jdt/internal/codeassist/SelectionEngine$1
ciInstanceKlass org/eclipse/jdt/internal/compiler/problem/ProblemReporter 1 1 5325 7 1 7 1 1 1 1 1 1 1 1 3 1 3 1 3 1 1 1 1 1 1 1 1 1 1 1 1 1 1 1 1 1 1 1 10 7 1 12 1 1 9 12 8 1 9 12 8 1 9 12 8 1 9 12 8 1 9 12 8 1 9 12 8 1 9 12 8 1 9 12 7 1 10 12 1 9 12 11 7 1 12 1 1 1 1 1 1 10 12 1 1 1 1 1 1 1 1 1 1 1 1 1 1 1 7 1 3 3 3 3 3 3 3 3 3 3 3 3 3 3 3 3 3 3 3 3 3 3 3 3 3 3 3 3 3 3 3 3 3 3 3 3 3 3 3 3 3 3 3 3 3 3 3 3 3 3 3 3 3 3 3 3 3 3 3 3 3 3 3 3 3 3 3 3 3 3 3 3 3 3 3 1 1 1 100 1 10 12 100 1 100 1 3 3 1 1 1 1 10 12 1 1 7 1 9 7 1 12 1 9 12 1 10 12 1 1 1 1 1 1 100 1 1 3 1 1 1 1 3 1 1 1 3 1 1 3 10 100 1 12 1 1 10 12 1 9 7 1 12 1 1 10 7 1 12 1 10 10 7 1 12 1 1 10 12 1 10 10 12 1 10 12 10 12 1 1 1 1 1 1 1 10 12 1 10 12 1 10 12 1 9 12 1 1 10 100 1 12 1 1 9 100 1 12 1 1 10 7 1 12 1 1 9 100 1 12 1 1 9 100 1 12 1 3 9 9 3 1 1 1 1 1 1 1 3 10 10 3 1 3 9 10 12 1 1 3 10 10 1 1 3 1 1 3 9 12 1 10 12 1 1 10 12 1 1 1 1 3 1 1 1 10 12 1 1 3 1 1 1 1 10 7 1 12 1 1 3 10 10 9 100 1 9 3 1 1 1 1 1 1 1 3 9 100 1 9 1 1 1 3 1 1 3 9 100 1 9 1 1 1 1 3 9 100 1 9 1 1 1 3 1 1 3 1 1 1 1 3 9 100 1 9 1 1 1 1 1 1 1 3 1 3 1 1 3 3 1 1 3 1 1 9 100 1 3 1 1 1 1 3 9 12 1 1 3 1 1 3 10 12 1 9 100 1 9 9 12 1 1 1 1 1 9 100 1 9 1 1 1 3 9 7 1 9 1 1 1 1 3 1 1 9 12 10 12 1 10 12 1 3 3 1 1 1 1 1 3 1 3 1 1 9 100 1 12 9 12 1 3 10 10 1 1 1 1 3 9 12 1 10 12 1 3 10 12 1 1 3 1 3 1 9 100 1 9 10 12 1 1 1 1 1 1 3 9 8 1 10 10 10 12 1 1 10 12 1 1 1 9 7 1 12 1 1 100 1 5 0 3 5 0 3 3 10 1 1 1 1 3 1 1 3 9 100 1 9 1 1 1 1 3 1 1 1 10 12 1 1 3 1 1 1 1 1 1 9 7 1 12 1 1 10 12 1 1 3 9 9 10 12 1 1 1 1 1 3 1 1 1 3 10 9 100 1 9 1 1 1 1 1 9 100 1 12 1 9 100 1 12 1 9 100 1 12 1 1 100 1 9 12 1 8 1 10 100 1 12 1 1 3 9 12 1 1 10 100 1 12 1 1 10 100 1 12 1 1 10 100 1 12 1 1 10 12 1 1 10 100 1 12 1 18 12 1 1 3 1 1 1 1 1 1 1 1 10 100 1 3 3 3 1 1 1 1 1 3 1 3 1 3 1 3 1 3 1 1 3 1 1 1 1 3 10 12 1 1 9 10 100 1 10 1 1 3 1 3 1 1 3 9 100 1 10 1 1 1 3 1 3 9 12 1 1 1 10 12 1 3 3 1 1 1 1 1 1 3 1 1 1 1 3 1 1 3 1 3 1 1 1 1 3 1 1 3 1 3 1 3 1 1 9 3 1 1 3 1 1 1 3 1 1 1 1 3 1 9 12 1 9 12 1 9 12 1 8 1 9 12 1 8 1 3 9 12 1 1 1 3 9 100 1 9 1 1 1 1 3 1 1 10 100 1 12 1 3 9 9 1 1 1 1 1 3 10 12 1 1 1 1 1 1 3 1 1 3 1 18 12 1 1 10 12 1 1 9 5 0 3 3 3 3 1 1 1 1 10 100 1 10 12 1 10 12 1 7 1 9 12 1 9 18 12 1 18 3 3 3 3 3 3 3 3 1 1 1 1 1 1 1 1 100 1 3 10 12 1 10 12 1 1 10 12 1 18 12 1 1 10 12 1 1 7 1 9 12 1 1 18 12 1 9 3 3 10 12 1 3 3 1 1 1 1 1 1 18 12 1 9 100 1 10 12 3 3 9 100 1 9 3 3 1 1 1 1 1 1 9 12 1 100 1 5 0 9 12 11 100 1 12 1 100 1 10 100 1 12 1 1 9 12 1 100 1 10 12 1 1 10 100 1 12 9 100 1 12 1 10 12 1 9 12 1 100 1 10 12 1 1 1 1 1 1 1 1 1 1 7 1 100 1 1 1 3 1 1 1 3 9 100 1 9 9 1 1 1 3 1 1 3 1 1 9 100 1 3 9 9 1 1 1 3 1 1 3 9 100 1 9 1 1 1 3 1 1 3 1 1 3 9 1 1 3 1 1 10 12 1 3 10 12 1 3 10 12 1 1 9 12 1 1 10 12 1 3 1 1 1 1 3 1 10 12 1 3 3 1 3 1 3 1 1 3 3 1 1 1 3 9 9 1 1 1 3 1 3 1 1 3 3 1 1 1 9 3 1 1 3 1 1 10 7 1 12 1 1 3 1 1 1 3 9 100 1 9 9 1 1 1 1 10 12 1 3 10 12 1 1 1 3 1 3 10 10 1 1 1 3 1 3 1 3 1 1 7 1 10 8 1 10 12 1 1 10 12 1 3 3 9 10 12 9 9 1 1 1 1 1 1 1 1 1 100 1 100 1 10 12 1 8 1 8 3 1 3 1 3 1 100 1 9 12 1 9 12 1 3 1 1 1 1 9 12 9 12 1 10 12 1 10 12 1 10 12 1 9 12 1 1 9 12 10 12 1 1 9 12 1 10 12 1 9 12 1 3 3 1 1 1 1 1 7 1 1 3 1 1 3 9 100 1 9 1 1 1 3 10 10 1 1 3 10 100 1 1 1 1 1 10 12 10 12 1 1 1 1 11 100 1 11 1 1 1 1 3 10 12 1 1 1 3 10 10 1 9 12 9 12 1 1 9 100 1 9 12 3 11 10 12 1 1 1 1 1 1 1 9 12 1 1 1 1 3 1 1 1 3 3 1 1 3 1 3 3 1 1 9 12 1 10 12 1 9 12 3 1 1 3 1 3 1 1 1 3 1 1 3 1 10 12 1 10 12 1 10 12 1 10 12 1 10 10 12 1 1 10 12 1 8 1 3 3 1 1 1 1 1 1 1 10 12 1 1 9 12 1 3 3 3 10 12 1 3 1 3 1 3 1 3 1 3 1 1 3 1 3 1 3 1 3 1 3 1 1 9 100 1 12 1 3 10 10 1 1 1 3 1 3 1 3 1 1 3 1 3 1 3 1 1 3 3 1 1 1 3 1 3 1 3 1 3 1 3 3 1 10 12 1 1 10 3 3 3 1 1 3 1 3 10 12 1 1 1 3 1 1 9 10 12 1 3 9 9 100 1 3 1 1 1 9 10 12 1 1 3 1 1 3 9 9 1 3 1 1 3 9 100 1 9 1 1 1 1 3 9 12 1 9 1 3 1 3 9 1 3 1 3 1 3 1 3 1 3 1 3 1 3 1 1 9 3 3 10 12 100 1 3 3 3 3 10 7 1 9 12 1 3 9 7 1 9 3 10 12 1 1 1 1 1 1 9 100 1 12 1 1 11 100 1 12 1 1 18 12 1 1 11 100 1 12 1 1 18 12 1 1 11 12 1 1 11 12 1 10 100 1 12 1 1 11 12 1 1 9 3 1 1 1 1 1 1 18 1 1 1 1 1 1 1 18 3 1 1 1 1 10 12 1 10 12 1 3 3 3 1 3 3 100 1 9 12 100 1 9 12 1 1 9 10 12 1 7 1 9 1 1 1 1 100 1 1 10 12 1 3 10 12 1 1 1 3 9 12 1 1 3 1 1 1 3 1 3 1 9 12 3 1 1 1 1 3 1 1 1 1 10 12 1 10 10 1 1 3 1 1 1 1 1 1 1 3 1 1 1 3 1 1 3 9 100 1 1 1 1 1 3 10 1 1 3 1 1 3 9 9 12 9 1 1 3 1 1 10 12 1 9 12 1 9 12 1 3 10 7 1 9 12 1 5 0 10 12 1 3 3 3 3 3 3 3 3 3 100 1 10 9 10 12 1 1 3 10 12 1 1 9 12 1 9 12 1 3 3 3 9 12 3 3 3 9 8 1 10 12 1 10 12 1 1 1 1 1 1 1 1 1 1 1 1 1 1 3 1 1 10 10 12 9 3 10 3 3 18 18 1 1 3 1 3 1 3 1 3 1 1 9 100 1 12 1 9 10 9 9 12 9 12 1 10 12 1 1 3 3 3 1 1 1 1 7 1 9 10 12 1 100 1 9 9 10 12 1 1 1 1 1 1 3 10 12 1 1 9 9 1 3 1 1 3 1 1 3 9 10 12 1 10 12 1 10 12 1 3 3 3 3 3 3 3 10 12 3 3 3 3 3 9 12 1 1 9 100 1 12 1 10 12 1 3 18 12 18 10 12 1 1 3 3 1 1 1 1 1 1 1 1 1 100 1 1 3 1 1 3 10 100 1 12 1 18 18 9 9 1 1 1 1 1 1 1 1 10 100 1 18 18 9 9 1 1 1 10 100 1 9 9 1 1 3 1 3 9 10 12 1 100 1 9 12 7 1 10 12 1 1 11 100 1 12 1 1 11 100 1 12 1 11 12 1 3 3 3 3 9 12 1 9 9 7 1 9 9 7 1 9 9 12 1 7 1 9 12 1 9 9 5 0 1 1 1 1 1 1 1 1 1 1 1 1 3 1 3 1 3 1 3 1 3 1 9 12 1 1 3 9 9 1 1 3 1 3 1 1 3 1 1 1 3 1 3 1 10 12 1 100 1 10 12 1 3 1 1 11 100 1 11 3 3 9 12 1 10 12 1 1 3 1 1 1 1 1 1 1 1 9 100 1 12 1 1 1 10 100 1 12 9 7 1 12 1 1 1 1 1 1 3 9 12 1 10 12 1 1 10 1 1 3 1 1 3 3 1 10 12 1 3 10 12 1 9 3 1 1 3 1 3 1 3 1 1 3 1 1 1 3 1 3 1 1 3 9 100 1 12 1 1 1 3 3 1 1 10 12 1 9 12 1 9 12 1 10 12 1 1 1 1 3 3 3 3 3 3 3 3 1 1 1 3 3 3 9 9 1 3 1 3 1 1 3 9 10 12 1 1 1 3 3 3 3 3 3 3 3 3 1 3 1 3 1 3 1 3 3 1 3 1 3 1 3 1 3 1 3 1 3 1 3 1 3 1 3 1 3 1 3 1 3 1 1 3 3 3 3 3 3 3 1 3 1 3 1 3 1 3 1 3 10 12 1 9 12 1 9 12 1 10 12 1 1 1 1 1 8 1 1 3 1 3 1 3 1 3 9 12 1 9 12 1 1 3 1 1 3 1 3 1 3 1 3 1 1 1 3 1 3 1 3 1 3 1 3 1 3 1 3 1 3 100 1 1 8 1 8 1 8 1 8 1 1 1 3 3 9 9 12 1 10 12 1 3 3 9 9 1 1 3 10 12 1 9 12 1 9 3 1 1 3 1 1 5 0 5 0 3 10 12 1 1 10 12 1 10 12 100 1 9 3 3 9 100 1 100 1 10 12 1 10 3 3 10 12 1 1 9 100 1 12 1 1 3 3 3 3 100 1 100 1 100 1 100 1 9 3 3 1 1 1 1 1 3 9 100 1 9 1 1 1 9 12 1 10 12 1 3 1 3 3 1 1 10 100 1 12 1 1 1 1 1 1 10 12 1 1 10 12 3 10 1 1 1 10 12 1 1 9 12 1 9 12 1 18 12 3 1 1 1 1 100 1 1 10 3 1 3 1 10 12 1 9 12 1 9 10 12 1 3 1 1 9 12 1 1 1 1 1 10 12 1 10 12 10 12 1 5 0 10 12 1 3 3 1 1 3 1 3 1 3 3 1 3 1 3 1 3 1 1 1 3 1 3 1 9 3 9 9 1 3 1 3 1 3 1 3 1 3 1 3 1 3 1 1 9 12 1 10 12 1 1 9 9 10 12 1 1 1 3 3 3 3 1 1 3 3 3 1 1 1 3 1 3 1 3 1 3 1 3 1 3 1 3 10 12 1 100 1 18 10 12 11 12 1 9 12 1 3 1 1 10 18 3 3 9 12 3 18 1 1 1 3 1 1 1 3 1 1 3 9 100 1 12 1 1 1 3 3 1 1 3 10 3 1 10 12 1 3 1 3 1 1 9 12 9 12 1 1 1 1 100 9 1 1 100 1 3 3 1 3 1 3 1 3 1 3 1 1 3 1 10 12 1 3 1 3 1 3 3 9 10 3 3 1 1 1 1 1 3 100 1 10 12 1 1 3 100 1 1 1 1 3 1 3 1 3 1 3 1 1 1 18 3 3 3 3 1 1 1 1 3 1 3 1 1 9 12 3 1 9 12 1 1 11 100 1 12 1 8 1 9 3 1 1 3 9 12 1 9 12 9 12 1 1 8 1 1 1 1 3 1 1 10 12 1 3 3 3 10 10 12 3 1 1 1 1 1 1 1 1 1 1 3 10 12 1 1 1 1 1 3 1 1 3 1 1 3 1 1 3 1 1 1 3 1 3 1 3 1 3 1 3 1 1 3 1 10 12 1 1 3 1 9 12 1 9 12 1 9 12 1 9 12 1 3 1 1 3 1 3 1 3 1 1 3 10 1 3 1 1 3 9 1 3 1 1 3 1 1 3 1 1 1 1 3 9 9 1 1 1 1 3 1 1 3 1 1 1 1 3 1 1 3 1 1 3 1 1 1 1 3 1 1 1 3 1 3 1 1 3 1 1 9 12 1 3 1 1 10 3 10 12 1 1 11 12 1 9 12 9 12 1 10 12 1 9 12 1 10 12 1 10 12 1 10 12 1 10 12 1 9 12 1 10 12 1 1 9 12 1 100 1 1 1 1 1 1 1 9 12 1 1 9 100 1 12 1 8 1 3 8 1 3 8 1 3 8 1 3 8 1 3 8 1 3 8 1 3 9 12 8 1 3 8 1 3 8 1 3 8 1 3 8 1 3 8 1 3 8 1 8 1 3 8 1 3 8 1 3 9 12 1 1 1 1 1 1 3 1 10 12 1 3 3 1 1 3 1 10 3 3 1 1 3 1 1 3 1 1 3 1 3 1 1 3 1 3 1 1 3 1 1 3 1 1 11 12 1 10 12 1 1 1 10 12 9 12 1 8 1 9 12 1 8 1 10 12 1 1 8 1 8 1 8 1 8 1 8 1 8 1 8 1 1 3 1 1 1 1 3 1 3 1 3 1 3 1 1 3 9 9 1 1 3 1 1 1 1 1 1 3 1 3 1 1 3 1 1 3 9 12 1 3 1 1 1 3 1 1 1 3 1 1 3 1 1 1 1 1 1 3 1 1 1 10 12 1 1 10 12 1 10 12 1 8 1 10 12 1 1 1 1 3 1 1 9 100 1 12 1 3 9 9 1 1 1 3 1 1 1 3 1 1 1 1 3 1 3 1 9 12 1 3 3 1 9 12 9 3 10 1 9 12 10 3 1 3 3 1 3 3 1 1 10 12 1 1 3 3 9 12 1 10 100 1 12 1 9 12 1 9 12 1 1 1 3 1 1 1 3 9 1 1 1 3 1 1 3 1 1 3 9 9 9 1 1 1 1 3 1 1 3 3 1 1 1 9 3 10 12 10 12 3 1 1 3 1 9 12 1 3 1 1 1 9 3 3 1 1 3 9 1 1 3 1 3 1 1 3 10 1 1 3 3 1 1 3 3 1 1 3 10 10 1 1 3 9 12 1 10 12 1 1 1 3 1 3 1 3 1 1 1 3 3 1 3 1 1 3 9 100 1 9 9 12 1 1 1 3 1 3 1 1 3 9 9 1 3 9 12 1 10 12 1 1 9 1 1 3 9 1 3 9 12 1 1 9 12 1 9 12 1 9 12 1 9 12 1 9 9 12 1 9 12 1 9 10 12 1 1 1 1 3 9 1 3 1 3 1 1 1 1 9 12 1 3 1 1 11 100 1 12 1 11 100 1 12 1 100 1 10 12 10 12 1 10 12 1 1 10 12 1 10 100 1 12 1 1 10 12 1 10 12 1 1 10 12 1 9 100 1 12 1 10 12 1 9 12 1 11 9 12 1 100 1 10 12 1 11 12 1 1 3 3 9 100 1 12 1 1 10 12 1 1 1 1 1 1 1 1 1 1 1 1 1 1 100 1 10 7 1 12 1 1 10 12 1 10 12 1 1 10 12 1 10 12 1 10 12 1 1 10 12 1 1 1 1 1 1 1 1 1 100 1 1 3 3 3 10 1 1 1 3 1 3 1 1 3 3 3 1 1 1 1 3 10 10 11 11 3 1 1 1 1 3 1 1 1 3 1 3 1 3 1 1 1 9 100 1 3 9 9 1 1 1 3 1 1 3 1 3 1 1 3 9 9 1 3 1 3 1 3 1 3 1 3 1 3 1 3 1 3 1 3 1 1 3 1 1 3 1 1 1 10 12 1 100 1 9 12 1 100 1 3 3 1 1 1 1 1 1 3 1 1 3 1 3 1 1 9 10 3 1 1 3 1 3 1 3 1 3 1 1 1 3 1 1 10 100 1 12 1 1 9 12 1 3 9 9 3 1 1 1 10 12 1 3 3 3 3 1 1 1 9 3 1 9 12 1 3 1 3 1 3 1 1 3 1 3 1 3 1 10 12 1 1 3 1 1 100 1 10 12 1 10 12 1 1 10 12 1 1 9 10 12 1 10 12 1 9 100 1 12 1 1 10 12 1 1 10 12 1 10 12 1 9 12 1 10 12 1 1 1 1 1 1 3 10 12 1 100 1 9 12 1 10 12 1 1 10 12 1 1 1 3 10 12 1 3 3 3 1 1 3 10 12 1 1 9 10 3 3 1 100 1 3 1 3 1 1 3 1 1 1 1 3 1 1 1 9 3 3 1 1 1 1 1 10 12 1 3 3 8 1 9 100 1 9 1 1 1 1 1 3 3 1 3 1 1 3 1 3 1 1 100 1 9 12 1 10 12 1 1 10 12 1 1 18 18 3 1 1 1 3 1 1 1 10 12 1 1 9 12 1 9 3 9 1 9 9 1 1 1 9 12 1 3 3 3 3 3 3 3 1 1 1 10 12 1 3 10 12 1 1 3 3 1 1 3 1 1 1 3 1 1 3 1 1 1 1 1 3 1 1 1 1 10 12 1 1 1 1 1 1 1 1 10 12 1 1 3 3 1 3 9 1 3 1 1 1 1 3 1 1 1 3 9 12 1 1 1 1 9 12 10 12 1 9 12 1 9 12 1 10 12 1 3 3 3 10 12 1 1 10 12 1 1 1 1 1 1 1 1 1 3 1 1 1 1 1 1 3 10 12 9 12 3 1 1 1 1 10 12 3 1 1 10 12 1 1 1 3 1 3 1 3 1 3 1 3 1 1 1 1 3 1 1 1 1 1 1 1 1 3 1 1 1 3 1 1 1 3 1 1 3 1 1 1 3 3 1 3 1 1 1 3 1 1 1 3 1 3 1 1 10 12 1 1 1 1 8 1 10 12 1 8 1 8 1 9 12 1 9 100 1 12 1 10 10 12 1 10 12 1 1 3 9 9 1 1 1 1 1 1 1 100 1 3 1 3 1 1 1 1 3 1 1 1 3 9 100 1 9 1 1 1 9 100 1 12 1 10 9 12 1 1 1 1 9 3 1 1 1 1 1 1 1 1 1 1 3 10 9 9 1 1 3 1 1 1 10 12 1 1 3 9 100 1 12 1 9 3 1 1 1 1 1 9 100 1 12 1 1 1 1 3 1 3 1 1 9 12 10 3 1 1 3 1 3 1 1 3 1 1 1 1 1 1 3 1 1 1 1 3 1 3 1 3 1 1 9 12 1 3 1 1 3 1 3 1 3 1 3 1 3 1 3 1 3 1 3 1 3 1 3 1 3 1 3 1 3 1 1 3 1 3 1 3 1 1 1 3 1 1 3 1 1 3 1 1 3 9 3 1 3 1 3 1 3 1 3 1 3 1 3 1 3 1 3 1 3 1 9 3 1 3 1 3 1 1 3 9 100 1 1 1 1 3 1 3 1 3 1 3 1 3 1 3 1 1 10 12 1 3 3 1 1 3 3 1 10 3 8 1 10 12 8 1 3 1 1 1 3 1 1 3 1 1 5 0 9 3 1 1 3 1 1 1 1 1 1 9 12 1 3 1 1 3 1 3 1 3 1 3 1 3 1 3 1 3 1 3 1 3 1 3 1 1 3 1 3 1 3 1 3 1 3 1 3 1 3 1 3 1 1 10 100 1 3 9 9 1 1 1 3 1 3 1 10 9 12 1 3 3 1 1 1 1 3 1 3 1 1 1 3 10 100 1 10 1 1 3 1 3 1 3 1 3 1 10 3 1 3 1 3 1 1 3 18 12 1 10 12 1 1 1 1 1 100 1 9 12 10 12 1 9 12 1 9 12 1 9 12 1 9 12 1 9 12 1 9 12 1 9 12 1 9 12 1 9 12 1 9 12 1 9 12 1 9 12 1 9 12 1 9 12 1 9 12 1 9 12 1 9 12 1 9 12 1 9 12 1 9 12 1 9 12 1 9 12 1 9 12 1 9 12 1 9 12 1 9 12 1 9 12 1 9 12 1 9 12 1 9 12 1 9 12 1 9 12 1 9 12 1 9 12 1 9 12 1 9 12 1 9 12 1 9 12 1 9 12 1 9 12 1 9 12 1 9 12 1 9 12 1 9 12 1 9 12 1 9 12 1 9 12 1 9 12 1 9 12 1 9 12 1 9 12 1 9 12 1 9 12 1 9 12 1 9 12 1 9 12 1 9 12 1 9 12 1 9 12 1 9 12 1 9 12 1 9 12 1 9 12 1 9 12 1 9 12 1 9 12 1 9 12 1 9 12 1 9 12 1 9 12 1 9 12 1 9 12 1 9 12 1 9 12 1 9 12 1 9 12 1 9 12 1 9 12 1 9 12 1 9 12 1 9 12 1 9 12 1 9 12 1 9 12 1 9 12 1 9 12 1 9 12 1 9 12 1 9 12 1 9 12 1 9 12 1 9 12 1 9 12 1 9 12 1 9 12 1 9 12 1 9 12 1 9 12 1 9 12 1 9 12 1 9 12 1 9 12 1 9 12 1 9 12 1 9 12 1 9 12 1 9 12 1 9 12 1 9 12 1 9 12 1 9 12 1 9 12 1 9 12 1 9 12 1 9 12 1 9 12 1 9 12 1 9 12 1 9 12 1 9 12 1 9 12 1 9 12 1 9 12 1 9 12 1 9 12 1 9 12 1 9 12 1 9 12 1 9 12 1 9 12 1 9 12 1 9 12 1 9 12 1 9 12 1 9 12 1 9 12 1 9 12 1 9 12 1 9 12 1 9 12 1 9 12 1 100 1 100 1 1 1 1 1 10 1 1 1 100 1 5 0 10 12 1 1 1 10 1 1 9 100 1 1 1 1 1 1 1 1 11 12 1 1 1 1 10 100 1 12 1 15 8 1 10 100 1 12 1 1 15 16 10 12 15 16 16 10 12 15 16 16 10 12 15 16 16 10 12 15 16 16 10 12 15 16 16 10 12 15 16 16 10 12 1 1 15 1 16 16 10 12 15 16 16 10 12 15 16 16 10 12 15 16 8 1 8 1 8 1 8 1 8 1 8 1 8 1 16 10 12 15 16 8 1 16 10 12 15 16 1 100 1 100 1 1 1 1 1 12 10 1 12 10 1 100 1 8 1 12 10 1 100 10 1
staticfield org/eclipse/jdt/internal/compiler/problem/ProblemReporter $assertionsDisabled Z 1
ciInstanceKlass org/eclipse/jdt/internal/compiler/env/ISourceType 1 1 56 100 1 100 1 100 1 1 1 1 1 1 1 1 1 1 1 1 1 1 1 1 1 1 1 1 1 1 1 1 1 1 1 1 1 1 1 1 1 100 1 8 1 1 12 10 1 1 1 8 1 1 1 8 1 1
instanceKlass org/eclipse/jdt/internal/core/JarPackageFragment
ciInstanceKlass org/eclipse/jdt/internal/core/PackageFragment 1 1 730 7 1 7 1 100 1 100 1 1 1 1 1 1 1 1 1 1 1 1 1 1 7 1 9 12 7 1 9 12 7 1 9 12 1 1 1 1 10 12 1 9 12 10 12 1 1 9 12 1 1 1 1 1 1 1 100 1 7 1 10 12 10 12 1 1 10 12 1 1 10 7 1 12 1 1 10 12 1 7 1 11 12 1 1 10 12 1 1 7 1 8 1 11 7 1 12 1 1 8 1 11 7 1 12 1 10 7 1 12 1 1 7 1 11 12 1 1 10 12 1 1 7 1 10 7 1 12 1 1 9 7 1 12 1 1 10 12 1 10 12 1 1 10 12 1 10 12 1 1 10 12 1 10 12 1 1 10 12 1 10 12 1 7 1 10 12 1 1 10 7 1 12 1 1 9 7 1 12 1 1 100 1 1 1 1 1 1 1 1 1 1 1 1 1 1 1 1 1 1 1 1 1 1 1 1 1 1 1 1 1 1 1 1 1 1 1 100 1 100 1 100 100 7 1 100 1 10 12 1 1 7 1 10 12 1 1 100 1 9 100 1 12 1 10 12 1 10 12 1 1 10 100 1 12 1 1 1 1 1 1 1 1 1 1 100 100 1 1 100 1 10 12 1 10 12 1 1 1 1 1 1 1 1 10 1 1 10 12 1 1 10 12 1 1 10 12 1 1 10 12 1 1 1 1 10 12 1 10 7 1 12 1 10 12 1 1 1 10 12 10 12 10 12 1 1 1 10 7 1 12 1 1 9 12 1 10 12 1 1 100 1 8 1 10 9 12 1 10 12 10 12 1 1 7 1 10 12 1 1 10 12 1 1 1 1 10 12 1 1 10 12 7 1 10 12 1 1 1 10 12 1 1 10 100 1 12 1 1 11 100 1 12 1 1 11 12 1 11 12 1 10 10 1 1 1 1 1 1 1 1 1 1 10 12 1 1 10 12 1 10 12 1 9 12 1 1 10 7 1 12 1 1 10 12 1 1 9 12 1 11 12 1 10 10 7 1 12 1 1 1 1 1 1 1 1 100 1 1 8 1 10 12 1 1 1 1 1 10 12 1 1 10 100 1 12 1 10 12 1 10 12 1 1 1 1 1 1 1 1 1 11 1 1 10 12 1 9 100 1 12 1 1 10 12 1 1 10 12 1 1 1 10 12 1 10 12 11 7 1 12 1 1 1 1 1 1 10 12 7 1 10 11 12 1 1 1 10 12 11 12 1 1 10 12 1 1 7 1 1 1 1 1 1 1 10 12 1 1 1 11 1 1 1 1 1 11 12 1 1 10 12 1 1 10 12 1 1 1 10 12 1 9 12 1 10 12 1 1 1 1 1 10 12 1 1 1 1 1 10 12 1 1 10 100 1 12 1 8 1 10 12 1 1 8 1 8 1 1 1 1 10 100 1 10 12 1 1 9 100 1 12 1 1 10 100 1 12 1 1 10 12 1 1 10 100 1 12 1 10 10 10 10 12 1 10 12 10 12 1 1 100 1 8 1 11 12 1 100 1 10 10 12 1 1 10 12 1 1 11 12 1 1 11 100 1 12 1 10 12 1 1 1 1 1 1 1 1 1 100 1 1 1 10 12 1 1 10 12 1 1 10 12 1 1 9 7 1 12 1 1 1 1 10 12 1 1 1 1 1
staticfield org/eclipse/jdt/internal/core/PackageFragment NO_CLASSFILES [Lorg/eclipse/jdt/core/IClassFile; 0 [Lorg/eclipse/jdt/core/IClassFile;
staticfield org/eclipse/jdt/internal/core/PackageFragment NO_ORDINARY_CLASSFILES [Lorg/eclipse/jdt/core/IOrdinaryClassFile; 0 [Lorg/eclipse/jdt/core/IOrdinaryClassFile;
staticfield org/eclipse/jdt/internal/core/PackageFragment NO_COMPILATION_UNITS [Lorg/eclipse/jdt/core/ICompilationUnit; 0 [Lorg/eclipse/jdt/core/ICompilationUnit;
ciInstanceKlass org/eclipse/jdt/core/IMember 1 0 37 100 1 100 1 100 1 100 1 100 1 100 1 1 1 1 100 1 1 1 1 1 1 1 1 1 1 1 1 1 1 1 1 1 1 1 1
ciInstanceKlass org/eclipse/jdt/core/IAnnotatable 1 0 14 100 1 100 1 1 1 1 1 1 100 1 1 1
ciInstanceKlass org/eclipse/jdt/core/IType 1 1 255 100 1 100 1 100 1 100 1 1 1 1 100 1 1 1 1 1 1 1 1 1 1 1 1 1 1 1 1 1 1 1 1 1 1 1 1 1 1 1 1 1 1 1 1 1 1 1 1 1 1 1 1 1 1 1 1 1 1 1 1 1 1 1 1 1 1 1 1 1 1 1 1 1 1 1 1 100 1 1 1 1 1 1 1 1 1 1 1 1 1 1 1 1 1 1 1 1 1 1 1 1 1 1 1 1 11 12 1 1 1 100 1 8 1 1 12 10 1 1 1 8 1 1 1 8 1 1 1 8 1 1 1 8 1 1 1 8 1 1 8 1 1 1 8 1 1 1 8 1 1 1 8 1 1 1 8 1 1 1 8 1 1 1 8 1 1 1 8 1 1 8 1 1 8 1 1 8 1 1 8 1 1 1 8 1 1 8 1 1 1 8 1 1 1 8 1 1 1 8 1 1 1 8 1 1 1 8 1 1 8 1 1 8 1 1 1 8 1 1 8 1 1 8 1 1 8 1 1 1 8 1 1 1 8 1 1 1 8 1 1 8 1 1 1 8 1 1 8 1 1 1 8 1 1
ciInstanceKlass org/eclipse/jdt/internal/core/JavaModelCache 1 1 381 7 1 7 1 1 1 1 1 1 1 3 1 3 1 3 1 1 8 1 1 8 1 1 1 1 1 1 1 1 1 1 1 1 1 1 1 1 1 1 1 1 1 1 1 1 1 1 1 9 12 9 12 7 1 10 12 1 9 12 1 1 10 6 0 9 12 10 12 1 1 6 0 10 12 1 1 6 0 6 0 7 1 10 9 12 100 1 8 1 10 12 1 9 12 8 1 9 12 8 1 9 12 7 1 10 12 1 9 12 10 12 1 1 1 1 1 1 1 1 6 0 10 7 1 12 1 1 1 10 12 1 1 1 10 7 1 12 1 1 10 12 1 18 12 1 1 10 100 1 12 1 1 100 1 1 1 1 1 7 1 1 1 11 7 1 12 1 1 9 12 10 12 1 1 7 1 7 1 10 7 1 7 1 9 12 10 7 1 11 7 1 1 1 1 1 1 1 10 12 1 1 10 12 1 10 1 1 7 1 7 1 10 12 1 1 10 12 1 1 10 11 10 100 1 12 1 1 10 12 1 1 10 12 1 1 11 12 1 1 10 12 1 1 10 100 1 12 1 18 12 1 10 100 1 12 1 1 1 8 1 8 1 8 1 8 1 8 1 8 1 8 1 18 1 1 1 10 7 1 10 12 1 10 12 1 1 10 10 100 1 8 1 10 12 1 1 8 1 10 12 1 1 10 12 11 18 12 1 1 10 12 10 1 1 1 10 12 1 1 1 1 1 8 1 10 12 1 100 1 10 10 12 1 1 8 1 10 12 1 10 12 1 8 1 10 10 12 1 8 1 10 10 12 1 1 1 1 1 1 10 100 1 12 1 15 8 1 8 1 8 1 8 1 1 100 1 100 1 1 1
staticfield org/eclipse/jdt/internal/core/JavaModelCache NON_EXISTING_JAR_TYPE_INFO Lorg/eclipse/jdt/internal/compiler/env/IBinaryInfo; org/eclipse/jdt/internal/core/JavaModelCache$1
ciInstanceKlass org/eclipse/jdt/internal/core/JavaModelCache$1 1 1 23 100 1 7 1 100 1 1 1 1 10 12 1 1 1 1 1 1 1 100 1 1 1
ciInstanceKlass org/eclipse/jdt/internal/core/NameLookup 1 1 1344 7 1 7 1 100 1 1 1 1 1 1 3 1 3 1 3 1 3 1 3 1 3 1 1 1 1 1 1 1 1 1 1 1 1 1 1 1 1 1 1 1 1 1 1 1 1 1 1 1 1 1 1 7 1 8 1 10 12 1 1 9 12 9 12 7 1 9 12 1 1 100 1 1 10 12 9 12 9 12 9 12 5 0 8 1 10 7 1 12 1 1 18 12 1 1 10 7 1 12 1 1 18 18 10 100 1 12 1 1 7 1 10 9 12 9 12 9 12 10 12 1 1 9 12 7 1 10 10 12 1 1 11 7 1 12 1 1 7 1 10 12 1 7 1 10 12 1 1 10 12 1 10 12 1 11 12 1 1 11 12 1 1 10 7 1 12 1 1 11 100 10 12 1 1 9 12 1 1 10 12 1 9 7 1 12 1 10 12 1 10 12 1 1 7 1 7 9 12 18 12 1 100 1 100 1 1 1 1 1 1 1 1 1 1 1 1 1 1 1 1 1 1 1 1 1 1 1 1 1 1 1 1 1 1 1 1 1 1 1 1 1 100 1 100 7 1 7 1 7 1 1 100 1 10 12 1 1 100 1 10 12 1 10 100 1 12 1 1 100 1 10 12 1 11 100 1 3 1 1 1 1 1 1 11 7 1 12 1 1 11 12 1 1 7 1 10 12 1 1 1 1 1 1 1 1 1 1 1 100 7 1 1 1 9 7 1 12 1 10 12 1 10 12 1 1 10 12 1 10 12 1 10 12 1 10 12 1 1 9 12 1 1 9 12 1 1 10 12 1 1 1 1 1 1 1 1 1 10 12 1 10 12 1 1 11 12 1 1 10 12 1 1 1 1 1 1 11 100 1 12 1 100 1 9 100 1 12 1 10 12 10 100 1 12 1 1 11 100 1 12 1 1 11 100 1 12 1 1 11 12 1 11 12 1 1 11 12 1 1 11 12 1 10 12 9 100 1 12 1 1 10 12 1 1 10 12 1 1 10 100 1 12 1 1 11 12 1 10 12 1 1 10 12 1 1 10 12 1 1 10 12 1 1 1 1 1 1 1 1 1 1 1 1 1 1 1 1 1 100 1 7 1 1 1 10 12 1 8 1 10 10 12 1 10 12 1 1 10 12 1 1 10 12 1 1 10 12 1 1 100 1 10 10 12 1 10 10 12 1 1 1 1 1 1 1 1 1 1 1 1 1 1 1 100 100 100 1 1 1 1 10 12 1 1 10 12 1 1 11 8 1 11 9 8 1 18 12 18 11 7 1 18 18 1 1 1 1 1 1 1 1 1 1 1 1 100 1 1 1 10 12 1 1 1 1 1 10 12 1 1 10 12 1 1 10 7 1 12 1 1 18 12 1 10 12 7 1 10 10 12 1 1 10 12 1 1 10 100 1 12 1 1 18 12 1 1 11 100 1 12 1 1 18 12 1 1 11 12 1 1 18 12 1 1 11 100 1 12 1 1 11 12 1 1 11 12 1 1 18 12 1 18 12 1 11 12 1 10 12 1 11 12 1 1 7 1 10 12 1 1 7 1 10 12 1 1 18 12 1 10 12 1 1 10 12 1 10 12 1 10 12 1 1 11 12 1 1 100 1 10 12 1 10 10 12 10 12 1 1 11 100 1 12 1 11 12 1 11 12 1 1 11 12 1 10 12 1 1 1 1 1 1 1 1 1 1 1 1 1 1 1 1 100 1 1 1 100 1 8 10 12 1 1 10 100 1 12 1 1 100 1 1 1 1 7 1 10 12 1 11 7 1 11 100 1 12 1 1 7 1 11 12 1 1 10 12 1 10 12 1 1 1 1 1 11 10 7 1 12 1 11 7 1 12 10 12 1 11 11 12 1 11 12 1 11 10 12 1 1 7 1 1 1 1 1 1 1 1 1 10 12 1 10 12 1 1 10 12 1 10 12 1 1 10 100 1 12 1 1 1 1 1 1 7 1 10 10 12 1 10 12 1 1 11 1 1 1 1 1 10 12 1 9 12 10 12 1 1 1 1 10 12 1 1 10 12 1 1 10 12 1 1 10 100 1 10 12 1 1 1 1 100 1 1 10 12 1 10 7 1 12 1 11 12 1 1 1 1 1 10 12 10 12 1 1 10 12 1 9 12 8 1 10 12 1 1 11 12 1 11 1 1 100 1 10 12 1 1 1 1 11 10 12 1 1 1 1 1 10 12 1 10 12 1 1 11 12 1 1 9 12 1 1 100 1 10 9 12 1 1 11 100 1 11 1 1 9 12 1 10 12 1 18 18 12 1 18 12 1 1 11 12 1 1 9 12 1 1 1 1 10 12 9 12 1 1 18 12 1 1 18 18 9 12 11 11 7 1 12 11 12 1 1 1 1 10 12 11 10 12 1 10 12 1 1 10 12 1 10 12 1 1 1 1 1 1 7 1 10 12 1 10 12 1 10 10 12 11 12 1 11 10 12 1 1 10 12 1 1 100 1 11 10 100 1 12 1 1 1 1 1 1 1 10 12 1 11 10 12 10 12 1 1 1 1 1 1 1 11 1 11 9 12 10 12 11 12 1 1 1 1 1 1 10 12 9 100 1 12 1 10 12 1 1 8 1 10 12 1 11 12 10 12 1 1 11 100 1 1 1 1 1 1 10 12 1 1 11 12 1 100 1 8 1 18 18 18 18 18 18 18 18 1 1 10 12 100 1 10 12 1 1 1 1 1 1 1 1 1 1 1 10 12 1 1 1 10 12 1 1 1 1 1 1 1 10 7 1 12 1 15 8 1 8 1 8 1 8 1 8 1 8 1 8 1 8 1 8 1 10 7 1 12 1 1 15 16 10 12 15 1 16 16 10 12 1 15 1 16 16 10 12 15 1 16 16 10 12 1 15 1 16 1 16 10 12 15 16 16 15 1 16 16 10 12 15 16 16 10 12 15 16 1 16 10 12 15 1 16 16 10 12 15 16 16 10 12 1 15 16 16 10 12 15 16 8 1 8 1 8 1 8 1 8 1 8 1 8 1 8 1 1 100 1 100 1 1 1 1 1 1 1 1
staticfield org/eclipse/jdt/internal/core/NameLookup NO_TYPES [Lorg/eclipse/jdt/core/IType; 0 [Lorg/eclipse/jdt/core/IType;
ciInstanceKlass org/eclipse/jdt/core/IModuleDescription 1 1 181 100 1 100 1 100 1 100 1 1 1 1 100 1 1 1 1 1 1 1 1 1 1 1 1 1 1 1 1 1 100 1 8 1 1 12 10 1 1 1 8 1 1 1 8 1 1 1 8 1 1 1 8 1 1 1 8 1 1 8 1 1 1 8 1 1 1 8 1 1 1 8 1 1 1 8 1 1 1 8 1 1 1 8 1 1 1 8 1 1 1 8 1 1 8 1 1 8 1 1 8 1 1 8 1 1 1 8 1 1 8 1 1 8 1 1 1 8 1 1 1 8 1 1 1 8 1 1 1 8 1 1 1 8 1 1 8 1 1 8 1 1 1 8 1 1 8 1 1 8 1 1 8 1 1 1 8 1 1 1 8 1 1 1 8 1 1 8 1 1 1 8 1 1 8 1 1 1 8 1 1
ciInstanceKlass org/eclipse/jdt/internal/core/AbstractModule 1 1 431 100 1 100 1 100 1 1 1 1 100 1 1 1 1 11 12 100 1 1 1 1 1 1 1 11 12 100 1 10 12 1 1 11 12 1 1 11 100 1 12 1 1 11 12 1 1 11 12 1 1 10 100 1 12 1 1 10 100 1 12 1 1 11 12 1 10 12 1 11 100 1 12 1 1 11 12 1 1 11 12 1 1 100 1 9 100 1 12 1 1 1 1 1 1 1 1 1 1 1 1 100 1 1 11 12 1 1 1 1 11 12 1 1 1 1 11 12 1 1 1 11 12 11 100 1 10 18 12 1 1 10 12 1 1 1 1 1 1 1 1 100 1 11 12 1 1 11 12 1 1 100 1 1 11 12 10 100 1 12 1 1 18 12 1 11 100 1 12 1 1 11 1 1 1 1 100 1 10 11 12 1 1 9 100 1 12 1 1 8 1 10 12 1 1 10 12 1 1 1 1 1 1 11 12 8 1 10 12 1 1 11 10 12 1 8 1 10 8 1 11 100 1 12 1 8 1 11 10 12 1 1 1 1 100 1 100 1 1 1 1 1 10 12 1 1 1 1 1 1 10 100 1 12 1 1 15 1 16 11 12 15 16 1 16 11 12 15 16 1 100 1 100 1 1 1 1 1 100 1 1 1 1 100 1 8 1 1 12 10 1 1 1 8 1 1 1 8 1 1 1 8 1 1 1 8 1 1 1 8 1 1 8 1 1 8 1 1 1 8 1 1 8 1 1 8 1 1 1 8 1 1 1 8 1 1 1 8 1 1 1 8 1 1 1 8 1 1 8 1 1 8 1 1 1 8 1 1 8 1 1 1 8 1 1 8 1 1 1 8 1 1 1 8 1 1 1 8 1 1 8 1 1 1 8 1 1 8 1 1 1 8 1 1 1 8 1 1 8 1 1 1 8 1 1 8 1 1 8 1 1 1 8 1 1 1 8 1 1 1 8 1 1 1 8 1 1 1 8 1 1
instanceKlass org/eclipse/jdt/internal/core/ImportDeclaration
instanceKlass org/eclipse/jdt/internal/core/LocalVariable
instanceKlass org/eclipse/jdt/internal/core/PackageDeclaration
instanceKlass org/eclipse/jdt/internal/core/ImportContainer
instanceKlass org/eclipse/jdt/internal/core/Annotation
instanceKlass org/eclipse/jdt/internal/core/TypeParameter
instanceKlass org/eclipse/jdt/internal/core/Member
ciInstanceKlass org/eclipse/jdt/internal/core/SourceRefElement 1 1 338 7 1 7 1 100 1 1 1 1 1 1 10 12 1 1 1 1 1 1 1 10 12 100 1 10 100 1 12 1 1 10 12 1 9 12 1 1 1 1 100 1 1 1 1 1 1 1 9 100 1 12 1 1 100 1 100 1 10 12 1 1 10 100 1 12 1 1 1 1 1 1 1 1 1 1 1 1 1 1 1 100 100 1 1 10 12 1 1 1 10 12 1 1 1 1 10 12 10 7 1 12 1 1 1 1 100 1 10 12 1 10 12 1 1 1 1 1 1 1 1 100 1 1 1 1 1 10 12 1 1 7 1 10 7 1 12 1 1 10 12 1 1 10 12 1 10 12 1 1 1 1 1 1 1 1 1 100 1 1 1 100 1 10 12 1 1 1 1 10 12 1 1 7 1 9 12 1 1 1 1 1 10 12 1 1 7 1 1 1 10 12 1 1 10 12 1 1 1 1 10 12 1 1 10 12 1 1 1 1 1 1 1 1 1 10 12 10 100 1 12 1 1 10 12 1 1 1 10 100 1 12 1 10 12 1 1 10 12 1 1 10 12 1 1 1 1 10 12 1 1 1 10 12 1 1 7 1 11 12 1 1 1 1 10 12 1 10 12 1 11 12 1 1 10 12 1 1 11 100 1 12 1 11 12 1 11 100 1 12 1 1 100 1 1 1 1 1 1 1 1 1 1 7 1 10 1 1 10 12 1 10 12 1 1 1 1 10 12 1 9 12 1 10 12 1 1 1 1 10 12 8 1 10 12 1 1 1
instanceKlass org/eclipse/jdt/internal/core/Initializer
instanceKlass org/eclipse/jdt/internal/core/NamedMember
ciInstanceKlass org/eclipse/jdt/internal/core/Member 1 1 634 7 1 7 1 100 1 1 1 1 10 12 1 1 1 1 1 1 1 10 12 1 1 1 1 10 100 1 12 1 1 10 100 1 12 1 1 10 12 1 10 12 1 10 12 1 10 12 1 1 10 100 1 12 1 18 12 1 10 12 1 1 18 1 1 1 1 1 1 1 1 1 1 1 1 1 1 1 1 100 1 1 9 100 1 12 1 1 10 12 1 1 10 12 1 9 100 1 12 1 1 9 12 1 10 12 1 1 10 100 1 12 1 1 10 12 1 1 10 100 1 12 1 10 12 1 1 10 100 1 12 1 10 12 1 1 10 100 1 12 1 10 12 1 10 100 1 12 1 10 12 1 1 10 100 1 12 1 10 12 1 1 10 100 1 12 1 10 12 1 1 1 1 1 11 100 1 12 1 11 12 1 1 100 1 10 12 1 10 12 10 12 1 10 12 1 10 12 1 1 1 1 1 1 1 1 1 1 1 1 1 1 1 100 1 1 100 1 100 1 10 12 1 1 100 1 9 100 1 12 1 11 12 1 100 1 10 12 1 1 100 1 10 12 1 10 100 1 12 1 1 1 1 1 1 1 1 1 1 1 10 12 1 1 10 7 1 7 1 1 1 1 10 12 1 1 1 10 7 1 10 12 1 1 1 1 10 12 1 1 10 12 1 1 10 100 1 12 1 10 12 1 9 12 1 9 12 1 10 12 1 1 10 100 1 12 1 1 9 12 1 10 100 1 12 8 1 10 12 1 1 10 12 10 10 12 1 100 1 10 12 1 100 1 10 12 1 100 1 10 1 1 1 1 1 1 1 1 1 1 1 1 1 1 1 1 1 1 1 1 1 1 1 1 1 1 1 100 1 1 1 1 11 11 12 1 1 1 1 1 1 10 12 1 10 10 12 11 12 1 1 10 12 1 1 11 100 1 12 1 11 11 100 1 12 1 11 12 1 11 100 1 12 1 10 12 1 1 100 1 8 1 11 100 1 12 1 1 8 1 10 100 1 12 1 1 10 12 1 11 12 1 1 10 12 1 1 11 100 1 12 1 1 11 12 1 11 12 1 11 12 1 7 1 10 12 1 100 1 100 1 1 1 1 1 1 1 1 1 1 1 1 1 1 1 1 1 1 100 1 1 10 12 1 10 12 1 100 1 10 12 1 18 10 12 1 10 12 1 1 1 1 100 1 1 1 8 1 8 1 11 12 1 11 12 10 100 1 12 1 1 10 12 1 10 12 11 12 1 10 12 1 1 1 1 11 12 1 11 12 1 1 9 100 1 12 1 1 8 1 11 100 1 8 1 8 1 10 12 1 1 10 12 1 10 12 1 1 1 1 8 1 1 1 1 10 12 100 1 10 10 12 1 1 10 10 12 1 10 12 10 1 1 1 1 1 1 1 10 100 1 12 1 15 8 1 8 1 1 100 1 100 1 1
instanceKlass org/eclipse/jdt/internal/core/AbstractModule$AutoModule
instanceKlass org/eclipse/jdt/internal/core/SourceField
instanceKlass org/eclipse/jdt/internal/core/SourceMethod
instanceKlass org/eclipse/jdt/internal/core/BinaryMember
instanceKlass org/eclipse/jdt/internal/core/SourceType
instanceKlass org/eclipse/jdt/internal/core/SourceModule
ciInstanceKlass org/eclipse/jdt/internal/core/NamedMember 1 1 395 7 1 7 1 1 1 1 1 1 10 12 1 9 12 1 1 1 1 1 1 1 10 12 1 1 1 1 1 1 100 1 10 12 1 1 10 100 1 12 1 1 11 100 1 12 1 1 10 12 1 11 12 1 1 8 1 8 1 8 1 1 1 1 1 1 1 1 1 1 1 1 1 1 100 100 1 1 10 12 1 11 100 1 12 1 1 100 1 10 12 1 11 10 12 1 1 1 1 1 1 1 1 11 100 1 11 12 1 1 11 11 100 1 10 100 1 12 1 1 11 12 1 10 100 1 12 1 1 10 100 1 12 1 1 10 12 1 1 10 12 1 11 12 1 10 12 1 11 12 1 1 1 1 1 1 1 1 1 100 11 12 1 1 11 100 1 10 12 1 11 12 1 1 100 1 11 12 1 1 100 1 11 10 12 1 1 10 12 1 1 10 12 1 10 12 1 1 1 1 1 1 1 1 1 1 1 1 1 11 100 1 1 1 1 1 1 100 1 10 12 1 10 12 1 10 12 1 1 1 1 1 1 1 10 8 1 10 12 18 12 1 1 1 1 10 12 1 10 7 1 12 1 10 10 12 100 1 10 100 1 11 12 1 1 10 12 1 1 1 1 1 10 12 1 10 100 1 12 1 1 1 9 100 1 12 1 1 10 12 1 10 12 1 1 10 100 1 12 1 1 100 1 10 12 1 100 1 10 12 1 1 10 12 1 10 12 1 1 9 100 1 12 1 10 100 1 12 1 1 10 12 1 1 9 100 1 12 1 1 9 12 1 1 18 12 1 10 100 1 12 1 9 12 1 18 9 12 1 1 1 1 1 1 1 1 1 1 1 1 100 1 1 1 1 10 100 1 12 1 15 8 1 8 1 8 1 1 100 1 100 1 1 1 1
instanceKlass org/eclipse/jdt/internal/core/ResolvedSourceType
ciInstanceKlass org/eclipse/jdt/internal/core/SourceType 1 1 895 7 1 7 1 100 1 1 1 1 1 1 1 1 7 1 9 12 1 1 1 1 10 12 9 12 1 1 1 1 1 1 1 10 12 1 1 1 1 100 1 10 12 7 1 9 12 1 1 100 1 10 12 1 1 1 1 1 1 1 1 100 1 100 1 1 1 9 100 1 12 1 1 10 12 1 1 1 1 1 1 1 1 1 1 1 1 1 1 100 1 8 1 10 12 1 100 1 10 12 1 10 12 1 1 1 1 1 1 10 12 1 1 1 10 12 1 1 10 100 1 12 1 1 10 100 1 12 1 1 100 1 10 12 1 1 10 12 1 10 12 1 1 11 100 1 12 1 1 10 7 1 12 1 1 10 12 1 1 10 12 1 1 10 100 1 12 1 1 10 12 1 10 12 1 100 1 10 12 1 10 12 1 1 10 12 1 10 12 1 1 10 12 1 9 100 1 12 1 10 100 1 12 1 1 10 12 1 1 9 100 1 12 1 1 9 12 1 1 18 12 1 1 10 100 1 12 1 9 12 1 18 1 1 1 1 1 1 1 1 1 1 1 1 100 100 100 100 1 100 1 1 1 100 1 10 12 1 10 12 1 1 10 12 1 1 10 12 1 1 1 1 1 1 1 1 1 1 100 1 10 12 1 10 10 10 100 1 1 1 1 100 1 10 10 10 10 100 1 1 1 1 100 1 10 12 1 10 10 10 1 1 1 10 12 1 10 12 1 1 1 10 12 1 1 10 12 1 1 1 1 1 1 1 10 12 1 1 7 1 9 12 1 1 1 1 1 10 12 1 9 12 1 1 10 12 1 1 100 1 10 100 1 12 1 1 100 1 10 10 100 1 12 1 1 1 1 1 1 1 1 1 1 1 1 1 100 1 1 11 12 1 100 1 11 12 1 1 1 1 1 1 100 1 10 1 1 1 10 12 1 10 12 1 1 10 7 1 12 1 10 12 1 1 10 12 1 1 1 1 1 1 1 1 10 12 1 10 12 1 1 1 10 12 10 12 1 1 11 100 1 12 1 1 11 12 1 10 12 1 11 12 1 1 1 1 1 1 1 1 1 1 1 10 12 1 10 12 1 1 1 1 1 10 100 1 12 1 1 1 10 12 1 1 10 12 1 1 10 100 1 12 1 10 12 1 10 12 7 1 10 12 10 12 1 1 10 12 1 1 100 1 10 100 1 10 12 1 1 10 12 18 12 1 10 12 1 1 10 12 8 1 10 12 1 1 10 100 1 10 1 1 1 1 1 1 1 1 1 1 1 1 1 1 1 1 1 1 100 1 10 12 1 1 1 1 1 10 12 1 100 1 10 12 1 1 1 1 1 100 1 10 100 1 12 1 1 1 1 10 12 1 1 100 1 10 12 1 10 12 9 12 11 11 10 12 1 11 12 1 1 1 1 1 10 12 10 12 1 1 1 10 12 1 1 1 10 12 1 1 9 12 1 1 1 1 1 10 12 10 100 1 9 12 1 10 10 12 1 1 10 12 1 1 10 12 1 1 1 1 1 1 1 10 1 1 1 10 12 10 12 1 1 1 1 1 10 12 1 10 7 1 12 1 1 1 1 10 100 1 12 1 1 1 1 10 1 10 12 1 1 1 10 12 1 1 1 10 100 1 12 1 1 1 1 10 12 1 1 100 1 10 100 1 12 1 1 10 12 1 10 10 12 1 1 1 1 1 1 10 12 1 1 100 10 12 1 1 10 12 1 1 1 1 10 12 1 1 9 100 1 12 1 11 12 1 10 10 12 1 1 1 1 100 1 10 12 10 12 1 1 100 1 10 100 1 12 1 10 100 1 12 1 10 12 1 9 1 1 1 1 1 1 10 12 1 10 12 1 10 12 8 1 10 12 1 8 1 10 12 1 1 8 1 9 12 1 10 12 8 1 8 1 10 12 8 1 10 12 8 1 10 12 8 1 8 1 18 12 1 1 1 1 10 12 1 100 1 3 1 10 12 1 1 1 10 100 1 12 1 15 8 1 8 1 8 1 8 1 1 100 1 100 1 1
staticfield org/eclipse/jdt/internal/core/SourceType NO_FIELDS [Lorg/eclipse/jdt/core/IField; 0 [Lorg/eclipse/jdt/core/IField;
instanceKlass org/eclipse/jdt/internal/core/ModularClassFile
instanceKlass org/eclipse/jdt/internal/core/ClassFile
ciInstanceKlass org/eclipse/jdt/internal/core/AbstractClassFile 1 1 612 7 1 7 1 100 1 100 1 1 1 1 1 1 10 12 1 9 12 1 1 1 1 1 1 1 1 1 1 100 1 10 100 1 12 1 1 100 1 9 100 1 12 1 1 10 12 1 10 12 1 1 10 12 1 1 100 1 10 12 1 10 12 1 1 9 100 1 12 1 1 1 1 1 1 1 1 1 1 1 1 1 1 1 100 1 100 1 100 1 100 1 1 1 1 1 1 10 12 1 1 1 1 1 100 1 8 1 10 12 1 100 1 10 12 1 10 12 1 1 1 1 10 12 1 1 1 10 12 1 1 1 1 7 1 10 12 1 1 10 7 1 12 10 12 1 1 10 7 1 1 1 1 1 1 10 12 1 10 10 7 1 12 1 1 1 1 10 100 1 12 1 1 10 100 1 12 1 10 12 1 100 1 11 12 1 1 10 12 1 1 1 1 1 1 1 1 1 1 1 100 1 100 1 1 100 1 10 7 1 100 1 9 12 1 1 10 12 1 10 12 1 1 10 12 1 1 10 12 1 1 11 7 1 12 1 10 7 1 12 1 1 10 18 12 1 1 18 12 1 10 12 1 1 100 1 11 12 1 11 12 1 11 12 1 1 1 1 1 1 1 1 1 1 1 1 1 10 12 1 1 100 1 10 12 1 10 12 1 10 12 1 1 100 1 100 1 1 1 1 1 7 1 10 10 7 1 12 1 1 10 12 1 1 10 100 1 12 1 1 10 12 1 1 10 12 1 1 10 7 1 12 1 1 100 1 10 1 1 1 1 1 1 1 100 100 1 1 1 10 12 1 1 11 7 1 12 1 10 12 11 12 1 10 12 1 1 1 1 1 1 7 1 11 12 1 10 12 1 1 1 1 100 1 11 12 1 7 1 10 12 1 1 10 12 1 1 10 12 100 1 3 11 100 1 11 10 12 1 1 11 11 12 1 1 9 12 1 1 1 1 1 1 1 1 1 1 1 1 1 1 1 1 1 100 1 18 12 1 10 12 1 1 10 10 10 11 12 1 1 1 10 12 100 1 100 1 10 11 12 1 1 1 10 11 100 1 12 1 1 1 1 10 12 1 1 1 10 100 1 12 1 1 10 12 1 1 1 1 1 11 12 1 7 1 10 12 1 10 12 1 1 10 12 1 1 100 1 8 1 11 7 1 12 1 1 8 1 10 7 1 12 1 1 1 1 1 1 10 12 100 1 10 12 1 1 1 1 11 100 1 12 1 10 12 1 1 100 1 10 9 12 1 1 1 1 1 1 10 12 1 1 1 1 10 7 1 12 1 15 8 1 8 1 8 1 1 100 1 100 1 1 1 1 1 100 1 8 1 1 12 10 1 1 1 8 1 1 1 8 1 1 8 1 1 8 1 1 1 8 1 1
instanceKlass org/eclipse/jdt/internal/core/JavaProject$JImageModuleFragmentBridge
instanceKlass org/eclipse/jdt/internal/core/JrtPackageFragmentRoot
ciInstanceKlass org/eclipse/jdt/internal/core/JarPackageFragmentRoot 1 1 730 7 1 7 1 1 1 1 1 1 1 1 1 1 1 10 12 1 9 12 10 100 1 12 1 1 9 100 1 12 1 1 9 12 1 1 9 100 1 12 1 10 12 1 1 11 100 1 12 1 1 9 12 100 1 1 1 1 1 1 1 1 1 1 1 1 1 1 1 1 100 1 100 1 100 100 1 1 1 1 7 1 10 12 1 9 12 1 1 7 1 10 7 1 10 11 7 1 12 1 1 10 7 1 12 1 1 10 7 1 12 1 1 10 12 1 1 100 1 8 1 10 12 1 1 10 100 1 12 1 1 10 12 1 1 9 12 1 1 100 1 5 0 10 100 1 12 1 1 18 12 1 1 18 12 1 11 7 1 12 1 1 11 12 1 1 7 1 11 12 1 1 7 1 9 12 10 12 1 10 12 1 1 11 100 1 12 1 1 100 1 10 12 1 1 10 12 1 1 10 12 1 1 10 12 1 1 10 12 1 1 11 12 1 10 7 1 12 1 10 12 10 12 1 10 12 1 1 10 12 1 1 10 12 1 1 11 12 1 10 100 1 12 1 1 10 12 1 1 10 12 1 1 11 12 1 1 10 12 1 1 10 12 1 18 12 1 10 12 1 1 11 12 1 1 10 100 1 12 1 1 100 1 18 10 12 1 10 100 1 12 1 1 7 1 9 12 1 1 9 12 1 1 1 1 1 1 1 1 1 1 1 1 1 1 1 1 1 1 1 1 1 1 1 1 1 1 1 1 1 1 1 1 1 1 1 1 1 1 1 1 1 100 100 1 1 1 11 7 1 12 1 1 18 12 1 1 11 7 1 12 1 1 11 12 1 1 10 12 1 18 12 1 1 10 7 1 12 1 1 11 7 1 10 12 1 1 11 7 1 12 1 10 12 1 1 11 12 1 1 1 1 1 1 1 1 1 1 1 10 1 1 100 1 1 11 12 10 7 1 12 1 1 1 1 10 12 1 10 12 1 1 11 12 1 10 12 1 1 10 12 1 1 1 1 1 1 9 100 1 12 1 100 1 10 12 1 100 1 10 12 1 1 1 1 1 1 1 100 10 12 1 1 1 1 10 12 1 1 11 12 1 1 18 1 1 1 1 1 9 12 10 12 1 1 100 1 1 10 12 1 10 12 1 9 12 10 12 1 1 1 1 10 12 1 10 12 1 1 10 12 1 10 12 1 10 12 1 1 10 12 1 1 10 12 1 1 10 12 1 1 10 10 12 1 1 10 12 1 10 12 1 1 10 12 1 10 12 1 1 1 1 1 1 1 1 1 1 1 1 1 10 12 1 1 1 10 12 1 1 10 12 1 1 10 12 1 1 1 1 10 12 1 1 100 1 10 12 1 1 1 1 100 1 8 1 10 12 1 1 100 1 10 12 1 10 100 1 12 1 10 12 1 1 100 1 1 1 1 100 1 1 11 12 1 11 7 1 7 1 11 12 1 11 12 1 10 7 1 12 1 1 10 12 1 11 12 1 1 1 1 1 1 1 1 10 12 1 1 1 1 18 12 1 11 12 1 1 1 1 1 1 10 100 1 12 1 15 8 1 8 1 8 1 10 7 1 12 1 1 15 16 10 12 15 16 1 16 10 12 1 15 1 16 8 1 16 10 12 15 16 1 100 1 100 1 1 1 1 1
ciInstanceKlass org/eclipse/jdt/internal/core/JrtPackageFragmentRoot 1 1 398 7 1 7 1 100 1 1 1 1 1 1 1 1 1 1 1 1 1 7 1 10 12 1 9 12 7 1 10 9 12 1 1 1 10 12 1 9 12 1 1 1 1 1 1 1 1 1 1 1 100 1 7 1 9 12 1 11 7 1 12 1 1 10 12 1 1 10 12 1 18 12 1 1 11 7 1 12 1 1 11 12 1 1 10 12 1 1 10 7 1 12 1 1 7 1 9 12 1 1 1 1 1 1 1 1 1 1 1 7 1 10 10 12 1 10 12 10 12 1 100 1 8 1 11 7 1 12 1 1 7 1 10 11 12 1 1 7 1 10 12 1 7 1 10 12 1 1 10 7 1 12 1 1 18 12 1 1 10 7 1 12 1 1 10 12 1 1 100 1 1 1 1 1 1 100 1 1 1 10 12 1 1 100 1 10 12 1 1 10 12 1 1 100 1 10 12 1 10 12 1 1 11 7 1 12 1 1 10 12 1 100 1 11 12 1 10 12 1 1 10 12 1 1 10 12 1 1 1 1 1 1 1 1 1 1 1 100 1 1 1 10 12 11 9 12 10 7 1 12 1 1 1 1 1 1 10 7 1 12 1 10 12 1 1 10 10 12 1 1 1 1 1 1 7 1 10 12 1 1 1 1 1 10 12 1 1 10 100 1 12 1 1 8 1 8 1 8 1 1 1 1 1 1 10 12 1 1 7 1 10 12 1 1 10 12 1 1 1 1 100 1 1 1 1 1 10 12 1 11 100 1 12 1 100 1 10 12 1 1 1 1 1 11 100 1 12 1 100 1 10 12 1 1 9 100 1 12 1 1 1 1 1 1 1 10 7 1 12 1 1 15 1 16 10 12 15 16 10 100 1 12 1 15 8 1 1 100 1 100 1 1 100 1 1 1 1 1
staticfield org/eclipse/jdt/internal/core/JrtPackageFragmentRoot workingOnOldClasspath Ljava/lang/ThreadLocal; java/lang/ThreadLocal
staticfield org/eclipse/jdt/internal/core/JrtPackageFragmentRoot childrenCache Ljava/util/Map; java/util/concurrent/ConcurrentHashMap
ciInstanceKlass org/eclipse/jdt/internal/core/JavaProjectElementInfo 1 1 401 7 1 7 1 1 1 1 1 1 1 1 1 7 1 9 12 1 1 1 1 10 7 1 12 1 1 7 1 10 7 1 12 1 1 10 12 1 1 1 1 1 1 1 1 1 1 10 12 9 12 1 1 1 1 1 1 10 7 1 12 1 1 11 100 1 12 1 1 10 12 1 1 100 1 10 12 1 1 10 12 1 10 12 1 11 100 1 12 1 1 100 1 10 12 1 1 100 1 11 12 1 1 100 1 8 1 10 12 1 1 8 1 10 12 1 1 11 12 1 1 11 11 12 1 1 11 12 1 10 12 1 1 10 100 1 12 1 1 10 12 1 1 10 12 1 10 12 1 9 12 1 100 1 100 1 1 1 1 1 1 1 1 1 1 1 1 1 1 1 1 1 1 1 1 1 1 1 1 1 1 1 1 1 1 1 100 100 1 100 100 100 1 1 9 12 9 12 9 7 1 12 1 11 12 1 1 11 7 1 12 1 1 7 1 10 12 1 10 12 1 1 11 7 1 12 1 10 7 1 12 1 1 9 12 1 1 9 7 1 12 1 1 10 11 12 1 11 12 1 1 7 1 9 12 10 10 12 1 1 7 1 10 10 12 1 1 10 12 1 10 12 1 1 1 1 1 1 1 1 1 1 1 1 1 1 1 1 1 1 1 1 1 7 1 10 12 11 12 1 11 12 1 100 1 10 100 1 10 7 1 100 1 10 12 1 10 12 1 1 9 12 1 1 11 12 1 1 7 1 9 12 1 10 12 1 1 1 1 1 1 1 100 11 11 1 1 1 1 1 1 1 10 12 9 12 1 10 9 12 10 12 1 9 12 1 1 7 10 12 10 12 7 1 9 12 1 10 12 1 1 1 1 1 1 1 1 1 100 100 100 1 1 1 1 1 100 1 1 1 1
staticfield org/eclipse/jdt/internal/core/JavaProjectElementInfo NO_ROOTS [Lorg/eclipse/jdt/core/IPackageFragmentRoot; 0 [Lorg/eclipse/jdt/core/IPackageFragmentRoot;
ciInstanceKlass org/eclipse/jdt/internal/core/JavaModelStatus 1 1 401 7 1 7 1 100 1 100 1 1 1 1 1 1 1 1 1 1 1 1 1 1 1 7 1 9 12 9 7 1 12 1 10 12 1 1 9 12 1 1 100 1 8 1 8 1 10 12 1 7 1 9 12 9 12 1 1 1 9 7 1 12 1 1 1 1 1 9 12 1 9 12 1 1 1 1 1 1 10 12 1 1 1 1 1 1 1 1 1 1 1 1 10 12 1 1 1 1 1 1 1 1 10 12 1 1 9 12 1 9 12 1 9 12 1 9 12 1 10 12 1 1 11 100 1 12 1 10 12 1 1 9 12 1 9 12 1 10 12 1 9 12 1 9 12 1 9 12 1 9 12 1 9 12 1 100 1 9 12 1 10 12 1 8 1 10 12 1 1 10 9 12 1 9 12 1 9 12 1 100 1 8 1 10 12 1 9 12 1 9 12 1 9 12 1 9 12 1 9 12 1 100 1 10 12 1 1 9 12 1 9 12 1 8 1 9 12 1 9 12 1 9 12 1 9 12 1 9 12 1 11 12 1 100 1 10 12 1 1 9 12 1 9 12 1 9 12 1 9 12 1 9 12 1 9 12 1 100 1 11 12 1 1 10 12 1 1 10 100 1 12 1 1 11 12 1 9 12 1 11 10 12 1 1 11 100 1 12 9 12 1 9 12 1 9 12 1 10 11 12 1 1 9 12 1 9 12 1 9 12 1 10 12 1 9 12 1 9 12 1 9 12 1 9 12 1 9 12 1 10 100 1 12 10 100 1 1 1 1 1 1 1 1 1 1 1 1 1 1 1 1 1 100 1 1 10 12 11 1 1 1 100 1 1 1 1 1 1 1 10 12 10 12 1 1 10 12 1 1 1 1 1 1 10 12 1 1 8 1 10 8 1 10 12 1 8 1 10 1 1 1
staticfield org/eclipse/jdt/internal/core/JavaModelStatus NO_CHILDREN [Lorg/eclipse/core/runtime/IStatus; 0 [Lorg/eclipse/core/runtime/IStatus;
staticfield org/eclipse/jdt/internal/core/JavaModelStatus VERIFIED_OK Lorg/eclipse/jdt/core/IJavaModelStatus; org/eclipse/jdt/internal/core/JavaModelStatus
ciInstanceKlass org/eclipse/jdt/internal/core/util/Util 1 1 2200 7 1 7 1 1 1 1 3 1 1 8 1 1 1 1 1 1 1 1 1 1 1 1 1 1 1 1 1 8 1 1 1 1 1 1 9 7 1 12 9 8 1 10 7 1 12 1 1 9 12 8 1 9 12 8 1 9 12 8 1 9 12 8 1 9 12 8 1 9 12 8 1 9 12 8 1 9 12 8 1 9 12 8 1 9 12 7 1 10 12 1 9 12 1 1 10 12 1 1 1 1 10 7 1 12 1 1 1 1 1 1 1 1 1 1 1 10 12 1 1 10 12 1 1 1 1 1 1 1 1 1 1 1 1 1 1 1 1 10 100 1 12 1 1 1 1 1 1 1 1 1 1 1 1 1 1 7 1 1 10 12 1 10 12 1 1 1 1 1 1 1 1 100 1 1 7 1 10 10 12 1 1 10 10 12 1 10 12 1 1 1 1 1 1 1 1 1 1 1 1 10 12 1 1 1 1 1 1 1 10 12 1 10 12 1 1 1 100 1 8 1 1 1 100 1 10 12 1 100 1 10 12 1 1 10 12 1 9 7 1 12 1 8 1 10 12 1 1 100 1 100 1 1 1 1 1 1 1 1 100 1 1 1 10 100 1 12 1 1 1 1 1 1 1 10 12 1 1 1 1 1 1 1 1 1 10 12 1 1 1 1 10 12 1 10 1 1 1 1 10 12 1 1 1 1 1 1 1 1 1 1 100 1 1 10 12 1 1 10 12 1 1 1 1 1 10 12 1 1 10 7 1 12 1 10 12 1 10 100 1 12 1 1 10 12 1 1 1 1 11 100 1 12 1 1 11 7 1 12 1 10 12 11 12 1 10 12 1 1 7 1 100 1 1 1 1 1 1 100 1 1 8 1 8 1 8 1 1 1 1 1 1 11 100 1 12 1 1 11 100 1 12 1 10 12 1 1 1 1 1 1 1 1 100 1 11 100 1 1 1 1 11 100 1 1 1 1 11 100 1 1 1 1 11 100 1 1 1 1 1 100 1 10 12 9 100 1 12 1 10 12 1 1 11 100 1 12 1 1 1 1 1 1 1 10 12 1 1 11 12 1 11 100 1 12 1 1 10 7 1 12 1 1 11 7 1 12 1 1 100 1 10 12 1 10 11 7 1 12 1 1 11 12 1 1 10 100 1 12 1 1 1 1 1 1 1 1 1 1 1 1 9 12 8 1 10 12 1 1 1 9 12 8 1 10 7 1 12 1 1 11 7 1 12 1 1 7 1 10 11 12 1 1 11 7 1 12 1 1 11 12 1 1 8 1 10 12 1 10 12 10 12 1 1 11 7 1 12 1 1 11 12 1 1 1 1 1 1 1 1 1 1 1 1 1 1 1 100 1 1 10 12 1 1 11 12 1 1 10 12 1 10 12 1 10 12 1 1 10 12 1 1 10 12 1 1 100 1 5 0 10 12 1 1 10 100 1 12 1 1 11 100 1 12 1 100 1 10 10 12 1 10 100 1 12 1 1 11 12 1 10 12 1 1 100 1 100 1 1 1 1 1 1 1 1 1 1 1 1 1 1 1 1 7 1 100 1 1 10 12 1 1 10 12 1 1 1 10 12 10 12 1 100 1 100 1 11 100 1 12 1 1 10 12 1 10 12 1 1 8 1 8 1 11 100 1 12 1 1 9 100 1 12 1 1 9 12 1 1 1 1 1 1 1 10 12 10 12 1 1 7 1 9 12 1 10 12 1 10 12 1 1 10 12 1 1 10 12 1 1 10 12 1 10 12 1 11 12 1 11 12 1 1 10 12 1 11 7 1 12 1 11 12 1 1 1 1 1 1 1 1 1 1 1 100 1 1 1 10 10 12 1 10 12 1 1 1 1 1 1 1 1 10 12 10 100 1 12 1 10 12 1 1 100 1 1 1 1 10 12 1 9 12 1 10 12 1 1 1 1 1 1 1 100 1 11 12 1 1 100 1 10 12 1 1 1 1 11 12 1 1 10 12 1 1 1 1 1 100 1 10 12 1 1 11 100 1 12 1 1 18 12 1 11 100 1 12 1 1 18 12 1 11 12 1 1 10 7 1 12 1 100 1 10 10 12 1 10 12 1 1 10 12 1 1 1 1 1 1 1 1 1 1 9 12 1 1 11 7 1 12 1 10 12 1 1 11 12 1 1 11 12 1 1 10 12 1 1 7 1 8 1 11 12 1 18 12 1 10 12 1 1 1 11 12 1 1 1 100 1 10 12 1 10 12 1 9 12 1 1 1 1 10 100 1 12 1 100 1 10 12 1 10 12 1 100 1 10 12 10 12 1 11 100 1 10 12 1 1 10 100 1 100 1 10 12 1 8 1 10 12 1 10 100 1 12 100 1 10 12 1 10 100 1 100 1 10 12 1 10 12 1 8 1 8 1 100 1 10 12 10 10 10 18 12 1 1 1 1 1 1 1 1 1 1 1 1 1 1 1 10 12 1 10 12 1 1 1 9 100 1 12 1 1 10 12 1 10 100 1 100 1 9 12 11 12 1 1 1 1 1 1 1 1 1 9 100 1 12 1 9 1 1 11 12 1 1 11 100 1 12 1 1 11 100 1 12 1 11 12 1 1 1 1 1 1 1 1 1 1 1 1 100 1 9 100 1 11 100 1 12 1 11 12 1 100 1 9 12 1 11 12 1 1 100 1 9 12 1 9 100 1 12 1 10 100 1 12 1 10 12 1 10 12 1 10 12 1 10 12 1 1 9 10 12 1 10 12 1 11 12 1 9 10 12 1 10 100 1 12 1 1 10 12 1 9 12 1 1 10 12 1 10 100 1 10 12 1 1 11 100 1 11 12 1 1 10 100 1 12 1 1 1 1 1 1 1 1 1 1 1 1 1 1 1 1 1 1 1 1 1 1 1 100 1 100 1 100 100 100 10 12 1 100 1 10 12 1 1 10 12 1 10 12 1 10 12 1 10 12 1 10 12 1 10 12 1 10 12 1 10 12 1 10 12 1 10 12 100 1 10 12 1 18 10 12 100 1 9 12 1 11 12 1 1 10 12 1 10 12 1 100 1 9 12 1 1 10 12 11 12 1 1 11 10 11 12 1 11 1 1 1 1 1 1 1 1 100 1 1 1 11 11 12 1 11 1 1 1 1 1 1 1 10 12 1 1 1 10 12 1 1 1 1 1 1 1 10 100 1 12 1 1 11 100 1 12 1 1 10 12 1 11 12 1 1 10 100 1 12 1 1 1 10 12 1 1 11 12 1 7 1 10 12 1 10 12 1 10 12 1 10 12 1 11 12 1 11 12 1 1 10 12 1 1 11 10 12 1 1 1 1 1 10 12 1 1 1 10 7 1 12 1 1 11 7 1 12 1 1 1 1 10 12 1 1 10 12 1 1 1 10 12 1 1 1 1 10 7 1 12 1 1 1 1 1 1 1 10 12 1 1 100 1 10 12 1 10 12 1 1 1 1 1 100 1 8 1 10 11 12 1 11 10 12 1 1 10 12 1 1 10 12 1 10 12 1 1 9 12 1 1 10 10 100 1 12 1 10 100 1 12 1 1 11 100 1 1 1 1 1 10 12 1 1 11 9 100 1 12 1 10 12 1 1 10 12 1 1 100 1 10 10 12 10 12 1 10 12 1 10 12 1 1 1 1 1 1 1 10 12 1 1 10 11 12 1 10 12 1 1 1 1 1 1 1 10 12 10 12 1 1 1 1 1 1 1 1 11 100 1 12 1 1 10 12 1 1 1 10 12 1 11 100 1 12 1 10 12 1 1 1 10 12 10 12 1 1 11 12 1 11 12 1 1 1 1 1 1 1 1 1 10 12 1 1 1 1 1 1 1 1 10 12 1 11 12 1 1 1 1 1 1 1 1 1 1 1 10 12 1 1 100 1 10 10 12 1 1 1 10 12 1 1 10 12 1 10 12 1 1 1 1 9 12 1 1 1 1 1 1 1 1 10 12 1 1 11 100 1 12 1 1 1 1 1 1 1 1 1 10 12 1 1 1 1 10 12 1 10 1 1 1 10 12 1 1 10 12 1 1 10 12 1 1 1 1 10 12 1 1 1 10 12 10 12 10 12 1 10 12 1 1 10 12 1 10 12 10 12 1 1 8 1 10 12 1 1 1 1 1 1 1 1 1 1 1 10 100 1 12 1 9 100 1 10 12 1 1 1 1 1 1 1 1 100 9 12 1 3 100 1 9 12 1 1 10 12 1 1 100 1 9 10 12 1 1 1 1 1 1 10 12 1 1 10 12 1 1 10 12 10 12 1 1 1 1 10 12 1 1 100 1 1 11 100 1 12 100 1 10 12 1 1 1 1 1 1 1 7 1 10 12 1 100 1 9 7 1 12 1 10 12 1 10 12 100 1 10 100 1 10 10 12 1 10 12 1 100 10 12 10 10 12 1 1 1 1 1 1 1 1 1 1 1 1 1 1 10 12 1 10 12 1 10 12 1 10 12 1 1 10 100 1 12 1 10 12 1 1 10 100 1 12 1 10 12 1 1 10 12 1 10 12 1 1 10 100 1 12 1 10 12 1 1 10 100 1 12 1 10 12 1 10 7 1 12 1 10 12 1 10 100 1 12 1 10 12 1 1 1 1 4 6 0 5 0 1 10 12 1 1 1 1 1 1 1 1 10 12 1 1 1 1 10 12 1 1 1 10 12 1 10 12 1 1 10 12 1 10 12 1 10 12 1 18 12 18 12 1 1 1 1 1 8 1 10 12 1 8 1 8 1 10 12 11 12 1 8 1 8 1 1 1 1 1 1 1 1 1 1 11 12 1 11 12 1 10 100 1 12 11 11 12 1 1 1 1 100 1 11 100 1 12 1 1 11 12 1 1 11 12 1 18 10 1 1 1 1 1 1 1 1 10 100 1 12 1 1 15 16 10 12 15 16 1 16 10 12 15 16 10 7 1 12 1 15 8 1 8 1 8 1 8 1 8 1 8 1 1 100 1 100 1 1 1 1 1 1
staticfield org/eclipse/jdt/internal/core/util/Util BOOLEAN [C 7
staticfield org/eclipse/jdt/internal/core/util/Util BYTE [C 4
staticfield org/eclipse/jdt/internal/core/util/Util CHAR [C 4
staticfield org/eclipse/jdt/internal/core/util/Util DOUBLE [C 6
staticfield org/eclipse/jdt/internal/core/util/Util FLOAT [C 5
staticfield org/eclipse/jdt/internal/core/util/Util INT [C 3
staticfield org/eclipse/jdt/internal/core/util/Util LONG [C 4
staticfield org/eclipse/jdt/internal/core/util/Util SHORT [C 5
staticfield org/eclipse/jdt/internal/core/util/Util VOID [C 4
staticfield org/eclipse/jdt/internal/core/util/Util INIT [C 6
ciInstanceKlass org/eclipse/jdt/internal/compiler/ast/CompilationUnitDeclaration 1 1 903 7 1 7 1 100 1 100 1 1 1 1 1 1 3 1 1 1 1 1 1 1 1 1 1 1 1 1 1 1 1 1 1 1 1 1 1 1 1 1 1 1 1 1 1 1 1 1 1 1 1 1 1 1 1 1 1 1 1 1 1 1 1 7 1 10 12 1 9 12 1 1 1 10 9 12 9 12 10 7 1 12 1 1 9 12 9 12 9 12 9 12 1 9 12 1 1 1 1 1 1 100 1 10 12 1 100 1 10 100 1 10 1 1 1 1 1 9 12 9 12 10 7 1 12 1 9 12 10 100 1 10 12 1 1 1 1 1 100 1 10 12 1 11 7 1 12 1 1 11 7 1 12 1 1 11 7 1 12 1 1 100 1 10 12 9 12 1 1 11 12 1 1 9 12 9 12 10 7 1 9 7 1 12 1 1 10 12 1 1 9 7 1 12 1 1 9 12 1 9 12 1 1 9 12 1 9 12 1 1 9 12 10 7 1 12 1 10 12 1 1 1 1 1 1 1 1 1 100 9 12 1 9 12 1 10 7 1 12 1 9 12 1 10 1 1 1 9 12 1 9 100 1 12 1 9 7 1 12 1 10 12 1 10 7 1 12 1 1 1 1 1 100 1 1 10 12 1 9 7 1 12 1 1 9 12 1 9 12 1 9 12 9 1 1 1 10 12 1 1 1 100 1 10 12 1 9 12 1 9 12 1 1 9 12 7 1 10 12 1 1 10 7 1 12 1 1 10 12 1 1 10 12 1 9 100 1 12 1 10 12 1 10 12 1 9 12 9 12 10 12 1 1 10 12 1 1 10 12 1 10 12 1 1 3 10 12 1 10 12 1 10 7 1 12 1 1 9 100 1 9 12 1 10 7 1 12 1 1 9 12 1 1 100 1 9 12 1 1 9 100 1 12 1 1 9 100 1 12 1 10 12 1 100 1 10 12 1 1 10 12 1 1 10 12 1 1 9 9 10 12 1 1 10 12 1 1 10 12 1 1 10 12 1 1 1 1 1 1 1 1 1 1 1 1 1 1 1 1 1 1 1 1 1 1 1 1 1 1 1 1 1 1 1 1 1 1 1 1 1 1 1 1 1 1 1 100 100 100 100 1 9 10 12 10 12 1 1 1 1 1 10 12 1 9 12 1 1 10 12 1 1 10 12 1 1 11 7 1 12 1 100 1 9 12 9 12 1 10 1 9 12 1 1 10 12 1 1 1 1 9 12 1 1 1 10 12 1 8 1 10 100 1 12 1 1 10 12 1 8 1 8 1 10 12 1 8 1 10 12 10 8 1 10 1 1 1 1 100 9 12 9 12 1 10 7 1 12 1 1 9 3 10 12 1 1 1 9 12 9 100 1 10 100 1 12 1 10 12 1 9 12 10 9 12 10 7 1 12 1 1 1 1 1 1 1 1 7 1 10 12 1 1 7 1 9 12 1 9 9 9 7 1 12 1 1 10 12 1 1 10 12 1 1 1 1 1 10 12 1 1 1 1 1 1 9 12 1 100 1 10 9 10 100 1 12 1 1 11 12 1 1 1 1 100 1 10 12 1 100 1 10 12 1 1 10 12 1 10 12 1 1 1 1 9 12 1 1 10 7 1 12 1 1 9 12 10 12 1 1 1 10 12 10 12 100 1 9 12 1 10 12 1 10 12 9 12 1 10 12 1 9 12 1 10 12 1 9 12 1 100 1 3 10 12 1 9 9 12 1 10 12 1 1 10 9 12 1 10 12 1 1 10 12 10 12 10 12 1 1 1 1 9 12 9 100 1 12 9 12 10 12 1 10 100 1 12 1 1 10 12 1 1 100 1 9 12 1 10 12 1 9 12 1 9 12 1 1 1 1 1 1 1 1 1 1 1 1 1 1 1 1 10 12 1 1 1 1 10 100 1 12 1 1 10 12 1 10 10 12 10 10 10 12 1 1 1 1 1 1 1 100 1 100 1 1 11 12 9 7 1 9 12 11 12 1 10 12 1 1 9 12 1 1 1 100 1 100 1 1 1 1 1 100 1 1 100 1 1 1 1 1 1
staticfield org/eclipse/jdt/internal/compiler/ast/CompilationUnitDeclaration STRING_LITERAL_COMPARATOR Ljava/util/Comparator; org/eclipse/jdt/internal/compiler/ast/CompilationUnitDeclaration$1
instanceKlass org/eclipse/jdt/internal/core/ASTHolderCUInfo
ciInstanceKlass org/eclipse/jdt/internal/core/CompilationUnitElementInfo 1 1 58 7 1 7 1 1 1 1 1 1 1 1 1 1 1 1 1 1 1 1 9 12 1 1 1 10 12 9 12 9 12 1 1 1 1 9 12 1 1 7 1 10 12 1 1 1 1 1 1 1 9 12 1 1 1 1 1 1
instanceKlass org/eclipse/jdt/internal/core/JarPackageFragmentRootInfo
ciInstanceKlass org/eclipse/jdt/internal/core/PackageFragmentRootInfo 1 1 233 7 1 7 1 1 1 1 1 1 1 1 1 1 1 10 12 9 12 100 1 9 12 9 12 1 1 9 12 1 1 1 1 1 1 1 100 1 100 1 11 100 1 12 1 1 11 12 1 1 10 100 1 12 1 1 8 1 11 100 1 12 1 1 8 1 11 12 1 1 100 1 10 12 1 1 11 12 1 1 11 12 1 1 10 100 1 12 1 1 10 12 1 1 10 12 1 11 12 1 1 10 12 1 1 10 12 1 10 100 1 12 1 1 11 10 100 1 12 1 1 100 1 100 1 10 12 1 10 12 1 100 1 1 1 1 1 1 1 1 1 1 1 1 1 1 1 1 1 1 1 1 1 1 1 1 1 1 1 1 1 100 100 100 1 100 100 1 1 9 12 1 10 100 1 12 1 1 10 12 1 10 12 1 1 1 1 100 1 1 10 12 1 1 1 1 1 10 12 1 1 100 1 10 12 1 9 12 1 11 100 1 12 1 11 100 1 12 1 1 1 1 1 1 1 1 1 1 1 1 1 1 1
ciInstanceKlass org/eclipse/jdt/internal/core/JarPackageFragment 1 1 394 7 1 7 1 1 1 1 10 12 1 1 1 1 1 1 1 1 1 1 1 100 1 10 12 1 1 7 1 10 12 1 1 7 1 9 12 1 1 9 12 10 7 1 12 1 1 11 7 1 12 1 1 7 1 10 12 1 1 7 1 10 12 1 1 10 12 1 1 10 12 1 1 10 12 1 10 12 1 1 10 12 1 1 11 12 1 1 1 1 1 1 1 1 1 1 1 1 1 1 1 1 1 1 1 11 7 1 12 1 1 9 12 1 1 7 1 11 12 1 7 1 100 1 8 1 10 12 1 1 7 1 10 12 1 7 1 10 7 1 12 1 1 10 12 1 1 1 1 1 1 1 1 1 1 1 100 1 11 12 1 1 9 7 1 12 1 1 7 1 10 12 1 7 1 10 11 12 1 1 11 7 1 12 1 1 10 7 1 12 1 1 7 1 10 12 1 11 7 1 12 1 1 10 12 1 7 1 11 12 1 1 10 10 11 12 1 10 12 1 1 10 12 1 11 12 1 10 7 1 10 11 12 1 10 12 1 1 11 7 1 7 1 11 12 1 11 12 1 10 7 1 10 7 1 10 10 12 1 10 18 12 1 1 10 12 1 1 1 1 1 1 1 1 1 1 1 1 1 1 1 1 1 1 1 1 1 1 1 1 1 1 1 1 1 1 1 100 1 10 10 12 1 1 100 1 100 1 10 12 1 10 12 1 1 1 1 1 1 1 1 10 1 1 10 12 1 1 18 100 1 1 1 1 1 9 12 1 1 1 1 1 1 10 12 1 10 12 1 1 1 10 12 1 10 12 1 1 1 1 7 1 1 1 100 1 1 1 1 10 7 1 12 1 1 15 16 10 12 15 16 16 10 12 15 16 1 100 1 100 1 1 1 1
ciInstanceKlass org/eclipse/jdt/internal/core/JarPackageFragmentRootInfo 1 1 27 100 1 7 1 1 1 1 1 1 1 1 1 1 10 12 1 1 1 1 1 1 1 100 1 1 1
ciInstanceKlass org/eclipse/jdt/ls/core/internal/handlers/BaseDocumentLifeCycleHandler$2 1 1 76 7 1 7 1 1 1 1 1 1 1 1 1 1 9 12 9 12 9 12 10 12 1 1 1 1 1 1 1 11 100 1 12 1 1 11 100 1 12 1 1 11 12 1 1 100 1 100 1 10 12 1 9 12 1 1 1 1 1 1 1 1 1 1 1 1 1 1 1 100 1 12 1 1 1 1
instanceKlass org/eclipse/jdt/internal/core/BinaryField
instanceKlass org/eclipse/jdt/internal/core/BinaryMethod
instanceKlass org/eclipse/jdt/internal/core/BinaryModule
instanceKlass org/eclipse/jdt/internal/core/BinaryType
ciInstanceKlass org/eclipse/jdt/internal/core/BinaryMember 1 1 228 100 1 7 1 1 1 1 10 12 1 1 1 1 1 1 1 1 1 10 12 1 1 1 1 1 100 1 100 1 100 1 10 12 1 10 12 1 1 1 1 1 1 1 1 1 1 1 10 12 1 1 9 100 1 12 1 1 100 1 10 100 1 12 1 1 10 100 1 12 1 1 1 1 1 1 1 1 1 1 1 1 1 100 1 100 1 10 100 1 12 1 1 10 12 1 10 1 1 100 1 5 0 100 1 10 12 1 5 0 9 100 1 12 1 10 12 10 12 1 1 5 0 9 12 1 5 0 9 12 1 5 0 9 12 1 5 0 9 12 1 5 0 9 12 1 10 12 1 1 10 12 1 1 1 1 1 10 12 1 1 10 12 1 1 11 100 1 12 1 1 9 100 1 12 1 1 10 100 1 12 1 1 100 1 9 12 1 1 1 1 1 10 12 1 1 1 1 1 10 12 1 9 12 1 1 1 10 12 1 1 1 10 12 1 1 100 1 11 12 1 1 1 1 1 1 1 1
instanceKlass org/eclipse/jdt/internal/core/ResolvedBinaryType
ciInstanceKlass org/eclipse/jdt/internal/core/BinaryType 1 1 1159 7 1 7 1 7 1 100 1 1 1 1 1 1 1 1 1 1 1 1 1 1 7 1 9 12 7 1 9 12 9 12 7 1 9 12 9 7 1 12 1 1 11 7 1 12 1 1 9 12 1 1 1 1 10 12 1 1 1 1 1 1 10 12 1 1 1 1 1 100 1 10 12 1 1 10 100 1 12 1 1 1 1 1 1 1 1 1 1 9 100 1 12 1 1 10 12 1 1 1 1 1 1 1 1 1 1 1 1 1 1 100 1 8 1 10 12 1 100 1 10 12 1 10 12 1 1 1 1 1 1 1 10 12 1 1 1 10 12 1 1 10 100 1 12 1 1 10 100 1 12 1 1 100 1 10 12 1 1 10 12 1 10 12 1 1 11 100 1 12 1 1 10 100 1 12 1 1 10 12 1 1 10 12 1 1 10 100 1 12 1 1 10 12 1 10 12 1 100 1 10 12 1 10 12 1 10 12 1 1 10 12 1 9 100 1 12 1 10 100 1 12 1 1 10 12 1 1 9 100 1 12 1 1 9 12 1 1 18 12 1 1 10 7 1 12 1 9 12 1 18 1 1 1 1 1 1 1 1 1 1 1 1 100 100 100 100 1 100 1 1 1 100 1 100 1 10 12 1 10 12 1 1 1 1 1 1 1 1 1 1 1 1 1 10 12 1 1 1 10 12 1 1 10 12 1 1 1 1 1 1 1 10 12 1 1 11 7 1 12 1 11 12 1 1 10 12 1 1 1 1 1 1 9 12 1 1 1 1 10 12 10 12 1 1 11 12 1 1 9 100 1 12 1 1 100 1 10 100 1 12 1 1 100 1 10 10 100 1 12 1 1 9 12 1 1 1 1 1 1 1 1 1 1 1 1 100 10 12 1 1 10 100 1 12 1 10 12 1 1 1 11 100 1 12 1 11 12 1 10 100 1 12 1 1 11 10 12 1 1 10 100 1 12 1 1 10 12 1 1 10 12 1 18 12 1 11 100 1 12 1 1 11 12 1 18 11 12 1 10 12 1 1 10 100 1 12 1 1 10 100 1 12 1 10 1 1 1 1 1 1 1 1 1 1 1 10 12 1 1 10 12 1 1 9 7 1 12 1 1 10 12 1 1 10 12 1 1 1 1 1 100 1 1 1 1 100 1 10 1 1 1 10 12 1 10 12 1 1 10 100 1 12 1 10 12 1 1 10 12 1 1 1 1 1 1 10 12 10 12 1 1 11 100 1 12 1 1 11 12 1 10 12 1 11 12 1 1 1 1 1 1 1 1 1 100 1 10 12 1 1 1 11 12 1 1 10 12 1 10 12 1 1 1 1 1 10 12 1 1 10 100 1 12 1 10 12 1 10 12 10 12 10 100 1 12 1 1 10 12 1 1 100 1 10 100 1 10 12 1 1 10 12 1 18 12 1 10 12 1 1 10 12 8 1 10 12 1 100 1 10 100 1 10 1 1 1 1 1 1 1 1 1 1 1 1 1 1 1 1 1 1 1 100 1 10 12 1 1 1 1 1 10 12 1 1 100 1 10 12 1 1 11 12 11 12 1 10 100 1 12 1 1 1 1 11 12 1 10 12 1 1 10 12 1 1 10 12 1 11 12 1 10 12 1 1 1 1 1 1 1 1 1 10 12 11 11 10 12 1 18 10 12 1 1 1 1 1 11 12 1 1 9 12 1 10 12 1 1 1 1 1 11 12 1 1 1 1 1 1 10 12 1 9 12 1 1 100 1 10 12 1 1 1 100 10 12 1 1 10 12 1 10 12 1 1 1 1 10 12 1 18 1 1 10 12 10 12 1 1 1 11 12 1 10 7 1 12 1 1 1 1 1 1 11 12 1 11 12 1 1 1 10 12 1 1 1 10 100 1 12 1 1 1 1 10 12 1 1 100 1 10 100 1 12 1 1 10 12 1 10 12 1 1 10 12 1 1 1 1 1 1 1 100 1 10 12 1 1 100 10 12 1 1 1 1 10 12 1 1 9 100 1 12 1 11 12 1 10 100 1 10 12 1 1 1 1 100 1 10 12 10 12 1 1 100 1 9 12 10 100 1 12 1 10 12 1 10 12 1 10 12 1 1 1 11 12 18 10 12 1 18 18 18 10 12 1 10 12 1 1 1 1 1 10 12 1 10 12 1 10 12 1 1 8 1 9 12 1 8 1 10 12 8 1 10 12 8 1 10 12 8 1 8 1 18 1 1 10 8 1 1 1 10 12 1 1 11 100 1 12 1 1 10 12 1 1 10 12 1 1 9 100 1 12 1 1 10 100 1 10 12 1 1 10 100 1 12 1 10 10 10 10 10 12 1 1 10 12 1 10 12 1 1 11 10 12 1 1 8 1 11 12 1 100 1 10 10 12 1 1 10 12 1 1 1 1 1 1 1 1 1 1 1 100 1 1 10 12 1 1 11 100 1 1 1 1 1 11 10 12 1 1 11 12 1 11 12 1 1 100 1 100 1 11 12 1 11 1 1 1 100 1 8 1 11 12 1 1 10 100 1 12 1 1 100 1 5 0 10 1 10 12 100 1 3 1 10 12 1 1 1 1 10 100 1 12 1 15 8 1 8 1 8 1 8 1 8 1 8 1 1 100 1 100 1 1 1 1
staticfield org/eclipse/jdt/internal/core/BinaryType NO_FIELDS [Lorg/eclipse/jdt/core/IField; 0 [Lorg/eclipse/jdt/core/IField;
staticfield org/eclipse/jdt/internal/core/BinaryType NO_METHODS [Lorg/eclipse/jdt/core/IMethod; 0 [Lorg/eclipse/jdt/core/IMethod;
staticfield org/eclipse/jdt/internal/core/BinaryType NO_TYPES [Lorg/eclipse/jdt/core/IType; 0 [Lorg/eclipse/jdt/core/IType;
staticfield org/eclipse/jdt/internal/core/BinaryType NO_INITIALIZERS [Lorg/eclipse/jdt/core/IInitializer; 0 [Lorg/eclipse/jdt/core/IInitializer;
staticfield org/eclipse/jdt/internal/core/BinaryType EMPTY_JAVADOC Lorg/eclipse/jdt/internal/core/IJavadocContents; org/eclipse/jdt/internal/core/JavadocContents
ciInstanceKlass org/eclipse/jdt/core/IModularClassFile 1 0 198 100 1 100 1 100 1 1 1 1 100 1 1 1 1 100 1 8 1 1 12 10 1 1 1 8 1 1 1 8 1 1 1 8 1 1 8 1 1 1 8 1 1 1 8 1 1 1 8 1 1 1 8 1 1 1 8 1 1 1 8 1 1 8 1 1 8 1 1 1 8 1 1 8 1 1 1 8 1 1 8 1 1 8 1 1 1 8 1 1 1 8 1 1 1 8 1 1 1 8 1 1 1 8 1 1 8 1 1 8 1 1 1 8 1 1 1 8 1 1 8 1 1 8 1 1 1 8 1 1 1 8 1 1 1 8 1 1 1 8 1 1 8 1 1 8 1 1 8 1 1 8 1 1 8 1 1 1 8 1 1 8 1 1 1 8 1 1 8 1 1 1 8 1 1 8 1 1 8 1 1 8 1 1 8 1 1 8 1 1 8 1 1 8 1 1 8 1
instanceKlass org/eclipse/jdt/internal/core/JarPackageFragmentInfo
ciInstanceKlass org/eclipse/jdt/internal/core/PackageFragmentInfo 1 1 61 7 1 7 1 1 1 1 10 12 9 12 1 1 1 1 1 1 1 1 9 12 1 1 1 1 1 100 1 10 100 1 12 1 1 10 12 1 10 100 1 12 1 1 9 12 1 100 1 1 1 1 1 1 1 1 100 1 100 1 1
ciInstanceKlass org/eclipse/jdt/internal/core/util/DeduplicationUtil 1 1 129 7 1 100 1 1 1 1 1 1 1 1 1 1 1 1 7 1 10 12 1 9 12 9 12 7 1 10 9 12 1 1 10 1 1 1 1 1 10 12 1 1 1 1 1 1 100 1 1 1 10 12 1 1 100 1 1 7 1 10 12 1 1 1 1 1 9 100 1 12 1 1 1 1 1 100 1 1 11 7 1 12 1 1 11 12 1 1 10 12 1 7 1 10 12 1 11 12 1 1 11 7 1 12 1 1 10 12 1 11 12 1 1 11 12 1 1 10 12 1 1 1 1 1 1 1 1 1 1
staticfield org/eclipse/jdt/internal/core/util/DeduplicationUtil objectCache Lorg/eclipse/jdt/internal/core/util/WeakHashSet; org/eclipse/jdt/internal/core/util/WeakHashSet
staticfield org/eclipse/jdt/internal/core/util/DeduplicationUtil stringSymbols Lorg/eclipse/jdt/internal/core/util/WeakHashSet; org/eclipse/jdt/internal/core/util/WeakHashSet
staticfield org/eclipse/jdt/internal/core/util/DeduplicationUtil charArraySymbols Lorg/eclipse/jdt/internal/core/util/WeakHashSetOfCharArray; org/eclipse/jdt/internal/core/util/WeakHashSetOfCharArray
ciInstanceKlass org/eclipse/jdt/internal/core/util/WeakHashSet 1 1 136 7 1 7 1 1 1 1 1 1 1 1 1 1 1 1 1 1 10 12 1 1 1 1 1 1 1 10 12 7 1 10 9 12 9 12 9 12 4 7 1 9 12 1 1 1 1 1 1 1 10 12 1 10 12 1 1 3 10 12 1 1 10 12 1 1 10 12 1 10 12 1 1 1 1 1 1 1 1 1 1 1 1 1 9 12 1 10 12 1 1 1 1 1 1 1 100 1 1 1 10 12 10 12 1 100 1 1 1 100 1 8 1 10 12 1 10 12 10 12 1 1 8 1 8 1 10 1 1 1 1 1 1 1 1 1
ciInstanceKlass org/eclipse/jdt/internal/core/util/WeakHashSet$HashableWeakReference 1 1 80 7 1 7 1 1 1 1 1 1 1 1 10 12 10 7 1 12 1 9 12 1 1 1 1 1 1 1 1 1 1 1 1 1 1 10 12 1 1 10 12 1 1 1 1 1 1 18 12 1 1 10 12 18 12 1 1 1 1 1 10 100 1 12 1 15 8 1 8 1 1 100 1 100 1 1 100 1 1 1
ciInstanceKlass org/eclipse/jdt/internal/core/JarPackageFragmentInfo 1 1 22 100 1 7 1 1 1 1 10 12 1 1 1 1 1 1 9 12 1 1 1 1
ciInstanceKlass org/eclipse/jdt/internal/core/ModularClassFile 1 1 498 7 1 7 1 100 1 1 1 1 1 1 7 1 10 12 1 9 12 1 1 1 100 1 8 1 10 12 1 1 1 1 1 1 1 1 100 1 1 1 10 12 1 1 9 100 1 12 1 1 10 7 1 12 1 1 7 1 10 12 1 11 7 1 12 1 1 7 1 10 12 1 1 10 12 1 1 10 7 1 12 1 1 7 1 10 1 1 1 1 1 1 1 1 1 1 1 1 1 1 1 100 1 1 1 10 12 1 1 100 1 10 7 1 12 1 1 8 1 10 12 1 1 10 12 1 10 12 1 1 1 1 1 1 1 1 1 1 1 1 1 1 10 12 1 1 11 100 1 12 1 10 12 1 1 1 1 1 1 1 1 1 1 1 1 1 1 1 100 1 8 1 10 12 1 10 12 1 10 12 1 1 10 100 1 12 1 1 10 100 1 12 1 8 1 10 7 1 12 1 1 100 1 10 12 1 10 12 1 100 1 100 1 100 1 1 1 1 1 1 1 10 7 1 12 1 1 7 1 7 1 9 12 1 100 1 10 12 1 1 10 12 1 1 7 1 9 12 1 1 10 12 1 10 7 1 12 1 1 10 12 1 1 10 12 1 1 11 7 1 12 1 18 12 1 1 7 1 10 12 1 10 12 1 10 12 1 1 1 1 1 1 1 1 1 1 1 1 1 1 1 100 1 1 1 11 12 1 11 12 1 1 10 12 1 1 10 12 1 1 10 12 1 1 1 1 1 1 1 1 1 100 1 1 1 10 12 1 1 10 100 1 12 1 10 12 1 10 12 1 10 12 1 1 1 1 1 1 1 1 1 1 1 1 1 1 1 100 1 9 100 1 12 1 1 10 12 1 10 12 1 1 10 12 1 1 10 100 1 12 1 100 1 10 12 1 10 12 1 1 1 1 1 1 1 1 1 1 100 1 100 1 100 1 1 1 10 10 12 1 1 1 10 12 1 1 10 100 1 12 1 1 10 12 1 1 10 12 1 1 11 12 1 1 11 12 1 1 100 1 10 12 1 10 12 1 1 1 100 10 10 1 100 1 1 10 12 1 1 10 12 11 12 1 1 10 12 1 1 1 1 1 1 10 7 1 12 1 15 8 1 1 100 1 100 1 1 1
staticfield org/eclipse/jdt/internal/core/ModularClassFile notExists Lorg/eclipse/jdt/internal/core/ClassFileInfo; org/eclipse/jdt/internal/core/ClassFileInfo
ciInstanceKlass org/eclipse/jdt/internal/core/ClassFileInfo 1 1 616 7 1 7 1 100 1 1 1 1 1 1 1 1 10 12 9 12 1 1 1 1 1 1 1 1 10 12 1 1 1 1 1 1 1 1 1 1 1 1 10 12 1 1 10 12 1 1 1 1 1 1 1 7 1 7 100 7 1 1 1 1 1 1 1 11 7 1 12 1 1 10 7 1 12 1 1 10 7 1 12 1 1 7 1 7 1 10 12 1 10 12 1 11 12 1 1 11 12 1 1 11 12 1 1 11 7 1 12 1 1 11 12 1 10 12 7 1 1 1 1 1 1 1 1 1 1 1 1 1 1 100 100 1 1 100 1 5 0 5 0 9 7 1 12 1 1 10 12 1 1 10 12 1 1 5 0 9 12 1 9 12 1 1 5 0 9 12 1 5 0 9 12 1 5 0 9 12 1 5 0 9 12 1 1 1 10 12 1 1 10 12 1 7 1 10 9 12 1 1 1 9 12 1 9 12 1 18 12 1 1 5 0 9 12 1 18 9 12 1 18 7 1 7 1 10 12 1 1 1 1 1 11 7 1 12 1 1 11 12 1 1 11 7 1 12 1 1 100 1 7 1 11 10 7 1 12 1 1 10 10 7 1 12 1 11 12 1 1 11 12 1 1 10 12 1 1 1 1 1 1 1 1 1 1 1 1 1 100 7 1 1 11 12 1 1 100 1 11 100 1 10 12 1 11 11 1 1 1 1 1 100 1 1 1 11 12 1 1 100 1 11 12 1 1 7 1 11 7 1 10 7 1 12 1 18 12 1 11 12 1 1 7 1 10 12 1 10 12 1 10 1 1 1 1 1 1 1 1 1 1 100 1 1 1 11 12 1 1 11 7 1 12 1 11 12 1 11 12 1 11 12 1 10 12 1 1 10 100 1 12 1 1 11 12 1 11 12 1 1 11 12 1 11 12 1 10 100 1 12 1 1 10 12 10 12 1 1 7 1 10 12 1 11 12 1 1 18 12 1 11 12 1 11 12 1 1 100 1 9 12 1 1 10 12 1 11 10 12 1 1 11 11 12 1 100 1 100 1 1 1 1 1 1 1 1 1 1 1 1 1 1 1 1 1 1 1 1 1 1 1 1 1 1 1 100 100 100 1 100 1 10 12 1 1 10 12 1 10 12 1 1 10 12 1 7 1 10 12 1 7 1 10 9 12 1 9 12 1 1 1 1 1 1 1 1 1 1 1 1 100 1 1 1 1 10 10 12 1 1 11 11 11 10 12 10 12 10 12 10 12 10 12 1 10 12 1 1 9 12 1 9 12 7 1 1 1 1 1 1 10 100 1 12 1 1 10 12 1 1 10 12 1 1 9 12 1 1 1 1 1 1 100 100 1 1 1 10 7 1 12 1 15 8 1 8 1 8 1 1 100 1 100 1 1 1
ciInstanceKlass org/eclipse/jdt/internal/core/BinaryModule 1 1 297 7 1 7 1 100 1 1 1 1 1 1 10 12 1 1 1 1 1 1 1 1 1 11 7 1 12 1 10 7 1 12 1 1 9 12 1 1 1 100 1 10 12 1 1 100 1 10 12 1 1 1 1 1 1 1 10 12 11 12 1 11 12 1 1 5 0 10 12 1 1 1 1 1 1 1 1 9 12 1 1 1 1 1 100 1 10 12 1 1 100 1 100 1 1 1 1 1 11 100 1 12 1 100 1 1 1 100 1 1 1 10 12 1 1 1 1 1 10 12 1 1 10 12 1 1 10 12 1 1 10 100 1 12 1 9 12 1 1 1 1 1 1 10 12 1 1 11 100 1 12 1 1 1 1 1 1 10 100 1 12 1 1 10 12 1 1 10 100 1 12 1 1 10 12 1 1 9 100 1 12 1 1 10 100 1 12 1 1 9 100 1 12 1 10 12 1 1 100 1 10 100 1 12 1 10 12 1 10 12 1 10 12 1 1 10 12 1 1 10 12 1 10 12 1 100 1 8 1 11 100 1 12 1 100 1 10 12 1 10 100 1 12 1 1 10 12 1 1 11 12 1 1 10 12 1 1 1 1 1 1 1 1 1 1 100 1 1 10 10 12 1 1 9 12 1 8 1 10 12 1 1 10 12 1 1 1 1 1 1 10 12 1 1 1 1 1
ciInstanceKlass org/eclipse/jdt/internal/compiler/classfmt/ClassFileReader 1 1 1066 7 1 7 1 100 1 1 1 1 1 1 1 1 1 1 1 1 1 1 1 1 1 1 1 1 1 1 1 1 1 1 1 1 1 1 1 1 1 1 1 1 1 1 1 1 1 1 1 1 1 1 1 1 1 1 1 1 100 1 10 12 1 1 100 1 10 12 1 100 1 8 1 10 12 1 1 8 1 8 1 8 1 8 1 8 1 100 1 3 8 1 10 12 1 10 12 1 1 1 1 1 1 1 1 1 1 1 1 100 1 100 1 10 12 1 1 1 10 100 1 12 1 1 10 100 1 12 1 1 10 12 1 10 100 1 12 1 1 10 12 1 10 12 1 1 1 1 1 1 1 100 100 1 1 10 12 1 1 10 12 1 1 1 1 1 10 12 1 10 12 1 1 10 12 1 1 1 1 1 1 11 100 1 12 1 10 12 1 10 100 1 12 1 1 1 1 1 1 1 1 1 10 12 1 1 1 1 10 100 1 12 1 1 10 12 1 1 10 12 1 10 12 1 1 10 12 1 18 12 1 1 10 12 1 10 100 1 12 1 10 100 1 12 1 1 1 1 100 1 9 12 1 1 10 12 1 1 8 1 10 12 1 1 18 12 1 8 10 12 1 100 1 10 12 100 1 1 1 1 1 1 10 12 1 10 12 10 12 1 1 9 12 9 12 9 7 1 7 10 12 1 10 12 1 9 12 10 12 1 1 9 12 9 12 9 12 1 1 10 12 1 9 12 100 1 8 1 10 10 12 1 1 10 7 1 12 1 1 9 12 9 12 9 7 1 12 1 10 7 1 12 1 1 3 9 12 9 12 9 12 7 1 9 12 9 12 1 10 12 1 1 10 12 1 1 9 12 7 1 9 12 10 7 1 12 1 1 10 12 1 10 10 12 1 1 10 12 1 9 7 1 12 1 9 12 9 12 1 3 9 12 1 7 1 9 12 10 9 12 1 9 12 10 12 1 9 12 1 9 12 100 1 5 0 9 12 1 9 12 1 9 12 1 9 12 1 10 12 1 1 9 12 1 9 12 1 10 12 1 9 12 1 9 12 1 10 12 1 1 9 12 1 100 9 12 10 12 1 1 9 12 1 10 12 1 1 10 9 12 9 12 1 9 12 9 12 9 12 10 12 1 1 9 12 9 12 9 12 9 12 10 12 1 100 1 1 1 1 1 1 1 1 1 1 1 1 1 1 1 1 1 1 1 1 1 1 1 1 1 1 100 9 12 9 12 100 1 9 12 10 12 1 1 10 1 1 1 1 9 7 1 12 1 1 1 1 1 1 1 1 1 1 7 1 10 12 1 9 12 9 12 1 5 0 5 0 5 0 10 7 1 12 1 1 1 1 1 1 1 1 1 1 1 100 100 1 10 9 9 12 1 100 1 1 1 1 1 1 1 1 9 12 100 1 10 10 12 1 1 10 1 1 1 1 1 1 1 1 1 1 1 10 12 1 1 1 1 1 1 7 1 9 12 1 9 12 1 1 1 1 1 1 100 100 1 1 1 1 1 10 12 9 12 10 12 10 12 10 12 1 1 10 12 1 1 10 12 1 1 1 1 1 1 1 1 1 1 10 12 1 10 12 1 1 1 1 1 1 1 1 1 1 10 10 12 1 10 12 1 1 1 1 1 1 1 1 10 12 1 1 10 5 0 10 12 10 12 10 12 1 1 5 0 10 12 10 12 1 1 10 12 10 12 10 12 10 12 10 12 11 11 10 12 100 10 100 1 12 1 1 10 12 10 12 10 12 10 12 10 12 1 1 1 1 1 1 1 1 1 1 1 1 1 1 1 1 1 1 1 1 100 10 12 1 1 10 100 1 12 1 1 1 1 1 1 1 1 11 100 1 12 1 10 12 1 1 11 12 1 1 9 12 1 11 100 1 11 12 1 1 100 1 10 100 1 12 1 9 12 1 1 1 1 1 1 1 1 1 1 1 1 1 1 100 10 10 10 10 10 10 10 10 12 1 10 12 1 1 10 100 1 12 1 10 12 1 1 10 12 1 10 12 1 1 10 12 1 1 10 12 1 1 10 12 1 10 12 1 1 10 12 1 1 10 10 12 1 10 1 1 1 1 1 10 10 10 10 10 12 1 10 12 1 1 10 10 12 1 10 12 1 10 12 1 1 1 1 1 1 1 1 1 1 100 1 10 12 1 1 11 12 1 1 1 1 1 1 1 100 11 12 1 100 1 1 1 10 10 10 10 10 12 10 12 1 10 12 1 1 1 1 1 1 1 1 1 1 100 1 10 10 12 1 10 100 1 18 10 12 1 18 8 1 18 18 10 12 10 12 18 12 1 10 1 1 1 1 1 1 10 10 1 1 1 1 1 10 100 1 12 1 15 8 1 8 1 8 1 8 1 8 1 8 1 8 1 1 100 1 100 1 1 100 1 1
instanceKlass org/eclipse/jdt/internal/core/CompilationUnitStructureRequestor$2
ciInstanceKlass org/eclipse/jdt/internal/core/SourceTypeElementInfo 1 1 306 7 1 7 1 100 1 1 1 1 1 1 1 1 1 1 1 1 1 1 1 1 1 1 1 1 1 1 1 1 1 1 1 1 1 7 1 9 12 7 1 9 12 7 1 9 12 7 1 9 12 7 1 9 12 1 1 1 10 12 9 7 1 12 1 1 9 12 9 12 9 7 1 12 1 9 12 1 1 1 1 9 12 100 1 10 10 7 1 12 1 1 10 12 1 1 1 1 1 1 1 1 1 1 1 1 1 11 7 1 12 1 1 11 7 1 12 1 1 10 12 1 1 100 1 1 1 1 1 1 10 12 1 1 100 1 10 1 1 1 1 1 1 1 1 100 100 10 7 1 12 1 1 1 1 1 1 11 12 1 1 11 7 1 12 1 1 10 7 1 12 1 1 1 1 1 100 1 10 1 1 1 1 100 1 1 10 12 1 1 9 12 1 9 12 1 1 10 12 1 1 10 1 1 1 1 1 100 100 1 1 1 10 12 1 1 100 1 10 1 1 1 1 1 1 100 100 1 11 12 1 1 9 12 1 1 1 100 100 1 9 12 1 1 1 1 1 100 1 9 12 1 100 11 100 1 1 1 11 1 1 1 1 1 1 1 1 10 100 1 18 12 1 1 1 10 12 1 10 12 1 10 12 1 1 1 10 100 1 12 1 15 8 1 1 100 1 100 1 1 1 7 1 1 12 10
staticfield org/eclipse/jdt/internal/core/SourceTypeElementInfo NO_IMPORTS [Lorg/eclipse/jdt/internal/compiler/env/ISourceImport; 0 [Lorg/eclipse/jdt/internal/compiler/env/ISourceImport;
staticfield org/eclipse/jdt/internal/core/SourceTypeElementInfo NO_INITIALIZERS [Lorg/eclipse/jdt/internal/core/InitializerElementInfo; 0 [Lorg/eclipse/jdt/internal/core/InitializerElementInfo;
staticfield org/eclipse/jdt/internal/core/SourceTypeElementInfo NO_FIELDS [Lorg/eclipse/jdt/internal/core/SourceField; 0 [Lorg/eclipse/jdt/internal/core/SourceField;
staticfield org/eclipse/jdt/internal/core/SourceTypeElementInfo NO_METHODS [Lorg/eclipse/jdt/internal/core/SourceMethod; 0 [Lorg/eclipse/jdt/internal/core/SourceMethod;
staticfield org/eclipse/jdt/internal/core/SourceTypeElementInfo NO_TYPES [Lorg/eclipse/jdt/internal/core/SourceType; 0 [Lorg/eclipse/jdt/internal/core/SourceType;
ciInstanceKlass org/eclipse/jdt/internal/core/ImportContainerInfo 1 1 28 7 1 7 1 1 1 1 1 1 10 12 9 7 1 12 1 1 9 12 1 1 1 1 1 1 1 1
ciInstanceKlass org/eclipse/jdt/internal/core/ImportDeclarationElementInfo 1 1 53 7 1 7 1 100 1 1 1 1 1 1 1 10 12 9 12 9 12 1 1 1 1 1 1 1 1 1 1 1 100 1 10 12 1 1 1 10 12 1 10 12 1 10 12 1 10 12 1 10 12 1 1
instanceKlass org/eclipse/jdt/internal/compiler/lookup/MissingTypeBinding
ciInstanceKlass org/eclipse/jdt/internal/compiler/lookup/BinaryTypeBinding 1 1 1876 7 1 7 1 1 1 1 1 1 1 1 1 1 1 1 1 1 1 1 1 1 1 1 1 1 1 1 1 1 1 1 1 1 1 1 1 1 1 1 1 1 1 1 1 1 1 1 1 1 1 1 1 1 8 1 10 7 1 12 1 1 9 12 7 1 9 12 7 1 10 12 1 9 12 7 1 10 9 12 1 1 100 1 1 1 7 1 7 1 10 12 1 9 7 1 12 1 1 10 7 1 12 1 1 7 1 10 12 1 1 7 1 10 10 12 1 1 10 12 1 7 1 10 12 1 10 12 1 10 12 1 1 10 12 1 1 7 1 7 1 10 12 100 1 10 1 1 1 1 1 1 1 1 1 1 1 1 1 1 100 1 1 10 12 1 9 12 9 12 1 1 100 1 5 0 5 0 5 0 1 1 1 1 7 1 9 12 1 1 8 1 10 12 1 10 12 1 11 12 1 1 9 7 1 12 1 1 7 1 11 7 1 12 1 11 12 1 1 10 12 1 11 11 12 1 9 12 1 10 12 1 1 10 12 1 1 1 1 1 1 1 1 1 1 100 100 100 1 1 9 12 1 1 7 1 1 1 1 7 10 7 1 12 1 1 7 1 10 12 1 1 7 1 10 7 1 9 12 1 10 12 1 10 12 1 9 12 1 1 9 12 1 9 5 0 7 1 10 10 12 1 7 1 10 12 1 1 1 1 1 1 10 12 1 1 1 10 9 12 9 12 9 12 9 7 1 12 1 9 12 9 12 10 12 1 9 12 9 12 9 12 9 12 9 12 9 12 9 12 9 12 9 12 9 12 1 10 12 1 1 1 1 1 11 7 1 10 7 1 12 1 1 9 12 1 1 10 12 1 5 0 9 12 1 11 12 1 9 12 1 11 12 1 100 1 9 12 1 11 12 1 9 12 1 11 12 1 9 12 1 11 12 1 1 5 0 11 12 1 5 0 11 12 1 5 0 11 12 1 5 0 11 12 1 10 12 10 12 1 100 1 10 12 1 1 11 12 1 1 1 1 1 100 1 100 1 1 10 7 1 12 1 10 7 1 12 1 1 10 12 1 1 1 1 1 10 12 1 10 12 5 0 5 0 10 12 1 1 7 1 10 12 1 1 10 7 1 12 1 1 100 1 1 1 1 100 1 1 9 10 12 1 1 1 1 1 1 1 1 1 1 1 10 12 5 0 5 0 10 12 1 1 7 1 10 12 1 1 1 1 100 10 12 1 100 1 10 12 1 18 12 1 1 10 12 1 10 12 1 1 1 1 9 12 1 9 12 1 9 12 1 9 12 1 11 12 1 1 11 7 1 9 12 1 1 9 7 1 12 1 9 12 1 10 12 1 1 9 12 1 11 12 1 1 10 12 1 1 11 12 1 1 10 12 1 1 11 12 1 1 11 12 1 1 10 12 1 9 12 1 11 12 1 1 7 1 10 9 12 1 9 12 1 10 12 1 1 5 0 3 11 12 1 10 12 1 1 9 10 12 11 12 1 9 7 1 12 1 3 11 12 1 1 10 12 1 5 0 11 12 1 1 5 0 10 12 1 10 12 1 1 10 12 1 7 1 10 12 1 10 12 1 1 10 12 10 12 1 1 11 12 1 3 10 11 12 1 11 12 1 1 10 12 1 1 5 0 11 12 1 1 11 12 1 1 10 12 1 1 10 12 1 10 12 1 1 10 12 1 1 10 12 1 1 10 12 1 1 10 12 1 10 12 1 1 9 12 1 100 1 9 7 1 12 1 9 12 9 12 1 10 12 10 12 1 1 5 0 10 12 1 11 12 1 10 12 1 9 12 1 9 12 1 9 12 1 100 1 10 12 1 5 0 10 12 1 10 12 1 1 9 12 1 9 12 1 9 12 1 1 1 1 1 1 1 1 1 1 1 1 1 1 1 1 1 1 1 1 1 1 1 1 1 1 1 1 1 1 1 1 1 1 100 100 100 1 100 100 100 100 100 1 10 12 1 10 12 1 7 1 10 12 1 10 12 1 100 1 10 12 1 1 1 1 10 12 1 9 12 1 10 12 1 100 1 1 1 1 1 10 12 1 1 10 12 1 1 100 1 10 12 1 1 9 12 1 10 7 1 12 1 1 10 12 1 11 7 1 11 11 10 12 11 12 1 1 11 10 12 1 1 9 9 12 1 11 5 0 10 12 1 9 7 1 12 1 9 9 3 10 12 1 1 10 10 12 1 1 1 1 1 1 1 1 1 1 1 1 1 100 1 1 11 3 10 12 1 3 9 12 1 9 12 1 11 12 1 11 11 11 11 12 1 11 12 1 10 12 1 10 12 1 11 12 1 1 11 12 1 1 11 12 1 11 12 1 1 11 12 1 9 12 1 10 12 1 1 10 12 1 1 10 12 1 11 12 1 10 12 1 9 11 12 1 9 11 12 1 1 10 12 1 1 9 12 1 7 1 11 10 12 1 1 11 12 1 10 12 1 9 12 1 9 9 12 1 1 10 7 1 12 1 1 1 1 1 1 1 1 1 1 1 1 1 1 1 1 1 1 1 1 1 1 1 1 1 1 1 1 100 100 9 12 1 11 12 1 8 1 8 1 10 100 1 12 1 1 1 1 10 12 9 1 1 1 1 1 1 1 100 10 12 1 1 10 12 1 1 10 12 1 11 12 1 1 10 12 11 12 1 10 12 1 1 10 1 1 1 1 1 1 1 1 1 10 9 10 12 10 12 1 5 0 10 12 10 12 1 9 12 10 12 1 1 10 12 1 1 1 1 1 1 1 1 1 1 1 10 12 1 1 1 1 10 12 9 12 1 10 12 1 1 1 1 1 1 1 1 1 1 10 12 10 12 1 10 100 1 12 1 1 10 10 12 1 1 1 10 10 12 1 1 1 1 1 10 12 10 12 1 1 10 12 1 9 10 12 1 1 10 12 1 1 1 1 1 1 10 12 10 10 12 1 1 1 1 10 12 1 1 10 12 10 1 1 10 12 9 12 1 1 1 9 12 1 10 12 1 1 11 12 1 9 10 12 1 1 10 12 1 1 9 10 12 1 1 1 1 1 1 1 10 12 1 10 12 1 1 1 10 12 1 10 12 5 0 1 9 12 10 10 12 5 0 10 12 1 1 10 12 9 12 9 12 1 10 100 1 12 1 1 1 5 0 1 1 9 12 1 9 100 1 9 12 5 0 9 3 1 1 1 9 9 9 10 9 12 9 12 1 9 1 1 1 10 12 10 10 12 1 10 12 1 1 1 1 1 1 10 12 1 100 1 9 100 1 10 12 1 1 7 1 10 1 1 11 5 0 9 9 12 1 9 10 12 1 10 12 1 10 12 1 1 10 12 1 9 5 0 1 1 1 1 1 1 1 9 12 1 100 1 9 12 1 9 12 1 1 9 12 1 1 11 100 1 10 12 1 1 10 12 1 1 9 100 1 11 11 12 1 9 12 1 1 9 12 1 1 10 12 1 9 12 1 1 1 1 1 1 1 1 1 1 1 10 12 1 9 12 1 1 10 12 1 1 10 12 10 12 9 12 1 10 12 1 10 10 12 1 10 12 1 9 12 1 10 12 1 1 1 1 1 1 100 1 9 12 1 10 12 1 9 12 1 1 10 12 1 1 10 10 10 100 1 12 1 1 1 1 1 5 0 5 0 1 10 9 9 12 1 9 12 1 1 1 1 1 100 10 12 1 10 100 1 12 1 10 12 1 9 12 10 9 12 1 10 10 12 1 1 1 1 1 1 9 12 1 5 0 10 12 1 10 10 9 10 12 1 1 10 12 1 1 5 0 10 12 1 1 1 10 12 1 10 12 1 10 12 10 10 12 1 1 10 12 1 10 5 0 1 10 12 10 12 1 10 12 5 0 1 10 12 1 10 12 1 100 1 10 8 1 10 12 1 1 10 12 1 8 1 10 12 1 8 1 10 12 1 8 1 10 12 1 10 12 1 8 1 10 12 1 8 1 10 12 1 8 1 8 1 8 1 8 1 8 1 8 1 8 1 8 1 8 1 8 1 8 1 10 12 10 12 1 8 1 8 1 10 12 1 8 1 8 1 8 1 8 1 8 1 8 1 8 1 10 18 8 1 8 1 8 1 10 18 8 1 8 1 8 1 10 18 8 1 8 1 8 1 10 1 1 1 1 1 10 9 12 1 10 12 1 1 1 1 10 12 1 10 12 9 12 1 1 1 10 100 1 12 1 15 8 1 8 1 1 100 1 100 1 1 1 1 1 1 1
staticfield org/eclipse/jdt/internal/compiler/lookup/BinaryTypeBinding TYPE_QUALIFIER_DEFAULT [C 20
staticfield org/eclipse/jdt/internal/compiler/lookup/BinaryTypeBinding NO_BINARY_METHODS [Lorg/eclipse/jdt/internal/compiler/env/IBinaryMethod; 0 [Lorg/eclipse/jdt/internal/compiler/env/IBinaryMethod;
staticfield org/eclipse/jdt/internal/compiler/lookup/BinaryTypeBinding FIELD_INITIALIZATION Lorg/eclipse/jdt/internal/compiler/lookup/BinaryTypeBinding$VariableBindingInitialization; org/eclipse/jdt/internal/compiler/lookup/BinaryTypeBinding$1
staticfield org/eclipse/jdt/internal/compiler/lookup/BinaryTypeBinding RECORD_INITIALIZATION Lorg/eclipse/jdt/internal/compiler/lookup/BinaryTypeBinding$VariableBindingInitialization; org/eclipse/jdt/internal/compiler/lookup/BinaryTypeBinding$2
ciInstanceKlass org/eclipse/jdt/internal/compiler/lookup/MissingTypeBinding 1 1 177 7 1 7 1 1 1 1 10 12 1 9 12 1 1 10 12 1 9 12 1 1 5 0 9 12 1 1 9 12 1 1 10 7 1 12 1 1 9 12 1 1 9 12 1 100 1 9 12 1 1 9 12 1 1 9 7 1 12 1 1 9 12 1 9 12 1 9 12 1 9 12 1 1 9 12 1 9 12 1 9 12 1 9 12 1 1 9 12 1 9 12 1 1 9 12 1 9 12 1 1 9 12 1 1 1 1 1 1 1 1 1 1 1 1 1 1 100 1 10 12 1 11 100 1 12 1 1 11 12 1 1 1 1 1 1 1 1 100 1 1 1 1 1 1 1 1 1 1 1 1 100 1 10 12 1 18 12 1 1 1 1 1 10 100 1 12 1 15 8 1 1 100 1 100 1 1
ciInstanceKlass org/eclipse/jdt/internal/compiler/env/INameEnvironmentExtension 1 1 46 100 1 100 1 100 1 1 1 1 1 11 12 1 1 1 1 1 1 1 1 1 1 1 1 1 100 1 8 1 1 12 10 1 1 1 8 1 1 1 8 1 1 1 8 1
ciInstanceKlass org/eclipse/jdt/internal/compiler/env/IModuleAwareNameEnvironment 1 1 118 7 1 100 1 100 1 1 1 1 9 100 1 12 1 1 11 12 1 1 1 1 1 1 1 1 11 12 1 1 1 1 1 10 100 1 12 1 1 11 12 1 1 1 1 7 1 10 12 1 1 10 12 1 1 9 12 1 1 7 10 12 1 1 1 1 1 1 1 100 1 1 1 1 1 1 1 1 1 1 1 1 1 1 1 1 1 1 1 1 1 100 1 1 100 1 100 1 1 1 100 1 100 1 100 1 100 1 1 100 1 8 1 1 12 10 1 1
ciInstanceKlass org/eclipse/jdt/internal/core/INameEnvironmentWithProgress 1 0 35 100 1 100 1 100 1 1 1 1 1 1 100 1 8 1 1 12 10 1 1 1 8 1 1 1 8 1 1 1 8 1 1 8 1
ciInstanceKlass org/eclipse/jdt/internal/core/BasicCompilationUnit 1 1 190 7 1 7 1 100 1 1 1 1 1 1 1 1 1 1 1 1 1 10 12 1 9 12 10 7 1 12 1 1 9 12 9 12 1 1 1 1 1 1 1 1 10 12 9 12 1 10 12 1 1 1 1 11 7 1 12 1 1 7 1 11 12 1 1 100 1 11 100 1 11 12 1 11 12 1 1 100 1 11 12 1 1 100 1 11 11 12 1 1 11 100 1 12 1 9 12 11 12 1 1 11 12 1 1 11 7 1 12 1 100 1 1 1 1 1 1 1 1 1 1 1 100 1 10 12 1 10 12 1 10 100 1 12 1 1 9 7 1 12 1 100 1 1 1 9 12 10 12 1 1 10 12 1 1 10 12 1 1 1 1 1 1 1 1 1 1 1 18 12 1 1 1 1 1 1 10 100 1 12 1 15 8 1 1 100 1 100 1 1
ciInstanceKlass org/eclipse/jdt/core/search/IJavaSearchConstants 1 0 117 100 1 100 1 1 1 1 3 1 3 1 3 1 3 1 3 1 3 1 3 1 3 1 3 1 3 1 3 1 3 1 3 1 3 1 1 1 1 1 1 1 1 3 1 3 1 3 1 3 1 3 1 3 1 3 1 3 1 3 1 3 1 3 1 3 1 3 1 3 1 3 1 3 1 3 1 3 1 3 1 3 1 3 1 3 1 3 1 1 1 1 1 1 1 1 1 1 1 1 1 1 1 8 1 10 100 1 12 1 1 9 12 1 1 1 1
instanceKlass org/eclipse/jdt/internal/core/CancelableNameEnvironment
ciInstanceKlass org/eclipse/jdt/internal/core/SearchableEnvironment 1 1 1337 7 1 7 1 100 1 100 1 1 1 1 1 1 1 1 1 1 1 1 1 1 1 1 1 1 1 1 1 1 1 1 1 1 1 1 1 1 1 1 1 1 1 1 1 100 1 1 1 1 1 7 1 10 12 1 1 1 1 1 10 12 1 9 12 9 12 9 12 7 1 8 1 8 1 10 12 1 1 10 7 1 12 1 1 8 1 9 12 9 12 10 12 1 1 9 12 18 12 1 1 10 12 1 1 7 1 10 12 1 1 7 1 10 9 12 7 1 10 12 1 9 12 10 12 1 1 10 7 1 12 1 1 18 12 1 1 11 7 1 12 1 1 10 12 1 1 10 12 1 11 7 1 12 1 10 12 1 1 7 1 10 9 12 10 12 1 1 11 7 1 12 1 1 11 7 1 12 1 1 1 1 1 1 1 1 1 1 1 1 1 100 100 7 1 10 12 1 10 7 1 12 1 1 10 12 1 1 9 12 7 1 1 1 7 1 3 1 1 1 100 1 8 1 10 12 1 1 7 1 10 12 1 1 10 7 1 12 1 1 10 100 1 12 1 1 18 12 1 10 12 1 7 1 10 12 1 10 12 1 1 9 7 1 12 1 1 7 1 10 12 1 1 100 1 10 12 1 1 100 1 11 7 1 12 1 1 10 12 1 1 11 7 1 12 1 1 11 100 1 12 1 1 7 1 10 10 9 12 1 11 7 1 12 1 9 12 1 1 9 12 10 12 1 1 10 12 1 10 12 1 9 100 1 12 1 1 10 12 1 1 11 12 1 1 100 1 1 1 1 1 1 1 1 1 1 1 1 1 1 1 1 1 1 1 1 1 1 1 1 1 1 100 100 7 10 12 1 1 11 12 1 11 100 1 12 1 1 1 10 12 1 11 7 1 12 1 1 9 7 1 12 1 1 8 1 8 1 18 12 1 10 12 1 1 10 12 1 1 11 12 1 11 12 1 1 100 1 11 12 1 100 1 100 1 11 12 1 1 18 10 12 1 10 12 1 10 12 1 100 1 100 1 1 1 1 1 1 1 1 1 1 1 1 1 1 1 100 100 1 100 1 1 1 100 1 10 12 1 10 12 1 1 1 1 1 1 1 1 1 7 1 10 12 1 1 10 12 1 1 11 12 1 1 10 7 1 12 1 9 12 1 11 7 1 12 1 1 100 1 10 12 1 9 12 1 1 1 1 1 1 1 1 1 1 10 12 1 10 12 1 1 1 10 12 1 9 12 1 10 12 1 100 1 10 11 7 1 100 1 11 100 1 11 12 1 1 11 7 1 12 1 1 11 12 1 1 10 12 1 1 11 12 1 1 1 1 1 1 1 1 1 1 1 1 1 1 1 1 100 1 100 1 11 100 1 12 1 10 12 1 1 11 12 1 1 11 100 1 12 1 11 12 1 1 10 12 1 1 11 10 12 1 11 12 1 11 12 1 1 1 1 1 1 1 1 1 1 100 1 1 1 9 12 7 1 10 12 10 12 1 11 12 1 1 11 12 1 100 1 10 12 1 100 1 10 12 1 100 1 10 12 1 100 1 10 12 1 1 10 12 1 1 100 1 1 1 1 1 1 1 1 1 1 1 100 1 100 1 10 12 1 10 12 1 1 1 1 1 10 7 1 12 1 10 12 1 10 7 1 12 1 9 12 1 1 10 12 1 1 1 1 1 1 1 100 100 1 10 12 10 7 1 12 1 1 10 7 1 12 10 12 1 1 1 1 1 1 1 10 12 1 1 10 12 1 1 1 5 0 9 12 1 10 12 1 1 10 12 9 12 10 12 1 1 10 12 1 1 10 12 1 1 100 1 10 100 1 10 10 12 1 1 10 100 1 12 1 1 10 12 1 5 0 10 100 1 12 1 1 11 12 1 10 100 1 1 1 1 1 1 1 1 100 1 1 1 100 1 10 100 1 10 12 1 100 1 10 100 1 10 12 1 1 10 12 1 1 1 1 100 1 10 12 10 12 1 1 100 1 10 10 12 1 1 10 12 1 1 1 1 1 9 12 10 12 1 1 9 12 1 1 18 12 1 1 11 12 1 1 18 12 1 11 12 1 1 7 1 10 12 1 10 12 1 10 12 1 1 9 12 10 12 1 10 9 12 1 9 12 1 10 12 1 1 18 12 1 10 12 1 1 10 12 1 10 12 1 10 12 1 100 1 10 12 1 18 10 12 1 1 1 1 1 1 1 1 1 1 1 10 12 1 10 12 1 1 18 18 1 1 1 9 12 10 12 1 1 18 12 1 10 12 1 1 10 12 1 1 11 11 11 11 12 1 11 12 1 100 1 11 10 12 1 1 11 11 12 1 1 11 100 1 11 100 1 10 12 1 1 11 10 12 1 1 18 10 12 1 1 11 12 1 1 1 1 1 1 1 1 1 1 1 18 1 100 1 10 10 12 10 12 1 1 10 1 1 1 1 1 10 12 1 1 1 100 1 1 1 1 10 12 1 1 1 11 12 1 11 12 1 11 11 11 11 12 1 1 11 12 1 11 12 1 11 12 1 11 12 1 1 1 1 1 11 12 1 10 12 1 1 11 12 1 1 1 1 1 1 11 12 1 1 11 12 1 11 18 11 12 1 18 18 100 1 8 1 10 1 1 1 100 1 1 8 1 10 12 1 18 12 1 18 10 12 8 1 10 12 1 1 11 10 12 1 1 18 1 1 1 9 12 10 12 1 1 9 12 1 9 12 1 9 12 1 100 1 100 1 1 100 1 8 1 10 7 1 12 1 1 100 1 5 0 10 12 1 1 1 1 1 100 1 1 1 1 1 1 1 1 10 7 1 12 1 1 15 16 10 12 15 1 16 16 15 1 16 10 100 1 12 1 15 8 1 8 1 8 1 16 15 16 1 16 10 12 15 16 16 10 12 15 16 8 1 16 10 12 15 16 16 15 1 16 8 1 8 1 8 1 16 15 1 16 16 10 12 15 16 8 1 8 1 8 1 1 100 1 100 1 1 100 1 1 1 1 1 100 1 100 1 1 100 1 1 1 1
ciInstanceKlass org/eclipse/jdt/internal/core/CancelableNameEnvironment 1 1 146 7 1 7 1 100 1 1 1 1 1 1 100 1 1 100 1 10 12 1 1 1 1 1 1 1 1 1 10 12 1 10 12 1 1 1 1 1 1 1 1 9 12 11 100 1 12 1 1 9 100 1 12 1 9 100 1 12 1 1 10 100 1 12 1 1 10 100 1 12 1 1 18 12 1 1 10 100 1 12 1 1 100 1 100 1 10 12 10 12 1 1 1 1 10 12 10 12 1 1 1 1 1 1 10 12 1 1 1 1 10 12 1 1 10 12 1 1 1 1 1 1 10 12 1 1 1 1 1 1 1 1 10 100 1 12 1 15 8 1 1 100 1 100 1 1
ciInstanceKlass org/eclipse/jdt/internal/compiler/lookup/ProblemReasons 1 0 77 100 1 100 1 1 1 1 3 1 3 1 3 1 3 1 3 1 3 1 3 1 3 1 3 1 3 1 3 1 3 1 3 1 3 1 3 1 3 1 3 1 3 1 3 1 3 1 3 1 3 1 3 1 3 1 3 1 3 1 3 1 3 1 3 1 1 1 1 1 3 1 3 1 3 1 1
ciInstanceKlass org/eclipse/jdt/internal/compiler/lookup/LookupEnvironment 1 1 2025 7 1 7 1 100 1 7 1 1 1 1 1 1 1 1 1 1 1 1 1 1 1 1 1 1 1 1 1 1 1 1 1 1 1 1 1 1 1 1 1 1 1 1 1 1 1 1 1 1 1 1 1 1 1 1 1 1 1 1 1 1 1 1 1 1 1 1 1 1 1 1 1 1 1 1 1 1 1 1 1 1 1 1 1 1 1 1 1 1 1 1 1 1 1 1 1 1 10 7 1 12 1 1 9 12 7 1 9 7 1 12 1 1 10 12 1 1 9 12 7 1 9 12 1 1 10 12 1 9 12 7 1 10 12 1 9 12 1 1 1 1 1 7 1 7 1 9 12 10 12 1 9 12 9 12 9 12 10 12 1 11 7 1 12 1 1 1 1 1 1 9 11 12 1 1 9 9 1 1 11 12 1 1 1 1 1 1 10 12 9 12 9 12 9 7 1 12 1 9 12 9 12 9 12 7 1 9 12 9 12 9 12 7 1 10 12 1 9 12 9 12 9 12 9 12 9 12 7 1 10 9 12 9 12 9 12 7 1 10 9 12 7 1 10 9 12 9 12 9 12 9 12 10 7 1 12 1 1 9 12 10 7 1 10 9 12 9 7 1 12 1 7 1 10 7 1 10 9 12 7 1 10 9 12 7 1 9 12 1 1 100 1 5 0 9 12 7 1 9 12 7 1 100 1 100 1 1 1 1 1 10 12 9 12 1 9 12 1 10 12 1 1 10 12 1 11 12 1 11 12 1 1 1 1 1 1 1 1 100 1 8 1 10 12 1 10 12 1 1 18 12 1 1 10 12 1 1 11 12 1 1 9 7 1 12 10 12 1 9 12 1 10 12 1 1 10 12 10 12 1 1 10 12 1 1 11 12 1 10 7 1 12 1 1 7 1 9 9 12 1 10 12 1 10 12 1 1 11 12 1 10 12 1 10 12 1 1 11 12 1 100 1 9 10 12 1 1 10 12 1 1 10 12 1 1 1 1 1 1 1 1 1 1 1 1 1 100 100 7 1 100 1 1 10 12 1 18 12 1 9 12 11 12 1 10 12 1 1 10 12 1 1 10 12 1 1 10 12 1 10 12 1 1 9 12 1 10 12 1 1 9 12 1 10 100 1 12 1 100 1 1 1 1 1 1 1 7 7 1 9 12 1 10 12 1 1 9 1 1 1 10 12 1 1 11 7 1 12 1 10 12 1 1 10 12 1 9 12 1 1 1 1 1 1 1 1 1 1 1 7 1 10 12 1 1 10 12 1 7 1 10 12 1 1 10 12 1 11 12 1 9 7 1 12 1 1 10 8 1 8 1 18 12 1 1 10 100 1 12 1 1 100 1 1 1 1 100 1 1 1 10 7 1 12 1 9 1 1 1 1 1 9 12 1 1 9 100 1 7 1 10 12 1 100 1 10 12 1 10 12 1 1 9 12 1 10 12 1 10 12 1 10 12 1 10 12 1 10 12 1 1 1 1 1 1 1 1 100 1 1 1 10 12 1 1 1 11 100 1 12 1 10 12 1 1 10 12 1 1 1 1 1 10 12 10 12 1 1 10 12 1 1 9 12 10 12 1 1 1 100 1 1 10 12 9 12 1 10 12 1 1 1 1 10 12 1 1 10 12 1 1 1 1 1 9 12 1 1 1 1 100 100 1 1 9 7 1 12 1 9 12 1 1 9 12 1 9 12 1 9 12 1 9 12 1 9 12 1 9 12 1 9 12 1 9 12 1 10 12 1 10 12 1 9 12 1 9 12 1 9 12 1 9 12 1 9 12 1 9 12 1 9 12 1 10 12 1 10 12 1 1 100 1 10 12 1 1 1 9 12 9 12 1 1 10 12 1 1 10 12 1 9 12 1 11 12 1 1 10 12 1 11 7 1 11 12 1 10 12 1 1 10 12 1 1 9 12 1 100 1 5 0 10 12 1 1 10 10 12 1 10 12 1 1 10 12 1 10 12 1 1 10 12 1 1 10 12 1 1 9 12 1 11 12 1 1 11 100 1 12 1 10 12 1 1 11 12 1 1 1 1 1 1 1 1 1 1 1 1 1 10 12 1 10 12 1 10 12 1 10 12 10 12 1 1 10 12 1 1 10 12 1 1 1 1 1 1 1 100 1 1 1 10 12 1 10 12 1 100 1 100 1 10 12 1 10 12 1 10 10 12 1 1 10 12 1 10 7 1 10 12 10 12 1 1 1 1 1 1 1 1 1 1 1 10 1 1 1 1 100 1 10 12 1 1 10 7 1 12 1 1 10 12 10 12 1 1 1 1 1 1 7 1 10 12 1 10 12 1 1 1 10 12 1 1 1 1 10 12 1 100 1 10 10 100 1 12 1 1 10 12 1 10 12 1 1 10 12 1 1 1 1 9 10 12 1 9 10 12 1 10 12 1 10 12 1 1 10 12 1 1 10 12 1 1 1 1 1 1 1 7 1 10 12 1 9 9 12 1 10 12 10 12 1 10 1 1 1 1 10 12 1 1 10 12 1 1 10 12 1 10 10 10 12 1 10 12 1 10 12 1 1 10 12 1 1 100 1 11 12 1 1 1 1 1 11 7 1 12 7 1 9 7 1 12 1 9 12 1 9 100 1 11 12 1 10 12 1 1 1 1 1 1 1 1 1 1 1 1 100 1 1 10 12 1 1 1 10 12 1 1 9 12 9 12 1 9 12 9 12 1 10 12 1 10 12 1 9 12 1 10 12 1 1 1 1 1 1 7 1 1 9 12 1 100 1 9 12 1 10 12 1 100 1 9 12 1 1 9 100 1 12 1 10 12 1 10 12 1 1 10 12 1 1 9 10 100 1 12 1 1 10 12 1 1 1 1 1 1 1 1 1 1 1 1 10 12 1 1 1 9 9 12 10 12 1 10 12 1 1 1 1 9 12 100 1 10 12 1 1 1 1 1 1 1 10 12 1 1 9 12 1 9 12 1 10 12 1 10 12 1 1 10 12 100 1 10 10 12 1 10 1 1 1 1 10 12 1 1 1 10 12 1 1 9 12 10 12 1 1 5 0 5 0 1 1 1 1 1 1 1 1 1 10 12 1 1 10 12 10 12 1 1 10 12 1 1 10 12 1 1 10 12 1 1 10 12 1 1 1 1 1 1 1 10 12 1 1 10 12 1 1 1 1 1 1 1 1 1 1 1 100 1 10 12 1 1 7 1 9 12 1 10 12 1 1 9 12 1 9 12 10 7 1 12 1 1 9 12 9 12 1 1 10 12 1 9 12 1 9 12 1 1 1 1 100 1 1 10 9 12 1 10 12 1 1 9 12 1 9 12 1 9 12 1 10 10 12 1 1 1 1 10 10 12 1 1 1 9 12 10 12 9 12 1 10 12 1 1 1 1 1 9 12 9 12 1 10 12 1 1 1 1 1 1 1 9 12 1 1 1 10 12 10 12 10 12 1 9 12 1 1 9 12 1 1 9 12 10 12 1 1 9 12 10 12 1 1 1 10 12 1 1 10 7 1 12 1 1 9 12 1 1 9 12 1 9 12 1 10 12 1 1 1 1 1 100 1 10 12 1 18 12 1 10 12 1 1 1 1 1 1 1 1 9 12 1 9 10 12 100 1 5 0 10 12 1 1 1 1 1 10 12 9 12 1 1 10 100 1 12 1 10 12 1 11 9 12 1 100 1 9 12 1 10 12 1 1 11 1 1 9 12 1 10 12 10 12 1 1 5 0 9 12 1 1 1 1 1 10 12 9 12 1 10 12 1 9 12 1 10 12 10 12 10 12 1 10 12 1 1 9 12 10 12 1 1 1 1 11 12 1 1 10 12 10 12 10 12 1 1 1 1 10 12 1 11 7 1 12 1 1 10 12 1 1 9 7 1 12 1 9 12 18 12 1 11 12 1 1 1 1 1 1 1 1 1 1 1 1 1 10 12 1 9 10 12 1 1 1 1 10 12 1 10 12 1 10 12 9 12 1 10 12 1 1 1 100 1 10 12 1 1 11 12 1 1 10 12 1 1 11 12 1 1 9 12 1 1 10 12 1 1 10 12 100 1 10 10 12 1 1 1 100 10 12 1 10 10 12 1 1 11 12 1 10 12 1 1 1 1 1 1 1 1 1 10 12 1 9 7 1 12 1 10 12 1 10 12 1 1 9 12 10 12 1 10 12 1 1 9 12 9 12 1 10 12 10 12 10 10 12 10 12 1 10 12 1 1 1 1 1 1 1 1 1 1 1 1 1 1 1 11 12 1 10 12 1 10 12 1 10 12 1 9 1 1 1 9 12 10 12 1 7 1 10 1 1 10 12 1 1 1 1 1 1 100 1 10 12 10 10 9 12 1 100 1 3 1 1 10 12 1 1 1 1 10 12 1 1 1 10 12 1 1 10 12 1 1 1 1 1 11 100 1 12 1 1 1 100 1 1 1 10 12 9 12 1 10 12 1 10 10 12 1 1 1 1 1 1 11 12 1 1 1 10 12 1 1 1 1 1 10 7 1 12 1 1 15 16 10 12 15 1 16 16 10 12 15 16 10 7 1 12 1 15 8 1 8 1 16 10 12 15 16 1 100 1 100 1 1 1 1 1
staticfield org/eclipse/jdt/internal/compiler/lookup/LookupEnvironment TheNotFoundPackage Lorg/eclipse/jdt/internal/compiler/lookup/ProblemPackageBinding; org/eclipse/jdt/internal/compiler/lookup/ProblemPackageBinding
staticfield org/eclipse/jdt/internal/compiler/lookup/LookupEnvironment TheNotFoundType Lorg/eclipse/jdt/internal/compiler/lookup/ProblemReferenceBinding; org/eclipse/jdt/internal/compiler/lookup/ProblemReferenceBinding
staticfield org/eclipse/jdt/internal/compiler/lookup/LookupEnvironment TheNotFoundModule Lorg/eclipse/jdt/internal/compiler/lookup/ModuleBinding; org/eclipse/jdt/internal/compiler/lookup/ModuleBinding
staticfield org/eclipse/jdt/internal/compiler/lookup/LookupEnvironment $assertionsDisabled Z 1
ciInstanceKlass org/eclipse/jdt/internal/compiler/lookup/ModuleBinding$UnNamedModule 1 1 161 7 1 7 1 1 1 1 1 1 8 1 10 7 1 12 1 1 9 12 1 1 1 1 10 12 1 1 1 1 1 1 9 7 1 12 1 1 1 1 1 1 1 1 7 1 9 12 1 1 11 100 1 12 1 1 11 100 1 12 1 1 7 1 10 12 11 12 1 1 9 12 1 10 12 1 1 1 1 1 1 1 10 12 1 10 12 1 1 1 1 1 10 12 9 12 1 9 7 1 12 1 1 9 12 1 1 7 1 10 7 1 12 1 1 10 12 1 11 12 1 1 9 12 1 10 12 1 1 10 12 1 1 1 1 1 1 1 1 1 1 100 1 1 9 12 1 1 9 12 1 1 1 1 8 1 1 1 1 1 1
staticfield org/eclipse/jdt/internal/compiler/lookup/ModuleBinding$UnNamedModule UNNAMED_READABLE_NAME [C 9
ciInstanceKlass org/eclipse/jdt/internal/compiler/lookup/UnresolvedReferenceBinding 1 1 255 7 1 7 1 7 1 1 1 1 1 1 1 1 1 1 1 10 12 1 9 12 1 1 9 12 1 1 9 12 1 1 9 12 9 12 9 12 10 12 1 1 1 1 1 1 10 12 1 9 12 1 1 10 12 10 12 10 12 1 1 1 1 1 1 11 12 1 1 10 7 1 12 1 1 1 1 1 1 1 1 1 1 1 1 10 12 1 1 1 10 100 1 12 1 1 1 1 1 1 1 1 1 10 12 10 12 1 9 12 1 1 10 7 1 12 1 1 10 7 1 12 1 1 7 1 9 12 1 1 10 12 1 1 10 12 1 10 12 1 1 10 12 1 1 9 12 1 1 100 1 5 0 9 12 1 1 9 12 1 1 9 12 1 9 12 1 1 9 12 1 1 10 100 1 12 1 1 10 12 1 1 10 12 1 1 10 12 1 1 1 1 100 10 12 1 1 100 10 12 1 1 9 12 1 1 9 100 1 12 1 10 12 1 1 1 1 1 10 12 1 10 12 1 18 12 1 1 10 12 1 8 1 18 100 1 1 1 1 10 100 1 12 1 15 8 1 8 1 1 100 1 100 1 1
instanceKlass org/eclipse/jdt/internal/compiler/env/IModuleAwareNameEnvironment$LookupStrategy$4
instanceKlass org/eclipse/jdt/internal/compiler/env/IModuleAwareNameEnvironment$LookupStrategy$3
instanceKlass org/eclipse/jdt/internal/compiler/env/IModuleAwareNameEnvironment$LookupStrategy$2
instanceKlass org/eclipse/jdt/internal/compiler/env/IModuleAwareNameEnvironment$LookupStrategy$1
ciInstanceKlass org/eclipse/jdt/internal/compiler/env/IModuleAwareNameEnvironment$LookupStrategy 1 1 161 7 1 7 1 1 1 1 1 1 1 1 1 1 1 1 1 1 1 7 1 10 7 1 12 1 1 9 12 7 1 8 10 12 1 1 9 12 7 1 8 10 9 12 7 1 8 10 9 12 7 1 8 10 9 12 9 12 1 1 1 10 1 1 1 1 1 1 1 1 18 12 1 1 10 12 1 1 1 1 1 1 1 1 1 9 7 1 12 1 1 9 12 1 9 12 1 1 1 1 10 12 1 10 12 10 12 1 1 10 100 1 12 1 1 1 10 7 1 12 1 1 1 10 12 1 9 12 10 12 100 1 100 1 1 1 1 1 1 1 10 7 1 12 1 1 15 16 10 12 15 16 1 1 100 1 100 1 1 1 1
staticfield org/eclipse/jdt/internal/compiler/env/IModuleAwareNameEnvironment$LookupStrategy Named Lorg/eclipse/jdt/internal/compiler/env/IModuleAwareNameEnvironment$LookupStrategy; org/eclipse/jdt/internal/compiler/env/IModuleAwareNameEnvironment$LookupStrategy$1
staticfield org/eclipse/jdt/internal/compiler/env/IModuleAwareNameEnvironment$LookupStrategy AnyNamed Lorg/eclipse/jdt/internal/compiler/env/IModuleAwareNameEnvironment$LookupStrategy; org/eclipse/jdt/internal/compiler/env/IModuleAwareNameEnvironment$LookupStrategy$2
staticfield org/eclipse/jdt/internal/compiler/env/IModuleAwareNameEnvironment$LookupStrategy Any Lorg/eclipse/jdt/internal/compiler/env/IModuleAwareNameEnvironment$LookupStrategy; org/eclipse/jdt/internal/compiler/env/IModuleAwareNameEnvironment$LookupStrategy$3
staticfield org/eclipse/jdt/internal/compiler/env/IModuleAwareNameEnvironment$LookupStrategy Unnamed Lorg/eclipse/jdt/internal/compiler/env/IModuleAwareNameEnvironment$LookupStrategy; org/eclipse/jdt/internal/compiler/env/IModuleAwareNameEnvironment$LookupStrategy$4
staticfield org/eclipse/jdt/internal/compiler/env/IModuleAwareNameEnvironment$LookupStrategy $assertionsDisabled Z 1
staticfield org/eclipse/jdt/internal/compiler/env/IModuleAwareNameEnvironment$LookupStrategy ENUM$VALUES [Lorg/eclipse/jdt/internal/compiler/env/IModuleAwareNameEnvironment$LookupStrategy; 4 [Lorg/eclipse/jdt/internal/compiler/env/IModuleAwareNameEnvironment$LookupStrategy;
ciInstanceKlass org/eclipse/jdt/internal/compiler/env/IModuleAwareNameEnvironment$LookupStrategy$1 1 1 52 100 1 7 1 1 1 1 10 12 1 1 1 1 1 1 1 1 9 12 1 1 100 1 8 1 10 12 1 11 100 1 12 1 1 1 1 1 1 1 1 1 1 1 1 1 1 1 7 1 1 1
ciInstanceKlass org/eclipse/jdt/internal/compiler/env/IModuleAwareNameEnvironment$LookupStrategy$3 1 1 34 100 1 7 1 1 1 1 10 12 1 1 1 1 1 1 1 1 1 1 1 1 1 1 1 1 1 1 1 1 7 1 1 1
ciInstanceKlass org/eclipse/jdt/internal/core/JavaElementRequestor 1 1 145 7 1 7 1 100 1 1 1 1 1 1 1 1 1 1 1 1 1 1 1 1 1 1 1 1 1 1 1 1 1 1 1 1 7 1 9 12 7 1 9 12 7 1 9 12 7 1 9 12 7 1 9 12 7 1 9 12 1 1 1 10 12 9 12 9 12 9 12 9 12 9 12 9 12 9 12 9 12 1 1 1 1 7 1 10 10 12 1 1 1 1 1 1 1 1 1 1 1 1 1 1 1 1 1 1 1 1 1 1 1 1 1 1 1 1 10 12 1 1 10 12 1 1 1 1 1 1 1 1 1 1 1 1 1 1 1 1 1 1 1 1 1 1 1
staticfield org/eclipse/jdt/internal/core/JavaElementRequestor EMPTY_FIELD_ARRAY [Lorg/eclipse/jdt/core/IField; 0 [Lorg/eclipse/jdt/core/IField;
staticfield org/eclipse/jdt/internal/core/JavaElementRequestor EMPTY_INITIALIZER_ARRAY [Lorg/eclipse/jdt/core/IInitializer; 0 [Lorg/eclipse/jdt/core/IInitializer;
staticfield org/eclipse/jdt/internal/core/JavaElementRequestor EMPTY_TYPE_ARRAY [Lorg/eclipse/jdt/core/IType; 0 [Lorg/eclipse/jdt/core/IType;
staticfield org/eclipse/jdt/internal/core/JavaElementRequestor EMPTY_PACKAGE_FRAGMENT_ARRAY [Lorg/eclipse/jdt/core/IPackageFragment; 0 [Lorg/eclipse/jdt/core/IPackageFragment;
staticfield org/eclipse/jdt/internal/core/JavaElementRequestor EMPTY_METHOD_ARRAY [Lorg/eclipse/jdt/core/IMethod; 0 [Lorg/eclipse/jdt/core/IMethod;
staticfield org/eclipse/jdt/internal/core/JavaElementRequestor EMPTY_MODULE_ARRAY [Lorg/eclipse/jdt/core/IModuleDescription; 0 [Lorg/eclipse/jdt/core/IModuleDescription;
ciInstanceKlass  @bci org/eclipse/jdt/internal/core/NameLookup seekModule ([CZLorg/eclipse/jdt/internal/core/IJavaElementRequestor;)V 46 <appendix> argL0 ; 1 1 20 1 7 1 7 1 100 1 1 12 10 1 1 1 7 1 12 10 1 1
ciInstanceKlass  @bci org/eclipse/jdt/internal/core/NameLookup seekModule ([CZLorg/eclipse/jdt/internal/core/IJavaElementRequestor;)V 161 <appendix> member <vmtarget> ; 1 1 27 1 7 1 7 1 100 1 1 1 1 1 12 10 12 9 1 1 1 7 1 7 1 12 11 1 1
ciInstanceKlass org/eclipse/jdt/internal/core/NameLookup$Answer 1 1 81 7 1 7 1 1 1 1 1 1 1 1 1 1 1 1 10 12 1 1 1 1 1 10 12 1 9 12 9 12 9 12 9 12 1 1 1 10 100 1 12 1 1 1 10 12 1 1 1 1 100 1 3 1 1 100 1 10 12 10 12 1 8 1 10 12 1 1 10 12 1 10 1 1 1 1 1 100 1 1 1
ciInstanceKlass org/eclipse/jdt/internal/compiler/util/HashtableOfType 1 1 107 7 1 7 1 1 1 1 1 1 1 1 1 1 1 10 12 1 1 1 1 1 10 12 9 12 9 12 4 7 1 9 12 7 1 9 12 1 1 1 1 1 10 7 1 12 1 1 10 12 1 1 1 1 1 1 1 1 1 1 1 10 12 1 1 1 1 1 10 12 1 1 1 1 1 8 1 10 12 18 12 1 1 1 1 1 1 100 1 100 1 1 1 10 100 1 12 1 15 8 1 1 100 1 100 1 1
ciInstanceKlass org/eclipse/jdt/internal/compiler/lookup/BinaryModuleBinding 1 1 373 7 1 7 1 1 1 1 1 1 1 1 1 1 1 1 1 11 7 1 12 1 1 100 1 10 12 1 1 7 1 10 12 1 1 1 1 1 1 1 1 11 12 1 1 10 12 1 9 7 1 12 1 9 12 1 1 9 12 1 1 10 7 1 12 1 1 10 12 1 1 11 12 1 1 9 12 1 1 1 11 12 1 9 12 1 1 100 1 9 12 1 1 11 12 1 1 11 12 1 1 9 12 1 9 12 1 9 12 1 11 7 1 10 12 1 1 11 12 1 10 7 1 12 1 1 11 12 1 1 9 12 11 12 1 9 12 11 12 1 1 9 12 11 12 1 1 9 12 9 12 1 1 9 7 1 12 1 1 10 12 1 100 1 5 0 9 12 1 11 12 1 1 10 7 1 12 1 1 10 12 1 1 1 1 1 1 1 1 1 1 100 10 12 1 100 1 11 100 1 12 1 100 1 10 12 1 1 10 12 1 1 100 1 10 12 1 1 9 12 1 1 1 1 1 1 1 1 1 1 100 100 100 1 1 9 12 1 1 10 12 1 1 10 12 1 9 12 1 10 12 7 1 11 7 1 10 7 1 12 1 1 10 12 1 1 9 7 1 12 1 1 9 12 1 11 12 1 10 12 1 1 10 12 1 1 1 1 1 100 1 1 10 9 7 1 12 1 1 10 12 1 1 10 12 1 1 1 9 12 1 100 1 10 12 1 1 10 12 1 9 12 1 10 12 1 10 12 1 1 9 12 1 1 10 12 1 1 100 1 10 12 11 100 1 11 12 1 11 100 1 12 1 1 1 1 100 1 10 12 1 1 1 1 1 1 1 1 100 1 1 1 1
ciInstanceKlass org/eclipse/jdt/internal/compiler/lookup/SplitPackageBinding 1 1 366 7 1 7 1 1 1 1 1 1 1 1 1 1 1 1 1 1 1 9 12 1 1 1 1 10 12 1 1 10 12 1 1 10 12 1 1 10 12 1 1 1 1 1 1 1 1 1 1 1 1 1 1 1 11 7 1 12 1 1 11 7 1 12 1 1 11 12 1 1 9 12 11 7 1 12 1 1 11 1 1 1 1 1 1 1 1 7 1 100 9 7 1 12 1 1 10 12 1 1 9 12 1 1 9 12 1 9 12 1 1 10 12 1 7 1 10 12 9 12 9 12 11 100 1 12 1 1 1 1 11 12 1 1 7 1 11 12 1 10 12 1 1 9 12 1 10 1 1 1 1 10 12 1 1 9 12 1 1 10 7 1 12 1 1 9 10 12 10 12 1 1 10 12 1 1 10 10 12 1 1 1 1 1 1 100 10 7 1 12 1 1 7 1 10 10 12 1 1 10 12 1 1 11 11 12 1 10 12 1 1 1 1 1 1 11 12 1 1 7 1 1 1 10 12 1 1 1 1 1 9 10 12 1 1 10 12 1 1 9 12 1 1 100 1 5 0 10 12 1 1 10 1 1 1 1 1 1 1 1 100 9 1 10 12 1 1 11 12 1 11 12 1 1 1 10 12 1 1 10 12 1 1 1 1 10 12 10 12 1 100 1 9 100 1 100 1 10 12 1 1 1 1 1 1 1 1 10 12 1 1 10 12 1 9 9 12 1 1 9 7 1 12 1 1 1 1 1 1 1 1 100 1 10 12 10 12 1 8 1 10 12 1 1 8 1 10 12 1 1 10 12 1 8 1 8 1 10 1 1 1 1 100 1 1 1
ciInstanceKlass org/eclipse/jdt/internal/compiler/env/NameEnvironmentAnswer 1 1 163 7 1 7 1 1 1 1 1 1 1 1 1 1 1 1 1 1 1 1 1 1 1 1 11 100 1 12 1 1 10 12 1 1 1 1 1 10 12 1 9 12 9 12 9 12 1 1 11 100 1 12 1 10 12 1 9 12 1 9 12 9 12 1 9 12 9 12 1 1 8 1 11 12 1 100 1 10 12 1 18 12 1 1 10 12 18 10 100 1 12 1 18 12 1 10 18 10 12 1 1 18 1 1 1 1 100 1 1 1 1 1 1 1 1 1 1 1 1 1 1 1 1 1 1 1 1 10 100 1 12 1 1 10 12 1 1 1 1 1 1 10 100 1 12 1 15 8 1 8 1 8 1 8 1 8 1 1 100 1 100 1 1
ciMethodData java/lang/Object <init> ()V 2 1465574 orig 80 1 0 0 0 0 0 0 0 0 0 0 0 0 0 0 0 0 0 0 0 0 0 0 0 0 0 0 0 0 0 0 0 0 0 0 0 0 0 0 0 0 0 0 0 0 0 0 0 0 0 0 0 0 0 0 0 0 0 0 0 0 0 0 0 0 0 0 0 0 0 0 0 0 0 0 0 0 0 0 0 data 4 0x0 0x9 0x1 0x0 oops 0 methods 0
ciMethodData java/lang/String isLatin1 ()Z 2 2640011 orig 80 0 0 0 0 0 0 0 0 0 0 0 0 197 1 0 0 0 0 0 0 0 0 0 0 0 0 0 0 0 0 0 0 0 0 0 0 0 0 0 1 0 0 0 0 0 0 0 0 0 0 0 0 0 0 0 0 0 0 0 0 0 0 0 0 0 0 0 0 0 0 0 0 0 0 0 0 0 0 0 0 data 18 0x30007 0x0 0x58 0x2848a2 0x80000006000a0007 0x5 0x38 0x284581 0xe0003 0x2848d5 0x18 0x0 0x0 0x0 0x0 0x9 0x1 0x0 oops 0 methods 0
ciMethodData java/lang/String hashCode ()I 2 6806 orig 80 0 0 0 0 0 0 0 0 0 0 0 0 197 1 0 0 0 0 0 0 0 0 0 0 0 0 0 0 0 0 0 0 0 0 0 0 0 0 0 0 0 0 0 0 0 0 0 0 0 0 0 0 0 0 0 0 0 0 0 0 0 0 0 0 0 0 0 0 0 0 0 0 0 0 0 0 0 0 0 0 data 42 0x60007 0x1592 0x108 0x504 0xd0007 0x3 0xe8 0x501 0x110005 0x501 0x0 0x0 0x0 0x0 0x0 0x140007 0x0 0x48 0x501 0x1b0002 0x501 0x1e0003 0x501 0x28 0x250002 0x0 0x2a0007 0x500 0x38 0x1 0x320003 0x1 0x18 0x0 0x0 0x0 0x0 0x0 0x0 0x9 0x1 0xe oops 0 methods 0
ciMethodData java/lang/StringLatin1 hashCode ([B)I 2 5230 orig 80 0 0 0 0 0 0 0 0 0 0 0 0 197 1 0 0 0 0 0 0 0 0 0 0 0 0 0 0 0 0 0 0 0 0 0 0 0 0 0 0 0 0 0 0 0 0 0 0 0 0 0 0 0 0 0 0 0 0 0 0 0 0 0 0 0 0 0 0 0 0 0 0 0 0 0 0 0 0 0 0 data 25 0x20008 0x6 0x1469 0x70 0x1 0x40 0x4 0x58 0x1d0003 0x1 0x40 0x270003 0x4 0x28 0x300002 0x1469 0x0 0x0 0x0 0x0 0x0 0x0 0x9 0x1 0xffffffffffffffff oops 0 methods 0
ciMethodData java/lang/String equals (Ljava/lang/Object;)Z 2 7721 orig 80 0 0 0 0 0 0 0 0 0 0 0 0 197 1 0 0 0 0 0 0 0 0 0 0 0 0 0 0 0 0 0 0 0 0 0 0 0 0 0 0 0 0 0 0 0 0 0 0 0 0 0 0 0 0 0 0 0 0 0 0 0 0 0 0 0 0 0 0 0 0 0 0 0 0 0 0 0 0 0 0 data 49 0x20007 0x1a91 0x20 0x398 0x80104 0x0 0x0 0x1c575b06b48 0x1a90 0x0 0x0 0xb0007 0x1 0xe0 0x1a90 0xf0004 0x0 0x0 0x1c575b06b48 0x1a90 0x0 0x0 0x160007 0x0 0x40 0x1a90 0x210007 0x0 0x68 0x1a90 0x2c0002 0x1a90 0x2f0007 0x19b8 0x38 0xd8 0x330003 0xd8 0x18 0x0 0x0 0x0 0x0 0x0 0x0 0x9 0x2 0x0 0x0 oops 2 7 java/lang/String 18 java/lang/String methods 0
ciMethodData java/util/AbstractCollection <init> ()V 2 202527 orig 80 0 0 0 0 0 0 0 0 0 0 0 0 197 1 0 0 0 0 0 0 0 0 0 0 0 0 0 0 0 0 0 0 0 0 0 0 0 0 0 0 0 0 0 0 0 0 0 0 0 0 0 0 0 0 0 0 0 0 0 0 0 0 0 0 0 0 0 0 0 0 0 0 0 0 0 0 0 0 0 0 data 7 0x10002 0x31735 0x0 0x0 0x9 0x1 0x0 oops 0 methods 0
ciMethodData java/lang/String isEmpty ()Z 2 117311 orig 80 0 0 0 0 0 0 0 0 0 0 0 0 197 1 0 0 0 0 0 0 0 0 0 0 0 0 0 0 0 0 0 0 0 0 0 0 0 0 0 0 0 0 0 0 0 0 0 0 0 0 0 0 0 0 0 0 0 0 0 0 0 0 0 0 0 0 0 0 0 0 0 0 0 0 0 0 0 0 0 0 data 14 0x50007 0x1966f 0x38 0x33ce 0x90003 0x33ce 0x18 0x0 0x0 0x0 0x0 0x9 0x1 0x0 oops 0 methods 0
ciMethodData java/util/HashMap hash (Ljava/lang/Object;)I 2 63325 orig 80 1 0 0 0 0 0 0 0 0 0 0 0 197 1 0 0 0 0 0 0 0 0 0 0 0 0 0 0 0 0 0 0 0 0 0 0 0 0 0 4 0 0 0 0 0 0 0 0 0 0 0 0 0 0 0 0 0 0 0 0 0 0 0 0 0 0 0 0 0 0 0 0 0 0 0 0 0 0 0 0 data 23 0x8000000600010007 0xf757 0x38 0xa 0x50003 0xa 0x50 0x90005 0x63c8 0x0 0x1c575b06b48 0x915c 0x1c556195de8 0x234 0x0 0x0 0x0 0x0 0x0 0x0 0x9 0x1 0xffffffffffffffff oops 2 10 java/lang/String 12 java/lang/module/ModuleDescriptor methods 0
ciMethodData java/util/HashMap putVal (ILjava/lang/Object;Ljava/lang/Object;ZZ)Ljava/lang/Object; 2 33255 orig 80 6 0 0 0 1 0 0 0 0 0 0 0 197 1 0 0 0 0 0 0 6 0 0 7 0 0 0 0 0 0 0 0 0 0 0 0 0 0 0 3 0 0 0 0 0 0 0 0 0 0 0 0 0 0 0 0 0 0 0 0 0 0 0 0 0 0 0 0 0 0 0 0 0 0 0 0 0 0 0 0 data 198 0x70007 0x174d 0x40 0x6a9f 0x100007 0x6aa1 0x58 0x0 0x140005 0x174d 0x0 0x0 0x0 0x0 0x0 0x2c0007 0x2892 0xa8 0x5961 0x8000000700380005 0x2f 0x0 0x1c555646df0 0x4e82 0x1c555647bc8 0xab5 0x3b0004 0x0 0x0 0x1c555648840 0x4eac 0x1c555f14ae8 0xab5 0x3c0003 0x5962 0x410 0x8000000600450007 0x26a6 0xd0 0x1ed 0x510007 0x8a 0x98 0x163 0x550007 0x0 0x90 0x163 0x5b0005 0x11c 0x0 0x1c559f588c8 0x5 0x1c575b06b48 0x42 0x80000006005e0007 0x29 0x38 0x13b 0x650003 0x1c5 0x2a8 0x6a0004 0xffffffffffffd936 0x0 0x1c555648840 0x147 0x1c55564b738 0x6 0x6d0007 0x26ca 0xa8 0x6 0x720004 0x0 0x0 0x1c55564b738 0x6 0x0 0x0 0x7b0005 0x0 0x0 0x1c55564b738 0x6 0x0 0x0 0x800003 0x6 0x1c8 0x8e0007 0xace 0xc8 0x262a 0x7fffffff00980005 0x1f 0x0 0x1c555646df0 0x25aa 0x1c555647bc8 0x65 0xa20007 0x262d 0x158 0x2 0xa90005 0x2 0x0 0x0 0x0 0x0 0x0 0xac0003 0x2 0x100 0xb50007 0x9c3 0xd0 0x10b 0xc10007 0x35 0xc8 0xd6 0xc50007 0x0 0x90 0xd6 0xffffffff00cb0005 0xcc 0x0 0x1c575b0ae58 0x4 0x1c575b06b48 0xa 0x8000000600ce0007 0x6e 0x38 0x6d 0xd10003 0x6d 0x30 0xdb0003 0xa31 0xfffffffffffffe68 0xe00007 0x2635 0x98 0x267 0xec0007 0x267 0x40 0x0 0xf10007 0x0 0x20 0x0 0x8000000400fd0005 0x0 0x0 0x1c555646df0 0x263 0x1c555647bc8 0x6 0x11c0007 0x777d 0x58 0x817 0x1200005 0x817 0x0 0x0 0x0 0x0 0x0 0x1270005 0x4e 0x0 0x1c555646df0 0x7430 0x1c555647bc8 0xb1a 0x0 0x0 0x0 0x0 0x0 0x0 0x0 0x0 0x0 0x9 0x6 0x0 0x0 0x0 0x0 0x0 0x0 oops 18 22 java/util/HashMap 24 java/util/LinkedHashMap 29 java/util/HashMap$Node 31 java/util/LinkedHashMap$Entry 51 sun/security/x509/AlgorithmId 53 java/lang/String 65 java/util/HashMap$Node 67 java/util/HashMap$TreeNode 76 java/util/HashMap$TreeNode 83 java/util/HashMap$TreeNode 97 java/util/HashMap 99 java/util/LinkedHashMap 130 java/lang/Integer 132 java/lang/String 159 java/util/HashMap 161 java/util/LinkedHashMap 177 java/util/HashMap 179 java/util/LinkedHashMap methods 0
ciMethodData java/util/HashMap resize ()[Ljava/util/HashMap$Node; 2 9721 orig 80 1 0 0 0 0 0 0 0 0 0 0 0 197 1 0 0 0 0 0 0 0 0 0 0 0 0 0 0 0 0 0 0 0 0 0 0 0 0 0 1 0 0 0 0 0 0 0 0 0 0 0 0 0 0 0 0 0 0 0 0 0 0 0 0 0 0 0 0 0 0 0 0 0 0 0 0 0 0 0 0 data 171 0x60007 0x18e 0x38 0x246b 0xa0003 0x246b 0x18 0x190007 0x246b 0x98 0x18e 0x1f0007 0x18e 0x20 0x0 0x320007 0x0 0x90 0x18e 0x380007 0x28 0x70 0x166 0x400003 0x166 0x50 0x440007 0x1cb7 0x38 0x7b4 0x4a0003 0x7b4 0x18 0x570007 0x1e1d 0x78 0x7dc 0x680007 0x0 0x58 0x7dc 0x700007 0x0 0x38 0x7dc 0x760003 0x7dc 0x18 0x910007 0x246b 0x378 0x18e 0x9a0007 0x18f 0x358 0x59d4 0xa40007 0x2982 0x320 0x3052 0xab0104 0x0 0x0 0x0 0x0 0x0 0x0 0xb10007 0x1036 0x70 0x201c 0xc20004 0x0 0x0 0x1c555648840 0x1ff3 0x1c555f14ae8 0x29 0xc30003 0x201c 0x270 0xc80004 0xffffffffffffefcb 0x0 0x1c555648840 0x351 0x1c55564b738 0x1 0x8000000600cb0007 0x1035 0xa8 0x2 0xd00004 0x0 0x0 0x1c55564b738 0x2 0x0 0x0 0xd90005 0x2 0x0 0x0 0x0 0x0 0x0 0xdc0003 0x2 0x190 0xf90007 0x11a0 0x70 0x131d 0xfe0007 0x649 0x38 0xcd4 0x1050003 0xcd4 0x18 0x1130003 0x131d 0x50 0x1180007 0x54b 0x38 0xc55 0x11f0003 0xc55 0x18 0x1320007 0x1488 0xffffffffffffff58 0x1035 0x1370007 0x361 0x58 0xcd4 0x1460004 0x0 0x0 0x1c555648840 0xcc0 0x1c555f14ae8 0x14 0x1490007 0x3e0 0x58 0xc55 0x15a0004 0x0 0x0 0x1c555648840 0xc42 0x1c555f14ae8 0x13 0x15e0003 0x59d5 0xfffffffffffffcc0 0x0 0x0 0x0 0x0 0x0 0x0 0x0 0x0 0x0 0x9 0x1 0x0 oops 9 74 java/util/HashMap$Node 76 java/util/LinkedHashMap$Entry 84 java/util/HashMap$Node 86 java/util/HashMap$TreeNode 95 java/util/HashMap$TreeNode 141 java/util/HashMap$Node 143 java/util/LinkedHashMap$Entry 152 java/util/HashMap$Node 154 java/util/LinkedHashMap$Entry methods 0
ciMethodData java/util/HashMap newNode (ILjava/lang/Object;Ljava/lang/Object;Ljava/util/HashMap$Node;)Ljava/util/HashMap$Node; 2 7515 orig 80 0 0 0 0 0 0 0 0 0 0 0 0 197 1 0 0 0 0 0 0 0 0 0 0 0 0 0 0 0 0 0 0 0 0 0 0 0 0 0 0 0 0 0 0 0 0 0 0 0 0 0 0 0 0 0 0 0 0 0 0 0 0 0 0 0 0 0 0 0 0 0 0 0 0 0 0 0 0 0 0 data 11 0x90002 0x1d5b 0x0 0x0 0x9 0x5 0x0 0x0 0x0 0x0 0x0 oops 0 methods 0
ciMethodData java/util/HashMap treeifyBin ([Ljava/util/HashMap$Node;I)V 1 2 orig 80 0 0 0 0 0 0 0 0 0 0 0 0 197 1 0 0 0 0 0 0 0 0 0 0 0 0 0 0 0 0 0 0 0 0 0 0 0 0 0 0 0 0 0 0 0 0 0 0 0 0 0 0 0 0 0 0 0 0 0 0 0 0 0 0 0 0 0 0 0 0 0 0 0 0 0 0 0 0 0 0 data 69 0x10007 0x0 0x40 0x2 0xa0007 0x2 0x70 0x0 0xe0005 0x0 0x0 0x0 0x0 0x0 0x0 0x120003 0x0 0x158 0x220007 0x0 0x140 0x2 0x2f0005 0x0 0x0 0x1c555646df0 0x12 0x0 0x0 0x360007 0x10 0x38 0x2 0x3d0003 0x2 0x18 0x5a0007 0x10 0xffffffffffffff90 0x2 0x630004 0x0 0x0 0x1c55564b738 0x2 0x0 0x0 0x640007 0x0 0x58 0x2 0x6a0005 0x2 0x0 0x0 0x0 0x0 0x0 0x0 0x0 0x0 0x0 0x0 0x0 0x9 0x3 0xffffffffffffffff 0xffffffffffffffff 0x0 oops 2 25 java/util/HashMap 43 java/util/HashMap$TreeNode methods 0
ciMethodData java/util/HashMap afterNodeAccess (Ljava/util/HashMap$Node;)V 1 612 orig 80 0 0 0 0 0 0 0 0 0 0 0 0 197 1 0 0 0 0 0 0 0 0 0 0 0 0 0 0 0 0 0 0 0 0 0 0 0 0 0 0 0 0 0 0 0 0 0 0 0 0 0 0 0 0 0 0 0 0 0 0 0 0 0 0 0 0 0 0 0 0 0 0 0 0 0 0 0 0 0 0 data 5 0x0 0x9 0x2 0x0 0x0 oops 0 methods 0
ciMethodData java/util/HashMap afterNodeInsertion (Z)V 2 1298 orig 80 0 0 0 0 0 0 0 0 0 0 0 0 197 1 0 0 0 0 0 0 0 0 0 0 0 0 0 0 0 0 0 0 0 0 0 0 0 0 0 0 0 0 0 0 0 0 0 0 0 0 0 0 0 0 0 0 0 0 0 0 0 0 0 0 0 0 0 0 0 0 0 0 0 0 0 0 0 0 0 0 data 5 0x0 0x9 0x2 0x0 0x0 oops 0 methods 0
ciMethodData java/util/HashMap put (Ljava/lang/Object;Ljava/lang/Object;)Ljava/lang/Object; 2 15148 orig 80 2 0 0 0 0 0 0 0 0 0 0 0 0 0 0 0 0 0 0 0 0 0 0 0 0 0 0 0 0 0 0 0 0 0 0 0 0 0 0 0 0 0 0 0 0 0 0 0 0 0 0 0 0 0 0 0 0 0 0 0 0 0 0 0 0 0 0 0 0 0 0 0 0 0 0 0 0 0 0 0 data 20 0x20002 0x3b2d 0x90005 0x3b2e 0x0 0x0 0x0 0x0 0x0 0x0 0x0 0x0 0x0 0x0 0x0 0x9 0x3 0x0 0x0 0x0 oops 0 methods 0
ciMethodData java/util/HashMap$Node <init> (ILjava/lang/Object;Ljava/lang/Object;Ljava/util/HashMap$Node;)V 2 13896 orig 80 0 0 0 0 0 0 0 0 0 0 0 0 0 0 0 0 0 0 0 0 0 0 0 0 0 0 0 0 0 0 0 0 0 0 0 0 0 0 0 0 0 0 0 0 0 0 0 0 0 0 0 0 0 0 0 0 0 0 0 0 0 0 0 0 0 0 0 0 0 0 0 0 0 0 0 0 0 0 0 0 data 13 0x10002 0x3649 0x0 0x0 0x0 0x0 0x9 0x5 0xe 0x0 0x0 0x0 0x0 oops 0 methods 0
ciMethodData java/util/HashMap getNode (Ljava/lang/Object;)Ljava/util/HashMap$Node; 2 14515 orig 80 2 0 0 0 1 0 0 0 0 0 0 0 0 0 0 0 0 0 0 0 0 0 0 0 0 0 0 0 0 0 0 0 0 0 0 0 0 0 0 2 0 0 0 0 0 0 0 0 0 0 0 0 0 0 0 0 0 0 0 0 0 0 0 0 0 0 0 0 0 0 0 0 0 0 0 0 0 0 0 0 data 103 0x60007 0x15d 0x2e8 0x3757 0xe0007 0x0 0x2c8 0x3757 0x170002 0x3757 0x210007 0xe46 0x298 0x2913 0x2a0007 0xaa3 0xb8 0x1e70 0x350007 0x154e 0x98 0x922 0x390007 0x0 0x78 0x922 0x3f0005 0x1b1 0x0 0x1c575b06b48 0x76e 0x1c556192bd8 0x3 0x8000000600420007 0x16 0x20 0x90e 0x4e0007 0x6aa 0x1c0 0x40f 0x520004 0xfffffffffffffbf1 0x0 0x1c555648840 0x2f 0x0 0x0 0x550007 0x40f 0x90 0x0 0x590004 0x0 0x0 0x0 0x0 0x0 0x0 0x5f0005 0x0 0x0 0x0 0x0 0x0 0x0 0x6a0007 0x284 0xb8 0x244 0x760007 0x1ca 0x98 0x7a 0x7a0007 0x0 0x78 0x7a 0x800005 0x21 0x0 0x1c575b06b48 0x4c 0x1c575b0ae58 0xd 0x830007 0x4 0x20 0x76 0x910007 0xb9 0xffffffffffffff48 0x1cf 0x0 0x0 0x0 0x0 0x0 0x0 0x9 0x2 0x0 0xffffffffffffffff oops 5 29 java/lang/String 31 java/util/zip/ZipFile$Source$Key 44 java/util/HashMap$Node 81 java/lang/String 83 java/lang/Integer methods 0
ciMethodData java/util/HashMap get (Ljava/lang/Object;)Ljava/lang/Object; 2 14744 orig 80 2 0 0 0 0 0 0 0 0 0 0 0 0 0 0 0 0 0 0 0 0 0 0 0 0 0 0 0 0 0 0 0 0 0 0 0 0 0 0 0 0 0 0 0 0 0 0 0 0 0 0 0 0 0 0 0 0 0 0 0 0 0 0 0 0 0 0 0 0 0 0 0 0 0 0 0 0 0 0 0 data 24 0x20005 0x3999 0x0 0x0 0x0 0x0 0x0 0x70007 0x2068 0x38 0x1933 0xb0003 0x1933 0x18 0x0 0x0 0x0 0x0 0x0 0x0 0x9 0x2 0x0 0xffffffffffffffff oops 0 methods 0
ciMethodData java/util/HashMap$HashIterator <init> (Ljava/util/HashMap;)V 2 4245 orig 80 1 0 0 0 0 0 0 0 0 0 0 0 0 0 0 0 0 0 0 0 0 0 0 0 0 0 0 0 0 0 0 0 0 0 0 0 0 0 0 1 0 0 0 0 0 0 0 0 0 0 0 0 0 0 0 0 0 0 0 0 0 0 0 0 0 0 0 0 0 0 0 0 0 0 0 0 0 0 0 0 data 29 0x60002 0x1096 0x260007 0x29 0x80 0x106d 0x80000006002d0007 0x20a 0x60 0xe64 0x360007 0x0 0x40 0x5f2f 0x4b0007 0x50cb 0xffffffffffffffe0 0xe64 0x0 0x0 0x0 0x0 0x0 0x0 0x0 0x9 0x2 0x1e 0x0 oops 0 methods 0
ciMethodData java/util/HashMap keySet ()Ljava/util/Set; 2 6410 orig 80 0 0 0 0 0 0 0 0 0 0 0 0 0 0 0 0 0 0 0 0 0 0 0 0 0 0 0 0 0 0 0 0 0 0 0 0 0 0 0 0 0 0 0 0 0 0 0 0 0 0 0 0 0 0 0 0 0 0 0 0 0 0 0 0 0 0 0 0 0 0 0 0 0 0 0 0 0 0 0 0 data 15 0x60007 0x17cb 0x30 0x140 0xe0002 0x140 0x0 0x0 0x0 0x0 0x0 0x0 0x9 0x1 0x0 oops 0 methods 0
ciMethodData java/util/HashMap$KeySet iterator ()Ljava/util/Iterator; 2 6286 orig 80 0 0 0 0 0 0 0 0 0 0 0 0 0 0 0 0 0 0 0 0 0 0 0 0 0 0 0 0 0 0 0 0 0 0 0 0 0 0 0 0 0 0 0 0 0 0 0 0 0 0 0 0 0 0 0 0 0 0 0 0 0 0 0 0 0 0 0 0 0 0 0 0 0 0 0 0 0 0 0 0 data 9 0x80002 0x188f 0x0 0x0 0x0 0x0 0x9 0x1 0x0 oops 0 methods 0
ciMethodData java/util/HashMap$KeyIterator <init> (Ljava/util/HashMap;)V 2 6286 orig 80 0 0 0 0 0 0 0 0 0 0 0 0 0 0 0 0 0 0 0 0 0 0 0 0 0 0 0 0 0 0 0 0 0 0 0 0 0 0 0 0 0 0 0 0 0 0 0 0 0 0 0 0 0 0 0 0 0 0 0 0 0 0 0 0 0 0 0 0 0 0 0 0 0 0 0 0 0 0 0 0 data 8 0x20002 0x188f 0x0 0x0 0x9 0x2 0x0 0x0 oops 0 methods 0
ciMethodData java/util/HashSet iterator ()Ljava/util/Iterator; 2 5786 orig 80 1 0 0 0 0 0 0 0 0 0 0 0 0 0 0 0 0 0 0 0 0 0 0 0 0 0 0 0 0 0 0 0 0 0 0 0 0 0 0 0 0 0 0 0 0 0 0 0 0 0 0 0 0 0 0 0 0 0 0 0 0 0 0 0 0 0 0 0 0 0 0 0 0 0 0 0 0 0 0 0 data 23 0x40005 0x0 0x0 0x1c555646df0 0x1699 0x1c555647bc8 0x2 0x70005 0x0 0x0 0x1c55c647c28 0x1699 0x1c55c647cd8 0x2 0x0 0x0 0x0 0x0 0x0 0x0 0x9 0x1 0x0 oops 4 3 java/util/HashMap 5 java/util/LinkedHashMap 10 java/util/HashMap$KeySet 12 java/util/LinkedHashMap$LinkedKeySet methods 0
ciMethodData java/util/HashMap$KeySet <init> (Ljava/util/HashMap;)V 1 320 orig 80 0 0 0 0 0 0 0 0 0 0 0 0 197 1 0 0 0 0 0 0 0 0 0 0 0 0 0 0 0 0 0 0 0 0 0 0 0 0 0 0 0 0 0 0 0 0 0 0 0 0 0 0 0 0 0 0 0 0 0 0 0 0 0 0 0 0 0 0 0 0 0 0 0 0 0 0 0 0 0 0 data 10 0x60002 0x140 0x0 0x0 0x0 0x0 0x9 0x2 0x6 0x0 oops 0 methods 0
ciMethodData java/util/AbstractSet <init> ()V 2 21359 orig 80 0 0 0 0 0 0 0 0 0 0 0 0 197 1 0 0 0 0 0 0 0 0 0 0 0 0 0 0 0 0 0 0 0 0 0 0 0 0 0 0 0 0 0 0 0 0 0 0 0 0 0 0 0 0 0 0 0 0 0 0 0 0 0 0 0 0 0 0 0 0 0 0 0 0 0 0 0 0 0 0 data 7 0x10002 0x5375 0x0 0x0 0x9 0x1 0x0 oops 0 methods 0
ciMethodData java/lang/Object equals (Ljava/lang/Object;)Z 2 8583 orig 80 0 0 0 0 0 0 0 0 0 0 0 0 0 0 0 0 0 0 0 0 0 0 0 0 0 0 0 0 0 0 0 0 0 0 0 0 0 0 0 0 0 0 0 0 0 0 0 0 0 0 0 0 0 0 0 0 0 0 0 0 0 0 0 0 0 0 0 0 0 0 0 0 0 0 0 0 0 0 0 0 data 17 0x20007 0x13f0 0x38 0xd9c 0x60003 0xd9c 0x18 0x0 0x0 0x0 0x0 0x0 0x0 0x9 0x2 0x0 0x0 oops 0 methods 0
ciMethodData java/util/HashMap containsKey (Ljava/lang/Object;)Z 2 8225 orig 80 0 0 0 0 0 0 0 0 0 0 0 0 0 0 0 0 0 0 0 0 0 0 0 0 0 0 0 0 0 0 0 0 0 0 0 0 0 0 0 0 0 0 0 0 0 0 0 0 0 0 0 0 0 0 0 0 0 0 0 0 0 0 0 0 0 0 0 0 0 0 0 0 0 0 0 0 0 0 0 0 data 24 0x20005 0x2022 0x0 0x0 0x0 0x0 0x0 0x50007 0x1c7e 0x38 0x3a4 0x90003 0x3a4 0x18 0x0 0x0 0x0 0x0 0x0 0x0 0x9 0x2 0x0 0x0 oops 0 methods 0
ciMethodData java/lang/StringUTF16 coderFromArrayLen ([BI)B 2 9222 orig 80 0 0 0 0 0 0 0 0 0 0 0 0 197 1 0 0 0 0 0 0 0 0 0 0 0 0 0 0 0 0 0 0 0 0 0 0 0 0 0 0 0 0 0 0 0 0 0 0 0 0 0 0 0 0 0 0 0 0 0 0 0 0 0 0 0 0 0 0 0 0 0 0 0 0 0 0 0 0 0 0 data 7 0x0 0x0 0x0 0x9 0x2 0x0 0x0 oops 0 methods 0
ciMethodData java/lang/String <init> ([CIILjava/lang/Void;)V 2 9320 orig 80 0 0 0 0 0 0 0 0 0 0 0 0 0 0 0 0 0 0 0 0 0 0 0 0 0 0 0 0 0 0 0 0 0 0 0 0 0 0 0 0 0 0 0 0 0 0 0 0 0 0 0 0 0 0 0 0 0 0 0 0 0 0 0 0 0 0 0 0 0 0 0 0 0 0 0 0 0 0 0 0 data 29 0x10002 0x2469 0x50007 0x229a 0x20 0x1cf 0x1e0007 0x0 0x40 0x229a 0x240002 0x229a 0x2d0002 0x229a 0x430002 0x0 0x0 0x0 0x0 0x0 0x0 0x0 0x9 0x5 0xc 0x0 0x0 0x0 0x0 oops 0 methods 0
ciMethodData java/lang/StringUTF16 compress ([CII)[B 2 8856 orig 80 0 0 0 0 0 0 0 0 0 0 0 0 0 0 0 0 0 0 0 0 0 0 0 0 0 0 0 0 0 0 0 0 0 0 0 0 0 0 0 0 0 0 0 0 0 0 0 0 0 0 0 0 0 0 0 0 0 0 0 0 0 0 0 0 0 0 0 0 0 0 0 0 0 0 0 0 0 0 0 0 data 31 0x90002 0x2299 0x110007 0x2298 0x90 0x1 0x170002 0x1 0x200002 0x0 0x260007 0x1 0x50 0x0 0x2f0002 0x0 0x330007 0x0 0x20 0x0 0x0 0x0 0x0 0x0 0x0 0x0 0x9 0x3 0x0 0x0 0x0 oops 0 methods 0
ciMethodData java/lang/String valueOf (Ljava/lang/Object;)Ljava/lang/String; 2 14323 orig 80 0 0 0 0 0 0 0 0 0 0 0 0 197 1 0 0 0 0 0 0 0 0 0 0 0 0 0 0 0 0 0 0 0 0 0 0 0 0 0 0 0 0 0 0 0 0 0 0 0 0 0 0 0 0 0 0 0 0 0 0 0 0 0 0 0 0 0 0 0 0 0 0 0 0 0 0 0 0 0 0 data 23 0x10007 0x37ed 0x38 0x5 0x70003 0x5 0x50 0xb0005 0x1a7c 0x0 0x1c575b06b48 0x769 0x1c55ce1d628 0x92 0x0 0x0 0x0 0x0 0x0 0x0 0x9 0x1 0xffffffffffffffff oops 2 10 java/lang/String 12 java/security/Provider$UString methods 0
ciMethodData java/util/HashSet contains (Ljava/lang/Object;)Z 2 8693 orig 80 1 0 0 0 0 0 0 0 0 0 0 0 197 1 0 0 0 0 0 0 0 0 0 0 0 0 0 0 0 0 0 0 0 0 0 0 0 0 0 0 0 0 0 0 0 0 0 0 0 0 0 0 0 0 0 0 0 0 0 0 0 0 0 0 0 0 0 0 0 0 0 0 0 0 0 0 0 0 0 0 data 17 0x50005 0x0 0x0 0x1c555646df0 0x21f3 0x1c555647bc8 0x3 0x0 0x0 0x0 0x0 0x0 0x0 0x9 0x2 0x0 0x0 oops 2 3 java/util/HashMap 5 java/util/LinkedHashMap methods 0
ciMethod java/util/LinkedHashMap$LinkedKeySet <init> (Ljava/util/LinkedHashMap;Z)V 460 0 299 0 0
ciMethod java/util/LinkedHashMap$LinkedKeySet iterator ()Ljava/util/Iterator; 542 0 1525 0 0
ciMethod java/util/LinkedHashMap$LinkedKeyIterator <init> (Ljava/util/LinkedHashMap;Z)V 544 0 1526 0 0
ciMethod java/util/LinkedHashMap$LinkedKeyIterator next ()Ljava/lang/Object; 518 0 5382 0 216
ciMethodData java/util/LinkedHashMap$LinkedHashIterator hasNext ()Z 2 5121 orig 80 0 0 0 0 0 0 0 0 0 0 0 0 197 1 0 0 0 0 0 0 0 0 0 0 0 0 0 0 0 0 0 0 0 0 0 0 0 0 0 0 0 0 0 0 0 0 0 0 0 0 0 0 0 0 0 0 0 0 0 0 0 0 0 0 0 0 0 0 0 0 0 0 0 0 0 0 0 0 0 0 data 16 0x40007 0x770 0x38 0xc91 0x80003 0xc91 0x18 0x0 0x0 0x0 0x0 0x0 0x0 0x9 0x1 0x0 oops 0 methods 0
ciMethodData java/util/LinkedHashMap$LinkedHashIterator nextNode ()Ljava/util/LinkedHashMap$Entry; 2 5122 orig 80 0 0 0 0 0 0 0 0 0 0 0 0 197 1 0 0 0 0 0 0 0 0 0 0 0 0 0 0 0 0 0 0 0 0 0 0 0 0 0 0 0 0 0 0 0 0 0 0 0 0 0 0 0 0 0 0 0 0 0 0 0 0 0 0 0 0 0 0 0 0 0 0 0 0 0 0 0 0 0 0 data 28 0x100007 0x1402 0x30 0x0 0x170002 0x0 0x1c0007 0x1402 0x30 0x0 0x230002 0x0 0x310007 0x1402 0x38 0x0 0x380003 0x0 0x18 0x0 0x0 0x0 0x0 0x0 0x0 0x9 0x1 0x0 oops 0 methods 0
ciMethodData java/util/LinkedHashMap$LinkedHashIterator <init> (Ljava/util/LinkedHashMap;Z)V 2 3976 orig 80 0 0 0 0 0 0 0 0 0 0 0 0 0 0 0 0 0 0 0 0 0 0 0 0 0 0 0 0 0 0 0 0 0 0 0 0 0 0 0 0 0 0 0 0 0 0 0 0 0 0 0 0 0 0 0 0 0 0 0 0 0 0 0 0 0 0 0 0 0 0 0 0 0 0 0 0 0 0 0 0 data 18 0x60002 0xf8b 0x100007 0xf8b 0x38 0x0 0x170003 0x0 0x18 0x0 0x0 0x0 0x0 0x9 0x3 0x1e 0x0 0x0 oops 0 methods 0
ciMethodData java/lang/String <init> ([C)V 2 6204 orig 80 0 0 0 0 0 0 0 0 0 0 0 0 197 1 0 0 0 0 0 0 0 0 0 0 0 0 0 0 0 0 0 0 0 0 0 0 0 0 0 0 0 0 0 0 0 0 0 0 0 0 0 0 0 0 0 0 0 0 0 0 0 0 0 0 0 0 0 0 0 0 0 0 0 0 0 0 0 0 0 0 data 9 0x60002 0x184a 0x0 0x0 0x0 0x9 0x2 0x0 0x0 oops 0 methods 0
ciMethod org/eclipse/core/runtime/IStatus isOK ()Z 0 0 1 0 -1
ciMethod org/eclipse/core/runtime/Assert isLegal (Z)Z 1024 0 5918 0 -1
ciMethod org/eclipse/core/resources/IResource getProject ()Lorg/eclipse/core/resources/IProject; 0 0 1 0 -1
ciMethod org/eclipse/core/resources/IResource getType ()I 0 0 1 0 -1
ciMethod org/eclipse/core/resources/IContainer findMember (Ljava/lang/String;)Lorg/eclipse/core/resources/IResource; 0 0 1 0 -1
ciMethod org/eclipse/core/runtime/Status interpolateMessage (Ljava/lang/String;Ljava/lang/Throwable;)Ljava/lang/String; 132 0 64 0 -1
ciMethod org/eclipse/core/runtime/Status <init> (ILjava/lang/String;ILjava/lang/String;Ljava/lang/Throwable;)V 34 0 64 0 -1
ciMethod org/eclipse/core/runtime/Status setCode (I)V 224 0 107 0 -1
ciMethod org/eclipse/core/runtime/Status setException (Ljava/lang/Throwable;)V 224 0 107 0 -1
ciMethod org/eclipse/core/runtime/Status setMessage (Ljava/lang/String;)V 224 0 107 0 -1
ciMethod org/eclipse/core/runtime/Status setPlugin (Ljava/lang/String;)V 224 0 107 0 -1
ciMethod org/eclipse/core/runtime/Status setSeverity (I)V 224 0 107 0 -1
ciMethod org/eclipse/jdt/core/WorkingCopyOwner findSource (Ljava/lang/String;Ljava/lang/String;)Ljava/lang/String; 268 0 3621 0 -1
ciMethod org/eclipse/jdt/core/JavaCore create (Lorg/eclipse/core/resources/IProject;)Lorg/eclipse/jdt/core/IJavaProject; 18 0 289 0 -1
ciMethod org/eclipse/jdt/core/IJavaElement exists ()Z 0 0 1 0 -1
ciMethod org/eclipse/jdt/core/IJavaElement getElementType ()I 0 0 1 0 -1
ciMethod org/eclipse/jdt/core/IJavaElement getJavaProject ()Lorg/eclipse/jdt/core/IJavaProject; 0 0 1 0 -1
ciMethod org/eclipse/jdt/core/IJavaElement getParent ()Lorg/eclipse/jdt/core/IJavaElement; 0 0 1 0 -1
ciMethod org/eclipse/jdt/core/IJavaElement getUnderlyingResource ()Lorg/eclipse/core/resources/IResource; 0 0 1 0 -1
ciMethod org/eclipse/jdt/core/JavaModelException <init> (Lorg/eclipse/jdt/core/IJavaModelStatus;)V 0 0 1 0 -1
ciMethod org/eclipse/jdt/core/JavaModelException isDoesNotExist ()Z 0 0 1 0 -1
ciMethod org/eclipse/jdt/core/compiler/CharOperation concatWith ([[CC)[C 520 1968 6640 0 1096
ciMethod org/eclipse/jdt/core/compiler/CharOperation contains (C[C)Z 0 0 1 0 -1
ciMethod org/eclipse/jdt/core/compiler/CharOperation equals ([C[C)Z 518 0 32428 0 296
ciMethod org/eclipse/jdt/core/compiler/CharOperation hashCode ([C)I 610 0 29019 0 656
ciMethod org/eclipse/jdt/core/compiler/CharOperation replaceOnCopy ([CCC)[C 210 8504 146 0 -1
ciMethod org/eclipse/jdt/core/compiler/CharOperation splitOn (C[C)[[C 18 38956 1253 0 -1
ciMethod org/eclipse/jdt/core/compiler/CharOperation toString ([[C)Ljava/lang/String; 516 0 4642 0 0
ciMethod org/eclipse/jdt/internal/core/JavaModelManager getInfo (Lorg/eclipse/jdt/core/IJavaElement;)Lorg/eclipse/jdt/internal/compiler/env/IElementInfo; 4250 0 7769 0 -1
ciMethod org/eclipse/jdt/internal/core/JavaModelManager getJavaModelManager ()Lorg/eclipse/jdt/internal/core/JavaModelManager; 772 0 26625 0 -1
ciMethod org/eclipse/jdt/internal/core/JavaModelManager getModulePathManager ()Lorg/eclipse/jdt/internal/core/ModuleSourcePathManager; 0 0 1 0 -1
ciMethod org/eclipse/jdt/core/IJavaProject getProject ()Lorg/eclipse/core/resources/IProject; 0 0 1 0 -1
ciMethod org/eclipse/jdt/core/IPackageFragmentRoot isExternal ()Z 0 0 1 0 -1
ciMethod org/eclipse/jdt/internal/core/PackageFragmentRoot resource ()Lorg/eclipse/core/resources/IResource; 512 0 3980 0 0
ciMethod org/eclipse/jdt/internal/core/PackageFragmentRoot resource (Lorg/eclipse/jdt/internal/core/PackageFragmentRoot;)Lorg/eclipse/core/resources/IResource; 4 0 730 0 -1
ciMethod org/eclipse/jdt/internal/core/PackageFragmentRoot getUnderlyingResource ()Lorg/eclipse/core/resources/IResource; 8 0 4 0 0
ciMethod org/eclipse/jdt/internal/core/PackageFragmentRoot isArchive ()Z 258 0 129 0 0
ciMethod org/eclipse/jdt/internal/core/Openable exists ()Z 146 0 5206 0 5376
ciMethod org/eclipse/jdt/internal/core/Openable resource ()Lorg/eclipse/core/resources/IResource; 514 0 7514 0 0
ciMethod org/eclipse/jdt/internal/core/Openable resource (Lorg/eclipse/jdt/internal/core/PackageFragmentRoot;)Lorg/eclipse/core/resources/IResource; 0 0 1 0 -1
ciMethod org/eclipse/jdt/internal/core/Openable getPackageFragmentRoot ()Lorg/eclipse/jdt/internal/core/PackageFragmentRoot; 518 0 12327 0 0
ciMethod org/eclipse/jdt/internal/core/Openable validateExistence (Lorg/eclipse/core/resources/IResource;)Lorg/eclipse/core/runtime/IStatus; 0 0 1 0 -1
ciMethod org/eclipse/jdt/internal/core/JavaElement exists ()Z 140 0 78 0 -1
ciMethod org/eclipse/jdt/internal/core/JavaElement getAncestor (I)Lorg/eclipse/jdt/core/IJavaElement; 512 866 16748 0 168
ciMethod org/eclipse/jdt/internal/core/JavaElement getElementInfo ()Lorg/eclipse/jdt/internal/compiler/env/IElementInfo; 512 0 9129 0 -1
ciMethod org/eclipse/jdt/internal/core/JavaElement getJavaProject ()Lorg/eclipse/jdt/internal/core/JavaProject; 472 0 236 0 0
ciMethod org/eclipse/jdt/internal/core/JavaElement getParent ()Lorg/eclipse/jdt/internal/core/JavaElement; 278 0 139 0 0
ciMethod org/eclipse/jdt/internal/core/JavaElement newNotPresentException ()Lorg/eclipse/jdt/core/JavaModelException; 0 0 1 0 0
ciMethod org/eclipse/jdt/internal/core/JavaElement newDoesNotExistStatus ()Lorg/eclipse/jdt/internal/core/JavaModelStatus; 0 0 1 0 -1
ciMethod org/eclipse/jdt/internal/core/JavaElement getJavaProject ()Lorg/eclipse/jdt/core/IJavaProject; 1024 0 8178 0 112
ciMethod org/eclipse/jdt/internal/core/JavaElement getParent ()Lorg/eclipse/jdt/core/IJavaElement; 360 0 24017 0 0
ciMethod org/eclipse/jdt/core/ICompilationUnit getTypes ()[Lorg/eclipse/jdt/core/IType; 0 0 1 0 -1
ciMethod org/eclipse/jdt/internal/core/JavaProject getProject ()Lorg/eclipse/core/resources/IProject; 268 0 134 0 0
ciMethod org/eclipse/jdt/internal/compiler/lookup/TypeBinding isRawType ()Z 768 0 3613 0 -1
ciMethod org/eclipse/jdt/internal/compiler/lookup/Binding isValidBinding ()Z 474 0 20914 0 120
ciMethod org/eclipse/jdt/internal/compiler/lookup/Binding problemId ()I 308 0 352 0 -1
ciMethod org/eclipse/jdt/internal/compiler/lookup/PackageBinding getType0 ([C)Lorg/eclipse/jdt/internal/compiler/lookup/ReferenceBinding; 522 0 12117 0 1424
ciMethod org/eclipse/jdt/internal/compiler/lookup/ModuleBinding nameForLookup ()[C 278 0 139 0 0
ciMethod org/eclipse/jdt/internal/core/PackageFragment getUnderlyingResource ()Lorg/eclipse/core/resources/IResource; 282 10 127 0 0
ciMethod org/eclipse/jdt/core/IType getCompilationUnit ()Lorg/eclipse/jdt/core/ICompilationUnit; 0 0 1 0 -1
ciMethod org/eclipse/jdt/core/IType getParent ()Lorg/eclipse/jdt/core/IJavaElement; 0 0 1 0 -1
ciMethod org/eclipse/jdt/internal/core/JavaModelCache getInfo (Lorg/eclipse/jdt/core/IJavaElement;)Lorg/eclipse/jdt/internal/compiler/env/IElementInfo; 4542 0 8941 0 -1
ciMethod org/eclipse/jdt/internal/core/NameLookup findType (Ljava/lang/String;Ljava/lang/String;ZIZ[Lorg/eclipse/jdt/core/IPackageFragmentRoot;I)Lorg/eclipse/jdt/internal/core/NameLookup$Answer; 668 0 3820 0 -1
ciMethod org/eclipse/jdt/internal/core/NameLookup findModule ([C)Lorg/eclipse/jdt/internal/core/NameLookup$Answer; 88 0 272 0 0
ciMethod org/eclipse/jdt/internal/core/NameLookup seekModule ([CZLorg/eclipse/jdt/internal/core/IJavaElementRequestor;)V 244 12592 272 0 -1
ciMethod org/eclipse/jdt/core/IModuleDescription getParent ()Lorg/eclipse/jdt/core/IJavaElement; 0 0 1 0 -1
ciMethod org/eclipse/jdt/core/IModuleDescription getElementName ()Ljava/lang/String; 0 0 1 0 -1
ciMethod org/eclipse/jdt/core/IModuleDescription getJavaProject ()Lorg/eclipse/jdt/core/IJavaProject; 0 0 1 0 -1
ciMethod org/eclipse/jdt/internal/compiler/problem/ProblemReporter isClassPathCorrect ([[CLorg/eclipse/jdt/internal/compiler/ast/CompilationUnitDeclaration;Lorg/eclipse/jdt/internal/compiler/ast/Location;ZLorg/eclipse/jdt/internal/compiler/lookup/ReferenceBinding;)V 0 0 1 0 -1
ciMethod org/eclipse/jdt/internal/compiler/env/ISourceType getEnclosingType ()Lorg/eclipse/jdt/internal/compiler/env/ISourceType; 0 0 1 0 -1
ciMethod org/eclipse/jdt/internal/core/JarPackageFragmentRoot resource (Lorg/eclipse/jdt/internal/core/PackageFragmentRoot;)Lorg/eclipse/core/resources/IResource; 516 0 6404 0 112
ciMethod org/eclipse/jdt/internal/core/JarPackageFragmentRoot getUnderlyingResource ()Lorg/eclipse/core/resources/IResource; 516 0 246 0 0
ciMethod org/eclipse/jdt/internal/core/JarPackageFragmentRoot isArchive ()Z 256 0 128 0 0
ciMethod org/eclipse/jdt/internal/core/JarPackageFragmentRoot isExternal ()Z 518 0 1915 0 0
ciMethod org/eclipse/jdt/internal/core/JavaModelStatus <init> (I[Lorg/eclipse/jdt/core/IJavaElement;)V 56 0 26 0 -1
ciMethod org/eclipse/jdt/internal/core/JavaModelStatus <init> (ILorg/eclipse/jdt/core/IJavaElement;)V 0 0 26 0 -1
ciMethod org/eclipse/jdt/internal/core/util/Util defaultJavaExtension ()Ljava/lang/String; 0 0 1 0 -1
ciMethodData java/lang/String valueOf ([C)Ljava/lang/String; 2 9811 orig 80 0 0 0 0 0 0 0 0 0 0 0 0 197 1 0 0 0 0 0 0 0 0 0 0 0 0 0 0 0 0 0 0 0 0 0 0 0 0 0 0 0 0 0 0 0 0 0 0 0 0 0 0 0 0 0 0 0 0 0 0 0 0 0 0 0 0 0 0 0 0 0 0 0 0 0 0 0 0 0 0 data 8 0x50002 0x2653 0x0 0x0 0x0 0x9 0x1 0x0 oops 0 methods 0
ciMethodData java/util/LinkedHashMap$LinkedKeyIterator next ()Ljava/lang/Object; 2 5123 orig 80 0 0 0 0 0 0 0 0 0 0 0 0 197 1 0 0 0 0 0 0 0 0 0 0 0 0 0 0 0 0 0 0 0 0 0 0 0 0 0 0 0 0 0 0 0 0 0 0 0 0 0 0 0 0 0 0 0 0 0 0 0 0 0 0 0 0 0 0 0 0 0 0 0 0 0 0 0 0 0 0 data 23 0x10005 0x1404 0x0 0x0 0x0 0x0 0x0 0x40005 0x1403 0x0 0x0 0x0 0x0 0x0 0x0 0x0 0x0 0x0 0x0 0x0 0x9 0x1 0x0 oops 0 methods 0
ciMethodData java/util/Arrays hashCode ([C)I 2 9560 orig 80 1 0 0 0 0 0 0 0 0 0 0 0 197 1 0 0 0 0 0 0 0 0 0 0 0 0 0 0 0 0 0 0 0 0 0 0 0 0 0 1 0 0 0 0 0 0 0 0 0 0 0 0 0 0 0 0 0 0 0 0 0 0 0 0 0 0 0 0 0 0 0 0 0 0 0 0 0 0 0 0 data 29 0x10007 0x2559 0x20 0x0 0x8000000600080008 0x6 0x2552 0x70 0x1 0x40 0x8 0x58 0x250003 0x1 0x40 0x2e0003 0x8 0x28 0x370002 0x2553 0x0 0x0 0x0 0x0 0x0 0x0 0x9 0x1 0x0 oops 0 methods 0
ciMethodData java/util/LinkedHashMap keySet ()Ljava/util/Set; 2 1392 orig 80 0 0 0 0 0 0 0 0 0 0 0 0 197 1 0 0 0 0 0 0 0 0 0 0 0 0 0 0 0 0 0 0 0 0 0 0 0 0 0 0 0 0 0 0 0 0 0 0 0 0 0 0 0 0 0 0 0 0 0 0 0 0 0 0 0 0 0 0 0 0 0 0 0 0 0 0 0 0 0 0 data 16 0x10005 0x0 0x0 0x1c555647bc8 0x571 0x0 0x0 0x0 0x0 0x0 0x0 0x0 0x0 0x9 0x1 0x0 oops 1 3 java/util/LinkedHashMap methods 0
ciMethodData java/util/LinkedHashMap sequencedKeySet ()Ljava/util/SequencedSet; 2 1393 orig 80 0 0 0 0 0 0 0 0 0 0 0 0 197 1 0 0 0 0 0 0 0 0 0 0 0 0 0 0 0 0 0 0 0 0 0 0 0 0 0 0 0 0 0 0 0 0 0 0 0 0 0 0 0 0 0 0 0 0 0 0 0 0 0 0 0 0 0 0 0 0 0 0 0 0 0 0 0 0 0 0 data 22 0x60007 0x516 0x30 0x5a 0xf0002 0x5a 0x1b0004 0x0 0x0 0x1c55c647cd8 0x51a 0x0 0x0 0x0 0x0 0x0 0x0 0x0 0x0 0x9 0x1 0x0 oops 1 9 java/util/LinkedHashMap$LinkedKeySet methods 0
ciMethodData java/util/LinkedHashMap$LinkedKeySet <init> (Ljava/util/LinkedHashMap;Z)V 1 69 orig 80 0 0 0 0 0 0 0 0 0 0 0 0 197 1 0 0 0 0 0 0 0 0 0 0 0 0 0 0 0 0 0 0 0 0 0 0 0 0 0 0 0 0 0 0 0 0 0 0 0 0 0 0 0 0 0 0 0 0 0 0 0 0 0 0 0 0 0 0 0 0 0 0 0 0 0 0 0 0 0 0 data 11 0x60002 0x45 0x0 0x0 0x0 0x0 0x9 0x3 0x6 0x0 0x0 oops 0 methods 0
ciMethodData java/util/LinkedHashMap$LinkedKeySet iterator ()Ljava/util/Iterator; 2 1254 orig 80 0 0 0 0 0 0 0 0 0 0 0 0 197 1 0 0 0 0 0 0 0 0 0 0 0 0 0 0 0 0 0 0 0 0 0 0 0 0 0 0 0 0 0 0 0 0 0 0 0 0 0 0 0 0 0 0 0 0 0 0 0 0 0 0 0 0 0 0 0 0 0 0 0 0 0 0 0 0 0 0 data 9 0xc0002 0x4e7 0x0 0x0 0x0 0x0 0x9 0x1 0x0 oops 0 methods 0
ciMethodData java/util/LinkedHashMap$LinkedKeyIterator <init> (Ljava/util/LinkedHashMap;Z)V 2 1254 orig 80 0 0 0 0 0 0 0 0 0 0 0 0 197 1 0 0 0 0 0 0 0 0 0 0 0 0 0 0 0 0 0 0 0 0 0 0 0 0 0 0 0 0 0 0 0 0 0 0 0 0 0 0 0 0 0 0 0 0 0 0 0 0 0 0 0 0 0 0 0 0 0 0 0 0 0 0 0 0 0 0 data 9 0x30002 0x4e7 0x0 0x0 0x9 0x3 0x0 0x0 0x0 oops 0 methods 0
ciMethodData org/eclipse/core/runtime/Status <init> (ILjava/lang/String;ILjava/lang/String;Ljava/lang/Throwable;)V 1 47 orig 80 0 0 0 0 0 0 0 0 0 0 0 0 197 1 0 0 0 0 0 0 0 0 0 0 0 0 0 0 0 0 0 0 0 0 0 0 0 0 0 0 0 0 0 0 0 0 0 0 0 0 0 0 0 0 0 0 0 0 0 0 0 0 0 0 0 0 0 0 0 0 0 0 0 0 0 0 0 0 0 0 data 58 0x10002 0x2f 0x100005 0x1 0x0 0x1c55ce18c08 0x14 0x1c55ce17df0 0x1a 0x150005 0x1 0x0 0x1c55ce18c08 0x14 0x1c55ce17df0 0x1a 0x1a0005 0x1 0x0 0x1c55ce18c08 0x14 0x1c55ce17df0 0x1a 0x230005 0x2f 0x0 0x0 0x0 0x0 0x0 0x260005 0x1 0x0 0x1c55ce18c08 0x14 0x1c55ce17df0 0x1a 0x2c0005 0x1 0x0 0x1c55ce18c08 0x14 0x1c55ce17df0 0x1a 0x0 0x0 0x0 0x0 0x0 0x0 0x9 0x6 0x0 0x0 0x0 0x0 0x0 0x0 oops 10 5 org/eclipse/core/runtime/Status 7 org/eclipse/jdt/internal/core/JavaModelStatus 12 org/eclipse/core/runtime/Status 14 org/eclipse/jdt/internal/core/JavaModelStatus 19 org/eclipse/core/runtime/Status 21 org/eclipse/jdt/internal/core/JavaModelStatus 33 org/eclipse/core/runtime/Status 35 org/eclipse/jdt/internal/core/JavaModelStatus 40 org/eclipse/core/runtime/Status 42 org/eclipse/jdt/internal/core/JavaModelStatus methods 0
ciMethod org/eclipse/jdt/internal/core/util/DeduplicationUtil toString ([C)Ljava/lang/String; 820 0 5544 0 1984
ciMethod org/eclipse/jdt/internal/core/util/WeakHashSet$HashableWeakReference <init> (Ljava/lang/Object;Ljava/lang/ref/ReferenceQueue;)V 1024 0 14682 0 -1
ciMethod org/eclipse/jdt/internal/core/util/WeakHashSet add (Ljava/lang/Object;)Ljava/lang/Object; 1024 1304 21083 0 4608
ciMethod org/eclipse/jdt/internal/core/util/WeakHashSet cleanupGarbageCollectedValues ()V 532 0 20639 0 -1
ciMethod org/eclipse/jdt/internal/core/util/WeakHashSet rehash ()V 16 1554 21 0 -1
ciMethodData org/eclipse/jdt/internal/core/util/WeakHashSet add (Ljava/lang/Object;)Ljava/lang/Object; 2 20571 orig 80 1 0 0 0 0 0 0 0 0 0 0 0 0 0 0 0 0 0 0 0 0 0 0 0 0 0 0 0 0 0 0 0 0 0 0 0 0 0 0 0 0 0 0 0 0 0 0 0 0 0 0 0 0 0 0 0 0 0 0 0 0 0 0 0 0 0 0 0 0 0 0 0 0 0 0 0 0 0 0 0 data 73 0x10005 0x505c 0x0 0x0 0x0 0x0 0x0 0xb0005 0x51 0x0 0x1c575b06b48 0x4da3 0x1c55a408c70 0x269 0x140003 0x505d 0xc8 0x1a0005 0x0 0x0 0x1c55a407ca0 0x6f4b 0x0 0x0 0x200005 0x59 0x0 0x1c575b06b48 0x6d16 0x1c55a408c70 0x1dc 0x230007 0x566d 0x20 0x18de 0x2e0007 0x5669 0x20 0x4 0x3c0007 0x6f4b 0xffffffffffffff50 0x377f 0x4d0002 0x377f 0x500004 0x0 0x0 0x1c55a407ca0 0x377f 0x0 0x0 0x600007 0x3776 0x58 0x9 0x640005 0x9 0x0 0x0 0x0 0x0 0x0 0x0 0x0 0x0 0x0 0x0 0x0 0x9 0x2 0xe 0xffffffffffffffff oops 6 10 java/lang/String 12 java/util/ImmutableCollections$ListN 20 org/eclipse/jdt/internal/core/util/WeakHashSet$HashableWeakReference 27 java/lang/String 29 java/util/ImmutableCollections$ListN 48 org/eclipse/jdt/internal/core/util/WeakHashSet$HashableWeakReference methods 0
ciMethodData org/eclipse/jdt/internal/core/JavaElement getAncestor (I)Lorg/eclipse/jdt/core/IJavaElement; 2 16492 orig 80 0 0 0 0 0 0 0 0 0 0 0 0 197 1 0 0 0 0 0 0 0 0 0 0 0 0 0 0 0 0 0 0 0 0 0 0 0 0 0 0 0 0 0 0 0 0 0 0 0 0 0 0 0 0 0 0 0 0 0 0 0 0 0 0 0 0 0 0 0 0 0 0 0 0 0 0 0 0 0 0 data 35 0x20003 0x4071 0xa8 0x60005 0x4f3b 0x0 0x1c5561c17c8 0x3b6d 0x1c5561c1668 0x1c8 0xc0007 0x4c4e 0x20 0x401d 0x120005 0x1713 0x0 0x1c5561c1668 0x1c8 0x1c5561c1718 0x3377 0x190007 0x8c65 0xffffffffffffff70 0x56 0x0 0x0 0x0 0x0 0x0 0x0 0x9 0x2 0xffffffffffffffff 0x0 oops 4 6 org/eclipse/jdt/internal/core/JrtPackageFragmentRoot 8 org/eclipse/jdt/internal/core/ModularClassFile 17 org/eclipse/jdt/internal/core/ModularClassFile 19 org/eclipse/jdt/internal/core/JarPackageFragment methods 0
ciMethodData org/eclipse/jdt/internal/core/JavaElement getParent ()Lorg/eclipse/jdt/core/IJavaElement; 2 23837 orig 80 0 0 0 0 0 0 0 0 0 0 0 0 197 1 0 0 0 0 0 0 0 0 0 0 0 0 0 0 0 0 0 0 0 0 0 0 0 0 0 0 0 0 0 0 0 0 0 0 0 0 0 0 0 0 0 0 0 0 0 0 0 0 0 0 0 0 0 0 0 0 0 0 0 0 0 0 0 0 0 0 data 16 0x10005 0x1930 0x0 0x1c5561c1668 0x243 0x1c5561c1718 0x41ac 0x0 0x0 0x0 0x0 0x0 0x0 0x9 0x1 0x0 oops 2 3 org/eclipse/jdt/internal/core/ModularClassFile 5 org/eclipse/jdt/internal/core/JarPackageFragment methods 0
ciMethodData org/eclipse/jdt/internal/core/Openable getPackageFragmentRoot ()Lorg/eclipse/jdt/internal/core/PackageFragmentRoot; 2 12068 orig 80 0 0 0 0 0 0 0 0 0 0 0 0 197 1 0 0 0 0 0 0 0 0 0 0 0 0 0 0 0 0 0 0 0 0 0 0 0 0 0 0 0 0 0 0 0 0 0 0 0 0 0 0 0 0 0 0 0 0 0 0 0 0 0 0 0 0 0 0 0 0 0 0 0 0 0 0 0 0 0 0 data 23 0x20005 0x1844 0x0 0x1c5561c1668 0x1c8 0x1c5561c1718 0x151a 0x50004 0x0 0x0 0x1c5561c17c8 0x2b7b 0x1c555283270 0x3b4 0x0 0x0 0x0 0x0 0x0 0x0 0x9 0x1 0xffffffffffffffff oops 4 3 org/eclipse/jdt/internal/core/ModularClassFile 5 org/eclipse/jdt/internal/core/JarPackageFragment 10 org/eclipse/jdt/internal/core/JrtPackageFragmentRoot 12 org/eclipse/jdt/internal/core/PackageFragmentRoot methods 0
ciMethodData org/eclipse/jdt/internal/core/Openable resource ()Lorg/eclipse/core/resources/IResource; 2 7257 orig 80 0 0 0 0 0 0 0 0 0 0 0 0 197 1 0 0 0 0 0 0 0 0 0 0 0 0 0 0 0 0 0 0 0 0 0 0 0 0 0 0 0 0 0 0 0 0 0 0 0 0 0 0 0 0 0 0 0 0 0 0 0 0 0 0 0 0 0 0 0 0 0 0 0 0 0 0 0 0 0 0 data 45 0x10005 0x1d6 0x0 0x1c5561c17c8 0x6e7 0x1c5561c1718 0x139d 0x60007 0x0 0xb0 0x1c62 0xa0005 0x0 0x0 0x1c5561c17c8 0x1ad6 0x1c555283270 0x18c 0xd0007 0x18b 0x58 0x1ad4 0x120005 0x0 0x0 0x1c5561c17c8 0x1ad6 0x0 0x0 0x180005 0x0 0x0 0x1c556168a38 0x13a 0x1c556165070 0x52 0x0 0x0 0x0 0x0 0x0 0x0 0x9 0x1 0xffffffffffffffff oops 7 3 org/eclipse/jdt/internal/core/JrtPackageFragmentRoot 5 org/eclipse/jdt/internal/core/JarPackageFragment 14 org/eclipse/jdt/internal/core/JrtPackageFragmentRoot 16 org/eclipse/jdt/internal/core/PackageFragmentRoot 25 org/eclipse/jdt/internal/core/JrtPackageFragmentRoot 32 org/eclipse/jdt/internal/core/PackageFragment 34 org/eclipse/jdt/internal/core/CompilationUnit methods 0
ciMethodData org/eclipse/jdt/internal/core/JarPackageFragmentRoot resource (Lorg/eclipse/jdt/internal/core/PackageFragmentRoot;)Lorg/eclipse/core/resources/IResource; 2 6146 orig 80 0 0 0 0 0 0 0 0 0 0 0 0 197 1 0 0 0 0 0 0 0 0 0 0 0 0 0 0 0 0 0 0 0 0 0 0 0 0 0 0 0 0 0 0 0 0 0 0 0 0 0 0 0 0 0 0 0 0 0 0 0 0 0 0 0 0 0 0 0 0 0 0 0 0 0 0 0 0 0 0 data 16 0x40007 0x0 0x20 0x1802 0xb0002 0x0 0x0 0x0 0x0 0x0 0x0 0x0 0x9 0x2 0x0 0x0 oops 0 methods 0
ciMethodData org/eclipse/jdt/internal/core/PackageFragmentRoot resource ()Lorg/eclipse/core/resources/IResource; 2 3724 orig 80 0 0 0 0 0 0 0 0 0 0 0 0 197 1 0 0 0 0 0 0 0 0 0 0 0 0 0 0 0 0 0 0 0 0 0 0 0 0 0 0 0 0 0 0 0 0 0 0 0 0 0 0 0 0 0 0 0 0 0 0 0 0 0 0 0 0 0 0 0 0 0 0 0 0 0 0 0 0 0 0 data 15 0x40007 0x6c2 0x20 0x7cc 0xd0002 0x6c4 0x0 0x0 0x0 0x0 0x0 0x0 0x9 0x1 0xffffffffffffffff oops 0 methods 0
ciMethodData org/eclipse/jdt/internal/core/JarPackageFragmentRoot isExternal ()Z 2 1656 orig 80 0 0 0 0 0 0 0 0 0 0 0 0 197 1 0 0 0 0 0 0 0 0 0 0 0 0 0 0 0 0 0 0 0 0 0 0 0 0 0 0 0 0 0 0 0 0 0 0 0 0 0 0 0 0 0 0 0 0 0 0 0 0 0 0 0 0 0 0 0 0 0 0 0 0 0 0 0 0 0 0 data 20 0x10005 0x0 0x0 0x1c5561c17c8 0x67d 0x0 0x0 0x40007 0x0 0x20 0x67f 0x0 0x0 0x0 0x0 0x0 0x0 0x9 0x1 0xffffffffffffffff oops 1 3 org/eclipse/jdt/internal/core/JrtPackageFragmentRoot methods 0
ciMethodData org/eclipse/jdt/internal/core/JavaModelManager getInfo (Lorg/eclipse/jdt/core/IJavaElement;)Lorg/eclipse/jdt/internal/compiler/env/IElementInfo; 2 5644 orig 80 1 0 0 0 0 0 0 0 0 0 0 0 197 1 0 0 0 0 0 0 0 0 0 0 0 0 0 0 0 0 0 0 0 0 0 0 0 0 0 0 0 0 0 0 0 0 0 0 0 0 0 0 0 0 0 0 0 0 0 0 0 0 0 0 0 0 0 0 0 0 0 0 0 0 0 0 0 0 0 0 data 53 0x40005 0x0 0x0 0x1c55f133c78 0x160c 0x0 0x0 0x70104 0x0 0x0 0x1c555646df0 0x4f5 0x0 0x0 0xc0007 0x1117 0xb0 0x4f5 0x110005 0x0 0x0 0x1c555646df0 0x4f5 0x0 0x0 0x140104 0x0 0x0 0x1c5552872d0 0x87 0x1c55f133d28 0x2d 0x190007 0x15f 0x20 0x396 0x230005 0x0 0x0 0x1c55f133dd8 0x1276 0x0 0x0 0x0 0x0 0x0 0x0 0x0 0x0 0x9 0x2 0x0 0xffffffffffffffff oops 6 3 java/lang/ThreadLocal 10 java/util/HashMap 21 java/util/HashMap 28 org/eclipse/jdt/internal/core/JarPackageFragmentRootInfo 30 org/eclipse/jdt/internal/core/ClassFileInfo 39 org/eclipse/jdt/internal/core/JavaModelCache methods 0
ciMethodData org/eclipse/jdt/internal/core/JavaModelCache getInfo (Lorg/eclipse/jdt/core/IJavaElement;)Lorg/eclipse/jdt/internal/compiler/env/IElementInfo; 2 6670 orig 80 1 0 0 0 0 0 0 0 0 0 0 0 197 1 0 0 0 0 0 0 6 0 0 0 0 0 0 0 0 0 0 0 0 0 0 0 0 0 0 0 0 0 0 0 0 0 0 0 0 0 0 0 0 0 0 0 0 0 0 0 0 0 0 0 0 0 0 0 0 0 0 0 0 0 0 0 0 0 0 0 data 159 0x10005 0xb75 0x0 0x1c5561c1668 0x585 0x1c5561c1718 0x914 0x60008 0x10 0x2d3 0x3f8 0x0 0x90 0x14 0x90 0x49d 0x100 0x949 0x1a8 0x45 0x250 0x592 0x250 0x36a 0x2f8 0x3a0005 0x0 0x0 0x1c555646df0 0x14 0x0 0x0 0x3d0004 0x0 0x0 0x1c55f134db0 0x14 0x0 0x0 0x460004 0x0 0x0 0x1c5561c17c8 0x3f4 0x1c555283270 0xa9 0x490005 0x0 0x0 0x1c55f134e60 0x49d 0x0 0x0 0x4c0104 0x0 0x0 0x1c55f134f10 0xa7 0x1c5552872d0 0x3c8 0x550004 0x0 0x0 0x1c5561c1718 0x914 0x1c556168a38 0x35 0x580005 0x0 0x0 0x1c55f134e60 0x949 0x0 0x0 0x5b0104 0x0 0x0 0x1c55f134fc0 0x31 0x1c55f135070 0x893 0x640004 0x0 0x0 0x1c5561c1668 0x585 0x1c556165070 0x45 0x670005 0x0 0x0 0x1c55f134e60 0x5d7 0x0 0x0 0x6a0104 0x0 0x0 0x1c55f135120 0x34 0x1c55f133d28 0x4fe 0x730005 0x0 0x0 0x1c55f1351d0 0x36a 0x0 0x0 0x8000000400760104 0x0 0x0 0x1c55f135280 0x1 0x1c55f135330 0x2 0x7b0007 0x369 0x20 0x3 0x850005 0x0 0x0 0x1c555646df0 0x369 0x0 0x0 0x80000004008a0104 0x0 0x0 0x1c554d28018 0x1b 0x1c55f135280 0x18 0x930005 0x0 0x0 0x1c555646df0 0x2d3 0x0 0x0 0x980104 0x0 0x0 0x1c55f1353e0 0x2 0x1c55f135490 0x6 0x0 0x0 0x0 0x0 0x0 0x0 0x0 0x9 0x2 0x0 0x0 oops 28 3 org/eclipse/jdt/internal/core/ModularClassFile 5 org/eclipse/jdt/internal/core/JarPackageFragment 28 java/util/HashMap 35 org/eclipse/jdt/internal/core/JavaProjectElementInfo 42 org/eclipse/jdt/internal/core/JrtPackageFragmentRoot 44 org/eclipse/jdt/internal/core/PackageFragmentRoot 49 org/eclipse/jdt/internal/core/ElementCache 56 org/eclipse/jdt/internal/core/PackageFragmentRootInfo 58 org/eclipse/jdt/internal/core/JarPackageFragmentRootInfo 63 org/eclipse/jdt/internal/core/JarPackageFragment 65 org/eclipse/jdt/internal/core/PackageFragment 70 org/eclipse/jdt/internal/core/ElementCache 77 org/eclipse/jdt/internal/core/PackageFragmentInfo 79 org/eclipse/jdt/internal/core/JarPackageFragmentInfo 84 org/eclipse/jdt/internal/core/ModularClassFile 86 org/eclipse/jdt/internal/core/CompilationUnit 91 org/eclipse/jdt/internal/core/ElementCache 98 org/eclipse/jdt/internal/core/CompilationUnitElementInfo 100 org/eclipse/jdt/internal/core/ClassFileInfo 105 org/eclipse/jdt/internal/core/util/LRUCache 112 org/eclipse/jdt/internal/compiler/classfmt/ClassFileReader 114 org/eclipse/jdt/internal/core/JavaModelCache$1 123 java/util/HashMap 130 org/eclipse/jdt/internal/core/SourceTypeElementInfo 132 org/eclipse/jdt/internal/compiler/classfmt/ClassFileReader 137 java/util/HashMap 144 org/eclipse/jdt/internal/core/ImportContainerInfo 146 org/eclipse/jdt/internal/core/ImportDeclarationElementInfo methods 0
ciMethodData org/eclipse/jdt/core/compiler/CharOperation equals ([C[C)Z 2 32177 orig 80 0 0 0 0 0 0 0 0 0 0 0 0 197 1 0 0 0 0 0 0 0 0 0 0 0 0 0 0 0 0 0 0 0 0 0 0 0 0 0 0 0 0 0 0 0 0 0 0 0 0 0 0 0 0 0 0 0 0 0 0 0 0 0 0 0 0 0 0 0 0 0 0 0 0 0 0 0 0 0 0 data 12 0x20002 0x7db1 0x0 0x0 0x0 0x0 0x0 0x0 0x9 0x2 0xffffffffffffffff 0xffffffffffffffff oops 0 methods 0
ciMethodData org/eclipse/jdt/core/compiler/CharOperation hashCode ([C)I 2 28714 orig 80 0 0 0 0 0 0 0 0 0 0 0 0 197 1 0 0 0 0 0 0 0 0 0 0 0 0 0 0 0 0 0 0 0 0 0 0 0 0 0 0 0 0 0 0 0 0 0 0 0 0 0 0 0 0 0 0 0 0 0 0 0 0 0 0 0 0 0 0 0 0 0 0 0 0 0 0 0 0 0 0 data 11 0x10002 0x7030 0x0 0x0 0x0 0x0 0x0 0x0 0x9 0x1 0x0 oops 0 methods 0
ciMethodData org/eclipse/jdt/internal/core/JavaElement newNotPresentException ()Lorg/eclipse/jdt/core/JavaModelException; 1 0 orig 80 0 0 0 0 0 0 0 0 0 0 0 0 197 1 0 0 0 0 0 0 0 0 0 0 0 0 0 0 0 0 0 0 0 0 0 0 0 0 0 0 0 0 0 0 0 0 0 0 0 0 0 0 0 0 0 0 0 0 0 0 0 0 0 0 0 0 0 0 0 0 0 0 0 0 0 0 0 0 0 0 data 18 0x50005 0x0 0x0 0x0 0x0 0x0 0x0 0x80002 0x0 0x0 0x0 0x0 0x0 0x0 0x0 0x9 0x1 0x0 oops 0 methods 0
ciMethodData org/eclipse/jdt/internal/core/JavaElement newDoesNotExistStatus ()Lorg/eclipse/jdt/internal/core/JavaModelStatus; 1 0 orig 80 0 0 0 0 0 0 0 0 0 0 0 0 197 1 0 0 0 0 0 0 0 0 0 0 0 0 0 0 0 0 0 0 0 0 0 0 0 0 0 0 0 0 0 0 0 0 0 0 0 0 0 0 0 0 0 0 0 0 0 0 0 0 0 0 0 0 0 0 0 0 0 0 0 0 0 0 0 0 0 0 data 8 0x80002 0x0 0x0 0x0 0x0 0x9 0x1 0x0 oops 0 methods 0
ciMethodData org/eclipse/jdt/internal/core/JavaModelStatus <init> (ILorg/eclipse/jdt/core/IJavaElement;)V 1 26 orig 80 0 0 0 0 0 0 0 0 0 0 0 0 197 1 0 0 0 0 0 0 0 0 0 0 0 0 0 0 0 0 0 0 0 0 0 0 0 0 0 0 0 0 0 0 0 0 0 0 0 0 0 0 0 0 0 0 0 0 0 0 0 0 0 0 0 0 0 0 0 0 0 0 0 0 0 0 0 0 0 0 data 20 0x90004 0x0 0x0 0x1c556165070 0x1a 0x0 0x0 0xa0002 0x1a 0x0 0x0 0x0 0x0 0x0 0x0 0x9 0x3 0x0 0x0 0x0 oops 1 3 org/eclipse/jdt/internal/core/CompilationUnit methods 0
ciMethod org/eclipse/jdt/internal/core/SourceTypeElementInfo getHandle ()Lorg/eclipse/jdt/core/IType; 228 0 73 0 -1
ciMethodData org/eclipse/jdt/core/compiler/CharOperation concatWith ([[CC)[C 2 6380 orig 80 1 0 0 0 0 0 0 0 0 0 0 0 197 1 0 0 0 0 0 0 0 0 0 0 0 0 0 0 0 0 0 0 0 0 1 0 0 0 0 0 0 0 0 0 0 0 0 0 0 0 0 0 0 0 0 0 0 0 0 0 0 0 0 0 0 0 0 0 0 0 0 0 0 0 0 0 0 0 0 0 data 56 0x10007 0x18ec 0x38 0x0 0x50003 0x0 0x18 0xc0007 0x18ec 0x20 0x0 0x1a0003 0x18ec 0x50 0x220007 0x34f6 0x38 0x0 0x280003 0x0 0x18 0x380007 0x34f5 0xffffffffffffffc8 0x18ed 0x3c0007 0x18ed 0x20 0x0 0x4b0003 0x18ed 0x68 0x550007 0x0 0x50 0x34ef 0x650002 0x34f1 0x6c0007 0x18ee 0x20 0x1c09 0x790007 0x34f1 0xffffffffffffffb0 0x18ec 0x0 0x0 0x0 0x0 0x0 0x0 0x9 0x2 0x0 0x0 oops 0 methods 0
ciMethod org/eclipse/jdt/internal/compiler/env/IModuleAwareNameEnvironment findType ([C[[C[C)Lorg/eclipse/jdt/internal/compiler/env/NameEnvironmentAnswer; 0 0 1 0 -1
ciMethod org/eclipse/jdt/internal/core/SearchableEnvironment find (Ljava/lang/String;Ljava/lang/String;[Lorg/eclipse/jdt/core/IPackageFragmentRoot;)Lorg/eclipse/jdt/internal/compiler/env/NameEnvironmentAnswer; 668 0 3818 0 -1
ciMethod org/eclipse/jdt/internal/core/SearchableEnvironment getExternalAnnotationPath (Lorg/eclipse/jdt/core/IClasspathEntry;)Ljava/lang/String; 0 0 22 0 -1
ciMethod org/eclipse/jdt/internal/core/SearchableEnvironment createAnswer (Lorg/eclipse/jdt/internal/core/NameLookup$Answer;Ljava/lang/String;Ljava/lang/String;Lorg/eclipse/jdt/internal/core/BinaryType;)Lorg/eclipse/jdt/internal/compiler/env/NameEnvironmentAnswer; 24 0 106 0 -1
ciMethod org/eclipse/jdt/internal/core/SearchableEnvironment findType ([C[[C[C)Lorg/eclipse/jdt/internal/compiler/env/NameEnvironmentAnswer; 660 0 3779 0 0
ciMethod org/eclipse/jdt/internal/core/SearchableEnvironment findModuleContext ([C)[Lorg/eclipse/jdt/core/IPackageFragmentRoot; 512 120 5110 0 0
ciMethod org/eclipse/jdt/internal/core/SearchableEnvironment getRootsForOutputLocation (Lorg/eclipse/jdt/core/IJavaProject;Lorg/eclipse/core/resources/IResource;)[Lorg/eclipse/jdt/core/IPackageFragmentRoot; 0 0 1 0 -1
ciMethod org/eclipse/jdt/internal/core/SearchableEnvironment getOwnedPackageFragmentRoots (Lorg/eclipse/jdt/core/IJavaProject;)[Lorg/eclipse/jdt/core/IPackageFragmentRoot; 0 0 1 0 -1
ciMethodData org/eclipse/jdt/internal/core/Openable exists ()Z 2 5133 orig 80 0 0 0 0 0 0 0 0 0 0 0 0 197 1 0 0 0 0 0 0 0 0 0 0 0 0 0 0 0 0 0 0 0 0 0 0 0 0 0 0 0 0 0 0 0 0 0 0 0 0 0 0 0 0 0 0 0 0 0 0 0 0 0 0 0 0 0 0 0 0 0 0 0 0 0 0 0 0 0 0 data 131 0x2 0x140c 0x40005 0x0 0x0 0x1c556163870 0x140e 0x0 0x0 0x70007 0x193 0x20 0x127d 0xd0005 0x6 0x0 0x1c556165070 0x18 0x1c5561c1718 0x175 0x100008 0x8 0x0 0x288 0x17b 0x50 0x18 0x288 0x0 0x1e8 0x2d0005 0x0 0x0 0x1c5561c1718 0x175 0x1c556168a38 0x6 0x320005 0x0 0x0 0x1c5561c17c8 0x175 0x1c555283270 0x6 0x350007 0x6 0x1c8 0x175 0x390005 0x0 0x0 0x1c5561c17c8 0x175 0x0 0x0 0x3c0004 0x0 0x0 0x1c5552872d0 0x175 0x0 0x0 0x400003 0x175 0x18 0x4b0004 0x0 0x0 0x1c5561c1718 0x175 0x0 0x0 0x510002 0x175 0x540005 0x0 0x0 0x1c55ce1de90 0x175 0x0 0x0 0x5b0005 0x0 0x0 0x0 0x0 0x0 0x0 0x5e0005 0x0 0x0 0x0 0x0 0x0 0x0 0x610007 0x0 0x30 0x0 0x650002 0x0 0x6b0005 0x0 0x0 0x1c556165070 0x18 0x1c556168a38 0x6 0x6e0005 0x0 0x0 0x1c556165070 0x18 0x1c556168a38 0x6 0x710005 0x0 0x0 0x1c55ce17df0 0x1e 0x0 0x0 0x0 0x0 0x0 0x0 0x0 0x0 0x9 0x1 0xffffffffffffffff oops 16 5 org/eclipse/jdt/internal/core/JavaModelManager 16 org/eclipse/jdt/internal/core/CompilationUnit 18 org/eclipse/jdt/internal/core/JarPackageFragment 33 org/eclipse/jdt/internal/core/JarPackageFragment 35 org/eclipse/jdt/internal/core/PackageFragment 40 org/eclipse/jdt/internal/core/JrtPackageFragmentRoot 42 org/eclipse/jdt/internal/core/PackageFragmentRoot 51 org/eclipse/jdt/internal/core/JrtPackageFragmentRoot 58 org/eclipse/jdt/internal/core/JarPackageFragmentRootInfo 68 org/eclipse/jdt/internal/core/JarPackageFragment 77 java/util/ImmutableCollections$MapN 104 org/eclipse/jdt/internal/core/CompilationUnit 106 org/eclipse/jdt/internal/core/PackageFragment 111 org/eclipse/jdt/internal/core/CompilationUnit 113 org/eclipse/jdt/internal/core/PackageFragment 118 org/eclipse/jdt/internal/core/JavaModelStatus methods 0
ciMethod org/eclipse/jdt/internal/compiler/lookup/LookupEnvironment askForType ([[CLorg/eclipse/jdt/internal/compiler/lookup/ModuleBinding;)Lorg/eclipse/jdt/internal/compiler/lookup/ReferenceBinding; 6 6 36 0 -1
ciMethod org/eclipse/jdt/internal/compiler/lookup/LookupEnvironment askForType (Lorg/eclipse/jdt/internal/compiler/lookup/PackageBinding;[CLorg/eclipse/jdt/internal/compiler/lookup/ModuleBinding;)Lorg/eclipse/jdt/internal/compiler/lookup/ReferenceBinding; 512 1302 1957 0 -1
ciMethod org/eclipse/jdt/internal/compiler/lookup/LookupEnvironment fromSplitPackageOrOracle (Lorg/eclipse/jdt/internal/compiler/env/IModuleAwareNameEnvironment;Lorg/eclipse/jdt/internal/compiler/lookup/ModuleBinding;Lorg/eclipse/jdt/internal/compiler/lookup/PackageBinding;[C)Lorg/eclipse/jdt/internal/compiler/env/NameEnvironmentAnswer; 522 0 5381 0 -1
ciMethod org/eclipse/jdt/internal/compiler/lookup/LookupEnvironment convertUnresolvedBinaryToRawType (Lorg/eclipse/jdt/internal/compiler/lookup/TypeBinding;)Lorg/eclipse/jdt/internal/compiler/lookup/TypeBinding; 4136 0 2834 0 -1
ciMethod org/eclipse/jdt/internal/compiler/lookup/LookupEnvironment createMissingType (Lorg/eclipse/jdt/internal/compiler/lookup/PackageBinding;[[C)Lorg/eclipse/jdt/internal/compiler/lookup/MissingTypeBinding; 20 0 474 0 -1
ciMethod org/eclipse/jdt/internal/compiler/lookup/LookupEnvironment createAnnotatedType (Lorg/eclipse/jdt/internal/compiler/lookup/TypeBinding;[Lorg/eclipse/jdt/internal/compiler/lookup/AnnotationBinding;)Lorg/eclipse/jdt/internal/compiler/lookup/TypeBinding; 0 0 1 0 -1
ciMethod org/eclipse/jdt/internal/compiler/lookup/ModuleBinding$UnNamedModule nameForLookup ()[C 512 0 511 0 0
ciMethod org/eclipse/jdt/internal/compiler/lookup/UnresolvedReferenceBinding resolve (Lorg/eclipse/jdt/internal/compiler/lookup/LookupEnvironment;Z)Lorg/eclipse/jdt/internal/compiler/lookup/ReferenceBinding; 4 0 43 0 0
ciMethod org/eclipse/jdt/internal/compiler/lookup/UnresolvedReferenceBinding setResolvedType (Lorg/eclipse/jdt/internal/compiler/lookup/ReferenceBinding;Lorg/eclipse/jdt/internal/compiler/lookup/LookupEnvironment;)V 12 0 70 0 -1
ciMethod org/eclipse/jdt/internal/compiler/env/IModuleAwareNameEnvironment$LookupStrategy get ([C)Lorg/eclipse/jdt/internal/compiler/env/IModuleAwareNameEnvironment$LookupStrategy; 520 0 5634 0 0
ciMethod org/eclipse/jdt/internal/core/JavaElementRequestor <init> ()V 762 0 5157 0 -1
ciMethod org/eclipse/jdt/internal/core/JavaElementRequestor getModules ()[Lorg/eclipse/jdt/core/IModuleDescription; 528 0 272 0 -1
ciMethod org/eclipse/jdt/internal/compiler/util/HashtableOfType get ([C)Lorg/eclipse/jdt/internal/compiler/lookup/ReferenceBinding; 432 272 5336 0 1440
ciMethod org/eclipse/jdt/internal/core/NameLookup$Answer <init> (Lorg/eclipse/jdt/core/IModuleDescription;)V 528 0 272 0 -1
ciMethod org/eclipse/jdt/internal/compiler/lookup/SplitPackageBinding getIncarnation (Lorg/eclipse/jdt/internal/compiler/lookup/ModuleBinding;)Lorg/eclipse/jdt/internal/compiler/lookup/PlainPackageBinding; 836 1634 5612 0 1856
ciMethod org/eclipse/jdt/internal/compiler/lookup/SplitPackageBinding getType0ForModule (Lorg/eclipse/jdt/internal/compiler/lookup/ModuleBinding;[C)Lorg/eclipse/jdt/internal/compiler/lookup/ReferenceBinding; 868 0 5092 0 0
ciMethod org/eclipse/jdt/internal/compiler/env/NameEnvironmentAnswer <init> (Lorg/eclipse/jdt/internal/compiler/env/ICompilationUnit;Lorg/eclipse/jdt/internal/compiler/env/AccessRestriction;)V 0 0 1 0 -1
ciMethod org/eclipse/jdt/internal/compiler/env/NameEnvironmentAnswer <init> ([Lorg/eclipse/jdt/internal/compiler/env/ISourceType;Lorg/eclipse/jdt/internal/compiler/env/AccessRestriction;Ljava/lang/String;[C)V 0 0 22 0 -1
ciMethod org/eclipse/jdt/internal/compiler/env/NameEnvironmentAnswer <init> (Lorg/eclipse/jdt/internal/compiler/lookup/ReferenceBinding;Lorg/eclipse/jdt/internal/compiler/lookup/ModuleBinding;)V 268 0 1618 0 0
ciMethodData org/eclipse/jdt/internal/compiler/lookup/Binding isValidBinding ()Z 2 20747 orig 80 0 0 0 0 0 0 0 0 0 0 0 0 197 1 0 0 0 0 0 0 0 0 0 0 0 0 0 0 0 0 0 0 0 0 0 0 0 0 0 0 0 0 0 0 0 0 0 0 0 0 0 0 0 0 0 0 0 0 0 0 0 0 0 0 0 0 0 0 0 0 0 0 0 0 0 0 0 0 0 0 data 20 0x10005 0x43c7 0x0 0x1c555644ea8 0x5d7 0x1c55db4a0a8 0x771 0x40007 0x959 0x20 0x47b5 0x0 0x0 0x0 0x0 0x0 0x0 0x9 0x1 0x0 oops 2 3 org/eclipse/jdt/internal/compiler/lookup/PlainPackageBinding 5 org/eclipse/jdt/internal/compiler/lookup/SplitPackageBinding methods 0
ciMethodData org/eclipse/jdt/internal/core/util/DeduplicationUtil toString ([C)Ljava/lang/String; 2 5134 orig 80 0 0 0 0 0 0 0 0 0 0 0 0 197 1 0 0 0 0 0 0 0 0 0 0 0 0 0 0 0 0 0 0 0 0 0 0 0 0 0 0 0 0 0 0 0 0 0 0 0 0 0 0 0 0 0 0 0 0 0 0 0 0 0 0 0 0 0 0 0 0 0 0 0 0 0 0 0 0 0 0 data 25 0xe0002 0x1412 0x110005 0x0 0x0 0x1c55a405848 0x1412 0x0 0x0 0x140004 0x0 0x0 0x1c575b06b48 0x1412 0x0 0x0 0x0 0x0 0x0 0x0 0x0 0x0 0x9 0x1 0x0 oops 2 5 org/eclipse/jdt/internal/core/util/WeakHashSet 12 java/lang/String methods 0
ciMethodData org/eclipse/jdt/internal/core/NameLookup findModule ([C)Lorg/eclipse/jdt/internal/core/NameLookup$Answer; 1 228 orig 80 0 0 0 0 0 0 0 0 0 0 0 0 197 1 0 0 0 0 0 0 0 0 0 0 0 0 0 0 0 0 0 0 0 0 0 0 0 0 0 0 0 0 0 0 0 0 0 0 0 0 0 0 0 0 0 0 0 0 0 0 0 0 0 0 0 0 0 0 0 0 0 0 0 0 0 0 0 0 0 0 data 55 0x40002 0xe4 0xc0005 0x0 0x0 0x1c5561be940 0xe4 0x0 0x0 0x100005 0x0 0x0 0x1c556162880 0xe4 0x0 0x0 0x160007 0xe4 0xb8 0x0 0x190002 0x0 0x1f0005 0x0 0x0 0x0 0x0 0x0 0x0 0x230005 0x0 0x0 0x0 0x0 0x0 0x0 0x270003 0x0 0x18 0x2e0007 0x0 0x30 0xe4 0x380002 0xe4 0x0 0x0 0x0 0x0 0x0 0x0 0x9 0x2 0xffffffffffffffff 0xffffffffffffffff oops 2 5 org/eclipse/jdt/internal/core/NameLookup 12 org/eclipse/jdt/internal/core/JavaElementRequestor methods 0
ciMethodData org/eclipse/jdt/internal/core/JavaElement getJavaProject ()Lorg/eclipse/jdt/core/IJavaProject; 2 7666 orig 80 0 0 0 0 0 0 0 0 0 0 0 0 0 0 0 0 0 0 0 0 0 0 0 0 0 0 0 0 0 0 0 0 0 0 0 0 0 0 0 0 0 0 0 0 0 0 0 0 0 0 0 0 0 0 0 0 0 0 0 0 0 0 0 0 0 0 0 0 0 0 0 0 0 0 0 0 0 0 0 0 data 16 0x10005 0x4ac 0x0 0x1c5561c1718 0x191d 0x1c556165070 0x2b 0x0 0x0 0x0 0x0 0x0 0x0 0x9 0x1 0x0 oops 2 3 org/eclipse/jdt/internal/core/JarPackageFragment 5 org/eclipse/jdt/internal/core/CompilationUnit methods 0
ciMethodData org/eclipse/jdt/internal/compiler/lookup/PackageBinding getType0 ([C)Lorg/eclipse/jdt/internal/compiler/lookup/ReferenceBinding; 2 11887 orig 80 0 0 0 0 0 0 0 0 0 0 0 0 197 1 0 0 0 0 0 0 0 0 0 0 0 0 0 0 0 0 0 0 0 0 0 0 0 0 0 0 0 0 0 0 0 0 0 0 0 0 0 0 0 0 0 0 0 0 0 0 0 0 0 0 0 0 0 0 0 0 0 0 0 0 0 0 0 0 0 0 data 21 0x40007 0x1ae8 0x20 0x1388 0xe0005 0x1aeb 0x0 0x0 0x0 0x0 0x0 0x0 0x0 0x0 0x0 0x0 0x0 0x9 0x2 0x0 0x0 oops 0 methods 0
ciMethodData org/eclipse/jdt/internal/compiler/util/HashtableOfType get ([C)Lorg/eclipse/jdt/internal/compiler/lookup/ReferenceBinding; 2 5120 orig 80 0 0 0 0 0 0 0 0 0 0 0 0 197 1 0 0 0 0 0 0 0 0 0 0 0 0 0 0 0 0 0 0 0 0 0 0 0 0 0 0 0 0 0 0 0 0 0 0 0 0 0 0 0 0 0 0 0 0 0 0 0 0 0 0 0 0 0 0 0 0 0 0 0 0 0 0 0 0 0 0 data 33 0x70002 0x1400 0x110003 0x1400 0x88 0x190007 0x163 0x50 0x120b 0x1f0002 0x120c 0x220007 0x25 0x20 0x11e7 0x310007 0x14b 0x20 0x3d 0x3f0007 0x136e 0xffffffffffffff90 0x21a 0x0 0x0 0x0 0x0 0x0 0x0 0x9 0x2 0x0 0x0 oops 0 methods 0
ciMethodData org/eclipse/jdt/internal/compiler/lookup/UnresolvedReferenceBinding resolve (Lorg/eclipse/jdt/internal/compiler/lookup/LookupEnvironment;Z)Lorg/eclipse/jdt/internal/compiler/lookup/ReferenceBinding; 1 43 orig 80 0 0 0 0 0 0 0 0 0 0 0 0 197 1 0 0 0 0 0 0 0 0 0 0 0 0 0 0 0 0 0 0 0 0 0 0 0 0 0 0 0 0 0 0 0 0 0 0 0 0 0 0 0 0 0 0 0 0 0 0 0 0 0 0 0 0 0 0 0 0 0 0 0 0 0 0 0 0 0 0 data 198 0x50007 0x2b 0x178 0x0 0xe0005 0x0 0x0 0x0 0x0 0x0 0x0 0x130007 0x0 0x120 0x0 0x170007 0x0 0x100 0x0 0x1b0005 0x0 0x0 0x0 0x0 0x0 0x0 0x1e0007 0x0 0xa8 0x0 0x270005 0x0 0x0 0x0 0x0 0x0 0x0 0x2a0004 0x0 0x0 0x0 0x0 0x0 0x0 0x2e0003 0x0 0x18 0x3e0007 0x8 0x378 0x23 0x550005 0x0 0x0 0x1c555644ea8 0x23 0x0 0x0 0x5b0007 0x23 0x40 0x0 0x5f0007 0x0 0x120 0x0 0x660004 0xffffffffffffffdd 0x0 0x1c555644ea8 0x23 0x0 0x0 0x690007 0x23 0x70 0x0 0x7a0005 0x0 0x0 0x0 0x0 0x0 0x0 0x7e0003 0x0 0x70 0x830007 0x0 0x58 0x23 0x920005 0x0 0x0 0x1c55db49770 0x23 0x0 0x0 0x970007 0x0 0x40 0x22 0x9c0007 0x22 0x98 0x0 0xa30002 0x0 0xa60007 0x0 0x68 0x0 0xb40002 0x0 0xbe0005 0x0 0x0 0x0 0x0 0x0 0x0 0xc30007 0x0 0x40 0x22 0xc80007 0x22 0xd0 0x0 0xd50007 0x0 0x78 0x0 0xdc0007 0x0 0x58 0x0 0xf70005 0x0 0x0 0x0 0x0 0x0 0x0 0x1000005 0x0 0x0 0x0 0x0 0x0 0x0 0x1070005 0x0 0x0 0x1c55db4a208 0x22 0x0 0x0 0x10b0007 0x1a 0x90 0x10 0x1100005 0x0 0x0 0x1c55db49770 0x10 0x0 0x0 0x1130004 0x0 0x0 0x1c55db4a158 0x10 0x0 0x0 0x0 0x0 0x0 0x0 0x0 0x0 0x0 0x0 0x0 0x0 0x0 0x0 0x0 0x0 0x0 0x0 0x0 0x9 0x3 0x0 0x0 0x0 oops 6 54 org/eclipse/jdt/internal/compiler/lookup/PlainPackageBinding 69 org/eclipse/jdt/internal/compiler/lookup/PlainPackageBinding 94 org/eclipse/jdt/internal/compiler/lookup/LookupEnvironment 154 org/eclipse/jdt/internal/compiler/lookup/UnresolvedReferenceBinding 165 org/eclipse/jdt/internal/compiler/lookup/LookupEnvironment 172 org/eclipse/jdt/internal/compiler/lookup/BinaryTypeBinding methods 0
ciMethodData org/eclipse/jdt/core/compiler/CharOperation toString ([[C)Ljava/lang/String; 2 4386 orig 80 0 0 0 0 0 0 0 0 0 0 0 0 197 1 0 0 0 0 0 0 0 0 0 0 0 0 0 0 0 0 0 0 0 0 0 0 0 0 0 0 0 0 0 0 0 0 0 0 0 0 0 0 0 0 0 0 0 0 0 0 0 0 0 0 0 0 0 0 0 0 0 0 0 0 0 0 0 0 0 0 data 13 0x30002 0x1122 0xc0002 0x1121 0x0 0x0 0x0 0x0 0x0 0x0 0x9 0x1 0x0 oops 0 methods 0
ciMethodData org/eclipse/jdt/internal/compiler/env/IModuleAwareNameEnvironment$LookupStrategy get ([C)Lorg/eclipse/jdt/internal/compiler/env/IModuleAwareNameEnvironment$LookupStrategy; 2 5374 orig 80 0 0 0 0 0 0 0 0 0 0 0 0 197 1 0 0 0 0 0 0 0 0 0 0 0 0 0 0 0 0 0 0 0 0 0 0 0 0 0 0 0 0 0 0 0 0 0 0 0 0 0 0 0 0 0 0 0 0 0 0 0 0 0 0 0 0 0 0 0 0 0 0 0 0 0 0 0 0 0 0 data 21 0x40007 0x1326 0x20 0x1da 0xf0007 0x1326 0x20 0x0 0x1a0007 0x1325 0x20 0x0 0x0 0x0 0x0 0x0 0x0 0x0 0x9 0x1 0x0 oops 0 methods 0
ciMethodData org/eclipse/jdt/internal/core/SearchableEnvironment findModuleContext ([C)[Lorg/eclipse/jdt/core/IPackageFragmentRoot; 2 4854 orig 80 0 0 0 0 0 0 0 0 0 0 0 0 197 1 0 0 0 0 0 0 0 0 0 0 0 0 0 0 0 0 0 0 0 0 0 0 0 0 0 0 0 0 0 0 0 0 0 0 0 0 0 0 0 0 0 0 0 0 0 0 0 0 0 0 0 0 0 0 0 0 0 0 0 0 0 0 0 0 0 0 data 257 0x60007 0x0 0x7b8 0x12f6 0xa0007 0x0 0x798 0x12f6 0xf0007 0x0 0x778 0x12f6 0x170002 0x12f7 0x1a0005 0x0 0x0 0x1c555646df0 0x12f5 0x0 0x0 0x1f0104 0x0 0x0 0x1c55b17b948 0x1291 0x0 0x0 0x240007 0x1291 0x6d8 0x67 0x2c0005 0x0 0x0 0x1c5561be940 0x67 0x0 0x0 0x310007 0x0 0x680 0x67 0x380005 0x0 0x0 0x1c5561c1508 0x67 0x0 0x0 0x3d0005 0x0 0x0 0x1c5561c15b8 0x67 0x0 0x0 0x480005 0x0 0x0 0x1c5561c1508 0x67 0x0 0x0 0x4f0003 0x67 0x530 0x540005 0x67 0x0 0x1c5561c1668 0x67 0x1c5561c1718 0x67 0x590008 0x6 0xce 0x278 0x0 0x200 0x67 0x40 0x720004 0x0 0x0 0x1c5561c17c8 0x67 0x0 0x0 0x750005 0x0 0x0 0x1c5561c17c8 0x67 0x0 0x0 0x7a0007 0x67 0xc8 0x0 0x7f0004 0x0 0x0 0x0 0x0 0x0 0x0 0x820007 0x0 0x70 0x0 0x870005 0x0 0x0 0x0 0x0 0x0 0x0 0x8e0003 0x0 0xa0 0x990004 0x0 0x0 0x1c5561c17c8 0x67 0x0 0x0 0x9c0004 0x0 0x0 0x1c5561c17c8 0x67 0x0 0x0 0x9e0003 0x67 0x2f8 0xa30004 0x0 0x0 0x0 0x0 0x0 0x0 0xa60002 0x0 0xaa0003 0x0 0x298 0xaf0003 0x0 0x280 0xb40005 0x0 0x0 0x1c5561c1668 0x67 0x1c5561c1718 0x67 0xbd0007 0x0 0x230 0xce 0xc20005 0x0 0x0 0x1c5561c1718 0x67 0x1c5561c17c8 0x67 0xcb0007 0xce 0x1d8 0x0 0xd00005 0x0 0x0 0x0 0x0 0x0 0x0 0xd90007 0x0 0x180 0x0 0xe00005 0x0 0x0 0x0 0x0 0x0 0x0 0xe50007 0x0 0x128 0x0 0xea0002 0x0 0xf10005 0x0 0x0 0x0 0x0 0x0 0x0 0xf60007 0x0 0xc0 0x0 0xfe0005 0x0 0x0 0x0 0x0 0x0 0x0 0x1020003 0x0 0x68 0x10b0002 0x0 0x10e000a 0x0 0x3 0x0 0x0 0x1c575b06b48 0x1130002 0x0 0x1170007 0x67 0x40 0x135 0x11c0007 0x135 0xfffffffffffffac8 0x0 0x1240002 0x67 0x1280005 0x0 0x0 0x1c555646df0 0x67 0x0 0x0 0x0 0x0 0x0 0x0 0x0 0x0 0x9 0x2 0x0 0x0 oops 18 17 java/util/HashMap 24 [Lorg/eclipse/jdt/core/IPackageFragmentRoot; 35 org/eclipse/jdt/internal/core/NameLookup 46 org/eclipse/jdt/internal/core/BinaryModule 53 org/eclipse/jdt/internal/core/JavaProject 60 org/eclipse/jdt/internal/core/BinaryModule 70 org/eclipse/jdt/internal/core/ModularClassFile 72 org/eclipse/jdt/internal/core/JarPackageFragment 85 org/eclipse/jdt/internal/core/JrtPackageFragmentRoot 92 org/eclipse/jdt/internal/core/JrtPackageFragmentRoot 124 org/eclipse/jdt/internal/core/JrtPackageFragmentRoot 131 org/eclipse/jdt/internal/core/JrtPackageFragmentRoot 156 org/eclipse/jdt/internal/core/ModularClassFile 158 org/eclipse/jdt/internal/core/JarPackageFragment 167 org/eclipse/jdt/internal/core/JarPackageFragment 169 org/eclipse/jdt/internal/core/JrtPackageFragmentRoot 227 java/lang/String 243 java/util/HashMap methods 0
ciMethodData org/eclipse/jdt/internal/compiler/lookup/LookupEnvironment fromSplitPackageOrOracle (Lorg/eclipse/jdt/internal/compiler/env/IModuleAwareNameEnvironment;Lorg/eclipse/jdt/internal/compiler/lookup/ModuleBinding;Lorg/eclipse/jdt/internal/compiler/lookup/PackageBinding;[C)Lorg/eclipse/jdt/internal/compiler/env/NameEnvironmentAnswer; 2 5121 orig 80 0 0 0 0 0 0 0 0 0 0 0 0 197 1 0 0 0 0 0 0 0 0 0 0 0 0 0 0 0 0 0 0 0 0 0 0 0 0 0 0 0 0 0 0 0 0 0 0 0 0 0 0 0 0 0 0 0 0 0 0 0 0 0 0 0 0 0 0 0 0 0 0 0 0 0 0 0 0 0 0 data 104 0x10004 0xfffffffffffffefd 0x0 0x1c55db4a0a8 0x12fc 0x0 0x0 0x40007 0x103 0x238 0x12fc 0x80004 0x0 0x0 0x1c55db4a0a8 0x12fe 0x0 0x0 0xd0005 0x0 0x0 0x1c55db4a0a8 0x12fe 0x0 0x0 0x140007 0xcee 0x1a8 0x610 0x190005 0x610 0x0 0x0 0x0 0x0 0x0 0x1c0007 0x0 0x150 0x610 0x210004 0xfffffffffffff9f1 0x0 0x1c55db4a158 0x45 0x1c55db4a208 0x1 0x240007 0x60f 0x90 0x1 0x290004 0x0 0x0 0x1c55db4a208 0x1 0x0 0x0 0x310005 0x0 0x0 0x1c55db4a208 0x1 0x0 0x0 0x380005 0x610 0x0 0x0 0x0 0x0 0x0 0x3b0007 0x0 0x30 0x610 0x450002 0x610 0x500005 0x0 0x0 0x1c55db4a2b8 0xd58 0x1c55db4a368 0x9a 0x530005 0x0 0x0 0x1c55db4a418 0xdf2 0x0 0x0 0x0 0x0 0x0 0x0 0x0 0x0 0x9 0x4 0x0 0x0 0x0 0x0 oops 10 3 org/eclipse/jdt/internal/compiler/lookup/SplitPackageBinding 14 org/eclipse/jdt/internal/compiler/lookup/SplitPackageBinding 21 org/eclipse/jdt/internal/compiler/lookup/SplitPackageBinding 43 org/eclipse/jdt/internal/compiler/lookup/BinaryTypeBinding 45 org/eclipse/jdt/internal/compiler/lookup/UnresolvedReferenceBinding 54 org/eclipse/jdt/internal/compiler/lookup/UnresolvedReferenceBinding 61 org/eclipse/jdt/internal/compiler/lookup/UnresolvedReferenceBinding 81 org/eclipse/jdt/internal/compiler/lookup/BinaryModuleBinding 83 org/eclipse/jdt/internal/compiler/lookup/ModuleBinding$UnNamedModule 88 org/eclipse/jdt/internal/core/CancelableNameEnvironment methods 0
ciMethodData org/eclipse/jdt/internal/compiler/lookup/SplitPackageBinding getIncarnation (Lorg/eclipse/jdt/internal/compiler/lookup/ModuleBinding;)Lorg/eclipse/jdt/internal/compiler/lookup/PlainPackageBinding; 2 5194 orig 80 0 0 0 0 0 0 0 0 0 0 0 0 197 1 0 0 0 0 0 0 0 0 0 0 0 0 0 0 0 0 0 0 0 0 0 0 0 0 0 0 0 0 0 0 0 0 0 0 0 0 0 0 0 0 0 0 0 0 0 0 0 0 0 0 0 0 0 0 0 0 0 0 0 0 0 0 0 0 0 0 data 49 0x40005 0x0 0x0 0x1c555645330 0x144a 0x0 0x0 0xa0003 0x144a 0xa8 0xe0005 0x0 0x0 0x1c556198c88 0x2567 0x0 0x0 0x130004 0x0 0x0 0x1c555644ea8 0x2566 0x0 0x0 0x1c0007 0x112e 0x20 0x1439 0x220005 0x0 0x0 0x1c556198c88 0x2577 0x0 0x0 0x270007 0x2567 0xffffffffffffff38 0x11 0x0 0x0 0x0 0x0 0x0 0x0 0x9 0x2 0x0 0x0 oops 4 3 java/util/LinkedHashSet 13 java/util/LinkedHashMap$LinkedKeyIterator 20 org/eclipse/jdt/internal/compiler/lookup/PlainPackageBinding 31 java/util/LinkedHashMap$LinkedKeyIterator methods 0
ciMethodData org/eclipse/jdt/internal/core/SearchableEnvironment findType ([C[[C[C)Lorg/eclipse/jdt/internal/compiler/env/NameEnvironmentAnswer; 2 3449 orig 80 0 0 0 0 0 0 0 0 0 0 0 0 197 1 0 0 0 0 0 0 0 0 0 0 0 0 0 0 0 0 0 0 0 0 0 0 0 0 0 0 0 0 0 0 0 0 0 0 0 0 0 0 0 0 0 0 0 0 0 0 0 0 0 0 0 0 0 0 0 0 0 0 0 0 0 0 0 0 0 0 data 61 0x10007 0xd79 0x20 0x0 0x70002 0xd7a 0xd0007 0x9a 0x38 0xce1 0x110003 0xce1 0x18 0x190007 0x9a 0x70 0xce1 0x1e0005 0xce1 0x0 0x0 0x0 0x0 0x0 0x210003 0xce1 0x18 0x290002 0xd7a 0x2d0007 0x0 0x40 0xd7b 0x320007 0xd7b 0x38 0x0 0x360003 0x0 0x28 0x3a0002 0xd7b 0x3f0005 0x0 0x0 0x1c55db4a418 0xd7a 0x0 0x0 0x0 0x0 0x0 0x0 0x0 0x0 0x9 0x4 0x0 0x0 0x0 0x0 oops 1 45 org/eclipse/jdt/internal/core/CancelableNameEnvironment methods 0
ciMethodData org/eclipse/jdt/internal/core/SearchableEnvironment find (Ljava/lang/String;Ljava/lang/String;[Lorg/eclipse/jdt/core/IPackageFragmentRoot;)Lorg/eclipse/jdt/internal/compiler/env/NameEnvironmentAnswer; 2 3486 orig 80 0 0 0 0 0 0 0 0 0 0 0 0 197 1 0 0 0 0 0 0 0 0 0 0 0 0 0 0 0 0 0 0 0 0 0 0 0 0 0 0 0 0 0 0 0 0 0 0 0 0 0 0 0 0 0 0 0 0 0 0 0 0 0 0 0 0 0 0 0 0 0 0 0 0 0 0 0 0 0 0 data 303 0x10007 0xd9f 0x20 0x0 0xb0007 0x0 0x1c0 0xd9f 0x140005 0x0 0x0 0x1c559a6b670 0xd51 0x1c559a6b720 0x4e 0x1b0007 0xd9f 0x168 0x0 0x1f0007 0x0 0x58 0x0 0x240007 0x0 0x38 0x0 0x2a0003 0x0 0x18 0x360005 0x0 0x0 0x0 0x0 0x0 0x0 0x3c0005 0x0 0x0 0x0 0x0 0x0 0x0 0x3f0002 0x0 0x430002 0x0 0x46000a 0x0 0x5 0x0 0x0 0x1 0x0 0x0 0x4d0002 0x0 0x590002 0x0 0x6f0005 0x0 0x0 0x1c5561be940 0xd9f 0x0 0x0 0x760007 0xd2b 0x6d8 0x74 0x7e0004 0xffffffffffffffea 0x0 0x1c554d278d8 0x5e 0x0 0x0 0x810007 0x16 0x90 0x5e 0x8e0004 0x0 0x0 0x1c554d278d8 0x5e 0x0 0x0 0x910005 0x5e 0x0 0x0 0x0 0x0 0x0 0x9a0004 0x0 0x0 0x1c554d27f28 0x16 0x0 0x0 0x9d0005 0x0 0x0 0x1c554d27f28 0x16 0x0 0x0 0xa00004 0x0 0x0 0x1c554d28018 0x16 0x0 0x0 0xa90003 0x16 0x50 0xae0005 0x0 0x0 0x0 0x0 0x0 0x0 0xb70005 0x0 0x0 0x1c554d28018 0x16 0x0 0x0 0xbc0007 0x0 0xffffffffffffff90 0x16 0xc10005 0x0 0x0 0x1c554d28018 0x16 0x0 0x0 0xc40005 0x0 0x0 0x1c554d27f28 0x16 0x0 0x0 0xc90005 0x0 0x0 0x1c556165070 0x16 0x0 0x0 0xdd0004 0x0 0x0 0x1c554d28018 0x16 0x0 0x0 0xe90003 0x16 0x170 0xf10004 0x0 0x0 0x1c554d27f28 0x16 0x0 0x0 0xf40005 0x0 0x0 0x1c554d27f28 0x16 0x0 0x0 0xf70004 0x0 0x0 0x1c554d28018 0x16 0x0 0x0 0x1000005 0x0 0x0 0x1c554d28018 0x16 0x0 0x0 0x1030007 0x16 0x78 0x0 0x10a0007 0x0 0x58 0x0 0x1160004 0x0 0x0 0x0 0x0 0x0 0x0 0x11e0007 0x16 0xfffffffffffffea8 0x16 0x1260007 0x16 0xa8 0x0 0x12e0005 0x0 0x0 0x0 0x0 0x0 0x0 0x1330005 0x0 0x0 0x0 0x0 0x0 0x0 0x1360003 0x0 0x18 0x14d0005 0x16 0x0 0x0 0x0 0x0 0x0 0x1520002 0x16 0x15a0005 0x0 0x0 0x0 0x0 0x0 0x0 0x15d0007 0x0 0x108 0x0 0x1630002 0x0 0x1670005 0x0 0x0 0x0 0x0 0x0 0x0 0x16a0007 0x0 0xa0 0x0 0x1760005 0x0 0x0 0x0 0x0 0x0 0x0 0x17b0004 0x0 0x0 0x0 0x0 0x0 0x0 0x1830002 0x0 0x0 0x0 0x0 0x0 0x0 0x0 0x0 0x0 0x0 0x0 0x0 0x9 0x4 0x0 0x0 0x0 0x0 oops 17 11 org/eclipse/jdt/ls/core/internal/handlers/BaseDocumentLifeCycleHandler$2 13 org/eclipse/jdt/internal/core/DefaultWorkingCopyOwner 63 org/eclipse/jdt/internal/core/NameLookup 74 org/eclipse/jdt/internal/core/BinaryType 85 org/eclipse/jdt/internal/core/BinaryType 99 org/eclipse/jdt/internal/core/SourceType 106 org/eclipse/jdt/internal/core/SourceType 113 org/eclipse/jdt/internal/core/SourceTypeElementInfo 130 org/eclipse/jdt/internal/core/SourceTypeElementInfo 141 org/eclipse/jdt/internal/core/SourceTypeElementInfo 148 org/eclipse/jdt/internal/core/SourceType 155 org/eclipse/jdt/internal/core/CompilationUnit 162 org/eclipse/jdt/internal/core/SourceTypeElementInfo 172 org/eclipse/jdt/internal/core/SourceType 179 org/eclipse/jdt/internal/core/SourceType 186 org/eclipse/jdt/internal/core/SourceTypeElementInfo 193 org/eclipse/jdt/internal/core/SourceTypeElementInfo methods 0
ciMethodData org/eclipse/jdt/internal/compiler/lookup/SplitPackageBinding getType0ForModule (Lorg/eclipse/jdt/internal/compiler/lookup/ModuleBinding;[C)Lorg/eclipse/jdt/internal/compiler/lookup/ReferenceBinding; 2 4667 orig 80 0 0 0 0 0 0 0 0 0 0 0 0 197 1 0 0 0 0 0 0 0 0 0 0 0 0 0 0 0 0 0 0 0 0 0 0 0 0 0 0 0 0 0 0 0 0 0 0 0 0 0 0 0 0 0 0 0 0 0 0 0 0 0 0 0 0 0 0 0 0 0 0 0 0 0 0 0 0 0 0 data 36 0x50005 0x0 0x0 0x1c555645330 0x123c 0x0 0x0 0xa0007 0x0 0x90 0x123b 0xf0005 0x0 0x0 0x1c55db4a0a8 0x123c 0x0 0x0 0x130005 0x0 0x0 0x1c555644ea8 0x123c 0x0 0x0 0x0 0x0 0x0 0x0 0x0 0x0 0x9 0x3 0x0 0x0 0x0 oops 3 3 java/util/LinkedHashSet 14 org/eclipse/jdt/internal/compiler/lookup/SplitPackageBinding 21 org/eclipse/jdt/internal/compiler/lookup/PlainPackageBinding methods 0
ciMethodData org/eclipse/jdt/internal/compiler/env/NameEnvironmentAnswer <init> (Lorg/eclipse/jdt/internal/compiler/lookup/ReferenceBinding;Lorg/eclipse/jdt/internal/compiler/lookup/ModuleBinding;)V 2 1492 orig 80 0 0 0 0 0 0 0 0 0 0 0 0 197 1 0 0 0 0 0 0 0 0 0 0 0 0 0 0 0 0 0 0 0 0 0 0 0 0 0 0 0 0 0 0 0 0 0 0 0 0 0 0 0 0 0 0 0 0 0 0 0 0 0 0 0 0 0 0 0 0 0 0 0 0 0 0 0 0 0 0 data 11 0x10002 0x5d4 0x0 0x0 0x0 0x0 0x9 0x3 0x0 0x0 0x0 oops 0 methods 0
ciMethodData org/eclipse/jdt/internal/core/NameLookup seekModule ([CZLorg/eclipse/jdt/internal/core/IJavaElementRequestor;)V 2 150 orig 80 0 0 0 0 0 0 0 0 0 0 0 0 197 1 0 0 0 0 0 0 0 0 0 0 0 0 0 0 0 0 0 0 0 0 0 0 0 0 0 0 0 0 0 0 0 0 0 0 0 0 0 0 0 0 0 0 0 0 0 0 0 0 0 0 0 0 0 0 0 0 0 0 0 0 0 0 0 0 0 0 data 178 0x80007 0x96 0x30 0x0 0xb0002 0x0 0x110007 0x96 0xc0 0x0 0x180002 0x0 0x1b0007 0x0 0x58 0x0 0x1e000a 0x0 0x1 0x0 0x230003 0x0 0x70 0x26000a 0x0 0x1 0x0 0x2b0003 0x0 0x38 0x2e000a 0x96 0x1 0x1c55ce17648 0x3f0003 0x96 0x370 0x430005 0x0 0x0 0x1c556162880 0x1e78 0x0 0x0 0x480007 0x1e78 0x50 0x0 0x4e0007 0x0 0x30 0x0 0x560002 0x0 0x6f0004 0xfffffffffffffed4 0x0 0x1c5561c17c8 0x1d4c 0x1c555283270 0x2 0x720007 0x12c 0x100 0x1d4c 0x7a0005 0x0 0x0 0x1c5561c17c8 0x1d4c 0x0 0x0 0x7f0005 0x1d4c 0x0 0x0 0x0 0x0 0x0 0x830005 0x0 0x0 0x1c55ce17648 0x1d4c 0x0 0x0 0x880007 0x96 0x38 0x1cb6 0x8b0003 0x1cb6 0x1b0 0x9d0005 0x1c2 0x0 0x0 0x0 0x0 0x0 0xa1000a 0x1c2 0x3 0x0 0x1c555646df0 0x1c55ce176f8 0xa60002 0x1c2 0xad0007 0x12c 0x120 0x96 0xb50005 0x0 0x0 0x1c5561c1508 0x96 0x0 0x0 0xba0005 0x96 0x0 0x0 0x0 0x0 0x0 0xbe0005 0x0 0x0 0x1c55ce17648 0x96 0x0 0x0 0xc30007 0x0 0x58 0x96 0xc90005 0x0 0x0 0x1c556162880 0x96 0x0 0x0 0xd50007 0x1e78 0xfffffffffffffca8 0x96 0xd80003 0x96 0x48 0xe00007 0x0 0x30 0x0 0xe80002 0x0 0xf80007 0x96 0x30 0x0 0x1000002 0x0 0x0 0x0 0x0 0x0 0x0 0x0 0x0 0x0 0x0 0x9 0x4 0x0 0x0 0x0 0x0 oops 11 33  @bci org/eclipse/jdt/internal/core/NameLookup seekModule ([CZLorg/eclipse/jdt/internal/core/IJavaElementRequestor;)V 46 <appendix> argL0 ; 40 org/eclipse/jdt/internal/core/JavaElementRequestor 57 org/eclipse/jdt/internal/core/JrtPackageFragmentRoot 59 org/eclipse/jdt/internal/core/PackageFragmentRoot 68 org/eclipse/jdt/internal/core/JrtPackageFragmentRoot 82  @bci org/eclipse/jdt/internal/core/NameLookup seekModule ([CZLorg/eclipse/jdt/internal/core/IJavaElementRequestor;)V 46 <appendix> argL0 ; 104 java/util/HashMap 105  @bci org/eclipse/jdt/internal/core/NameLookup seekModule ([CZLorg/eclipse/jdt/internal/core/IJavaElementRequestor;)V 161 <appendix> member <vmtarget> ; 115 org/eclipse/jdt/internal/core/BinaryModule 129  @bci org/eclipse/jdt/internal/core/NameLookup seekModule ([CZLorg/eclipse/jdt/internal/core/IJavaElementRequestor;)V 46 <appendix> argL0 ; 140 org/eclipse/jdt/internal/core/JavaElementRequestor methods 0
ciMethodData org/eclipse/jdt/internal/compiler/lookup/ModuleBinding$UnNamedModule nameForLookup ()[C 1 255 orig 80 0 0 0 0 0 0 0 0 0 0 0 0 197 1 0 0 0 0 0 0 0 0 0 0 0 0 0 0 0 0 0 0 0 0 0 0 0 0 0 0 0 0 0 0 0 0 0 0 0 0 0 0 0 0 0 0 0 0 0 0 0 0 0 0 0 0 0 0 0 0 0 0 0 0 0 0 0 0 0 0 data 5 0x0 0x0 0x9 0x1 0x0 oops 0 methods 0
compile org/eclipse/jdt/internal/compiler/lookup/LookupEnvironment fromSplitPackageOrOracle (Lorg/eclipse/jdt/internal/compiler/env/IModuleAwareNameEnvironment;Lorg/eclipse/jdt/internal/compiler/lookup/ModuleBinding;Lorg/eclipse/jdt/internal/compiler/lookup/PackageBinding;[C)Lorg/eclipse/jdt/internal/compiler/env/NameEnvironmentAnswer; -1 4 inline 108 0 -1 0 org/eclipse/jdt/internal/compiler/lookup/LookupEnvironment fromSplitPackageOrOracle (Lorg/eclipse/jdt/internal/compiler/env/IModuleAwareNameEnvironment;Lorg/eclipse/jdt/internal/compiler/lookup/ModuleBinding;Lorg/eclipse/jdt/internal/compiler/lookup/PackageBinding;[C)Lorg/eclipse/jdt/internal/compiler/env/NameEnvironmentAnswer; 1 13 0 org/eclipse/jdt/internal/compiler/lookup/SplitPackageBinding getType0ForModule (Lorg/eclipse/jdt/internal/compiler/lookup/ModuleBinding;[C)Lorg/eclipse/jdt/internal/compiler/lookup/ReferenceBinding; 2 5 0 java/util/HashSet contains (Ljava/lang/Object;)Z 3 5 0 java/util/HashMap containsKey (Ljava/lang/Object;)Z 4 2 0 java/util/HashMap getNode (Ljava/lang/Object;)Ljava/util/HashMap$Node; 5 23 0 java/util/HashMap hash (Ljava/lang/Object;)I 5 63 0 java/lang/Object equals (Ljava/lang/Object;)Z 2 15 0 org/eclipse/jdt/internal/compiler/lookup/SplitPackageBinding getIncarnation (Lorg/eclipse/jdt/internal/compiler/lookup/ModuleBinding;)Lorg/eclipse/jdt/internal/compiler/lookup/PlainPackageBinding; 3 4 0 java/util/HashSet iterator ()Ljava/util/Iterator; 4 4 0 java/util/HashMap keySet ()Ljava/util/Set; 5 14 0 java/util/HashMap$KeySet <init> (Ljava/util/HashMap;)V 6 6 0 java/util/AbstractSet <init> ()V 7 1 0 java/util/AbstractCollection <init> ()V 8 1 0 java/lang/Object <init> ()V 4 4 0 java/util/LinkedHashMap keySet ()Ljava/util/Set; 5 1 0 java/util/LinkedHashMap sequencedKeySet ()Ljava/util/SequencedSet; 6 15 0 java/util/LinkedHashMap$LinkedKeySet <init> (Ljava/util/LinkedHashMap;Z)V 7 6 0 java/util/AbstractSet <init> ()V 8 1 0 java/util/AbstractCollection <init> ()V 9 1 0 java/lang/Object <init> ()V 4 7 0 java/util/HashMap$KeySet iterator ()Ljava/util/Iterator; 5 8 0 java/util/HashMap$KeyIterator <init> (Ljava/util/HashMap;)V 6 2 0 java/util/HashMap$HashIterator <init> (Ljava/util/HashMap;)V 7 6 0 java/lang/Object <init> ()V 4 7 0 java/util/LinkedHashMap$LinkedKeySet iterator ()Ljava/util/Iterator; 5 12 0 java/util/LinkedHashMap$LinkedKeyIterator <init> (Ljava/util/LinkedHashMap;Z)V 6 3 0 java/util/LinkedHashMap$LinkedHashIterator <init> (Ljava/util/LinkedHashMap;Z)V 7 6 0 java/lang/Object <init> ()V 3 34 0 java/util/LinkedHashMap$LinkedHashIterator hasNext ()Z 3 14 0 java/util/LinkedHashMap$LinkedKeyIterator next ()Ljava/lang/Object; 4 1 0 java/util/LinkedHashMap$LinkedHashIterator nextNode ()Ljava/util/LinkedHashMap$Entry; 4 4 0 java/util/HashMap$Node getKey ()Ljava/lang/Object; 2 19 0 org/eclipse/jdt/internal/compiler/lookup/PackageBinding getType0 ([C)Lorg/eclipse/jdt/internal/compiler/lookup/ReferenceBinding; 3 14 0 org/eclipse/jdt/internal/compiler/util/HashtableOfType get ([C)Lorg/eclipse/jdt/internal/compiler/lookup/ReferenceBinding; 4 7 0 org/eclipse/jdt/core/compiler/CharOperation hashCode ([C)I 5 1 0 java/util/Arrays hashCode ([C)I 4 31 0 org/eclipse/jdt/core/compiler/CharOperation equals ([C[C)Z 1 25 0 org/eclipse/jdt/internal/compiler/lookup/Binding isValidBinding ()Z 1 56 0 org/eclipse/jdt/internal/compiler/lookup/Binding isValidBinding ()Z 1 69 0 org/eclipse/jdt/internal/compiler/env/NameEnvironmentAnswer <init> (Lorg/eclipse/jdt/internal/compiler/lookup/ReferenceBinding;Lorg/eclipse/jdt/internal/compiler/lookup/ModuleBinding;)V 2 1 0 java/lang/Object <init> ()V 1 80 0 org/eclipse/jdt/internal/compiler/lookup/ModuleBinding nameForLookup ()[C 1 80 0 org/eclipse/jdt/internal/compiler/lookup/ModuleBinding$UnNamedModule nameForLookup ()[C 1 83 0 org/eclipse/jdt/internal/core/SearchableEnvironment findType ([C[[C[C)Lorg/eclipse/jdt/internal/compiler/env/NameEnvironmentAnswer; 2 7 0 org/eclipse/jdt/internal/compiler/env/IModuleAwareNameEnvironment$LookupStrategy get ([C)Lorg/eclipse/jdt/internal/compiler/env/IModuleAwareNameEnvironment$LookupStrategy; 2 30 0 org/eclipse/jdt/internal/core/SearchableEnvironment findModuleContext ([C)[Lorg/eclipse/jdt/core/IPackageFragmentRoot; 3 23 0 java/lang/String valueOf ([C)Ljava/lang/String; 4 5 0 java/lang/String <init> ([C)V 5 6 0 java/lang/String <init> ([CIILjava/lang/Void;)V 6 1 0 java/lang/Object <init> ()V 6 36 0 java/lang/StringUTF16 compress ([CII)[B 6 45 0 java/lang/StringUTF16 coderFromArrayLen ([BI)B 3 26 0 java/util/HashMap get (Ljava/lang/Object;)Ljava/lang/Object; 4 2 0 java/util/HashMap getNode (Ljava/lang/Object;)Ljava/util/HashMap$Node; 5 23 0 java/util/HashMap hash (Ljava/lang/Object;)I 6 9 0 java/lang/String hashCode ()I 7 17 0 java/lang/String isLatin1 ()Z 3 56 0 org/eclipse/jdt/internal/core/JavaElement getJavaProject ()Lorg/eclipse/jdt/core/IJavaProject; 4 1 0 org/eclipse/jdt/internal/core/JavaElement getJavaProject ()Lorg/eclipse/jdt/internal/core/JavaProject; 3 61 0 org/eclipse/jdt/internal/core/JavaProject getProject ()Lorg/eclipse/core/resources/IProject; 3 72 0 org/eclipse/jdt/internal/core/JavaElement getParent ()Lorg/eclipse/jdt/core/IJavaElement; 4 1 0 org/eclipse/jdt/internal/core/JavaElement getParent ()Lorg/eclipse/jdt/internal/core/JavaElement; 3 180 0 org/eclipse/jdt/internal/core/JavaElement getParent ()Lorg/eclipse/jdt/core/IJavaElement; 4 1 0 org/eclipse/jdt/internal/core/JavaElement getParent ()Lorg/eclipse/jdt/internal/core/JavaElement; 3 194 0 org/eclipse/jdt/internal/core/JarPackageFragmentRoot getUnderlyingResource ()Lorg/eclipse/core/resources/IResource; 3 117 0 org/eclipse/jdt/internal/core/JarPackageFragmentRoot isExternal ()Z 4 1 0 org/eclipse/jdt/internal/core/PackageFragmentRoot resource ()Lorg/eclipse/core/resources/IResource; 5 13 0 org/eclipse/jdt/internal/core/Openable resource ()Lorg/eclipse/core/resources/IResource; 6 1 0 org/eclipse/jdt/internal/core/Openable getPackageFragmentRoot ()Lorg/eclipse/jdt/internal/core/PackageFragmentRoot; 7 2 0 org/eclipse/jdt/internal/core/JavaElement getAncestor (I)Lorg/eclipse/jdt/core/IJavaElement; 8 18 0 org/eclipse/jdt/internal/core/JavaElement getParent ()Lorg/eclipse/jdt/core/IJavaElement; 9 1 0 org/eclipse/jdt/internal/core/JavaElement getParent ()Lorg/eclipse/jdt/internal/core/JavaElement; 6 10 0 org/eclipse/jdt/internal/core/JarPackageFragmentRoot isArchive ()Z 6 10 0 org/eclipse/jdt/internal/core/PackageFragmentRoot isArchive ()Z 6 18 0 org/eclipse/jdt/internal/core/JarPackageFragmentRoot resource (Lorg/eclipse/jdt/internal/core/PackageFragmentRoot;)Lorg/eclipse/core/resources/IResource; 6 24 0 org/eclipse/jdt/internal/core/JarPackageFragmentRoot resource (Lorg/eclipse/jdt/internal/core/PackageFragmentRoot;)Lorg/eclipse/core/resources/IResource; 3 292 0 java/lang/String valueOf ([C)Ljava/lang/String; 4 5 0 java/lang/String <init> ([C)V 5 6 0 java/lang/String <init> ([CIILjava/lang/Void;)V 6 1 0 java/lang/Object <init> ()V 6 36 0 java/lang/StringUTF16 compress ([CII)[B 6 45 0 java/lang/StringUTF16 coderFromArrayLen ([BI)B 3 296 0 java/util/HashMap put (Ljava/lang/Object;Ljava/lang/Object;)Ljava/lang/Object; 4 2 0 java/util/HashMap hash (Ljava/lang/Object;)I 5 9 0 java/lang/String hashCode ()I 6 17 0 java/lang/String isLatin1 ()Z 4 9 0 java/util/HashMap putVal (ILjava/lang/Object;Ljava/lang/Object;ZZ)Ljava/lang/Object; 5 56 0 java/util/HashMap newNode (ILjava/lang/Object;Ljava/lang/Object;Ljava/util/HashMap$Node;)Ljava/util/HashMap$Node; 6 9 0 java/util/HashMap$Node <init> (ILjava/lang/Object;Ljava/lang/Object;Ljava/util/HashMap$Node;)V 7 1 0 java/lang/Object <init> ()V 5 152 0 java/util/HashMap newNode (ILjava/lang/Object;Ljava/lang/Object;Ljava/util/HashMap$Node;)Ljava/util/HashMap$Node; 6 9 0 java/util/HashMap$Node <init> (ILjava/lang/Object;Ljava/lang/Object;Ljava/util/HashMap$Node;)V 7 1 0 java/lang/Object <init> ()V 5 253 0 java/util/HashMap afterNodeAccess (Ljava/util/HashMap$Node;)V 5 295 0 java/util/HashMap afterNodeInsertion (Z)V 2 41 0 org/eclipse/jdt/internal/core/util/DeduplicationUtil toString ([C)Ljava/lang/String; 3 14 0 java/lang/String <init> ([C)V 4 6 0 java/lang/String <init> ([CIILjava/lang/Void;)V 5 1 0 java/lang/Object <init> ()V 5 36 0 java/lang/StringUTF16 compress ([CII)[B 5 45 0 java/lang/StringUTF16 coderFromArrayLen ([BI)B 2 58 0 org/eclipse/jdt/core/compiler/CharOperation toString ([[C)Ljava/lang/String; 3 3 0 org/eclipse/jdt/core/compiler/CharOperation concatWith ([[CC)[C 3 12 0 java/lang/String <init> ([C)V 4 6 0 java/lang/String <init> ([CIILjava/lang/Void;)V 5 1 0 java/lang/Object <init> ()V 5 36 0 java/lang/StringUTF16 compress ([CII)[B 5 45 0 java/lang/StringUTF16 coderFromArrayLen ([BI)B
